't	t
a	aː
aachtel	aː χ t e l
aadler	aː d l ɐ
aalbes	aː l b e s
aangel	aː ŋ e l
aarbecht	aː r b e χ t
aarbechter	aː r b e χ t e r
aarbechterfamill	aː r b e χ t e r f ɑ m i l
aarbechterin	aː r b e χ t e r i n
aarbechterklass	aː r b e χ t e r k l ɑ s
aarbechtsaccident	aː r b e χ t s ɑ k s i d æ n t
aarbechtsalldag	aː r b e χ t s ɑ l d aː χ
aarbechtsbedéngungen	aː r b e χ t s b ə d e ŋ u ŋ ə n
aarbechtsblat	aː r b e χ t s b l aː t
aarbechtsdag	aː r b e χ t s d aː χ
aarbechtsdokter	aː r b e χ t s d o k t ɐ
aarbechtsdoktesch	aː r b e χ t s d o k t ə ʃ
aarbechtserlabnes	aː r b e χ t s e r l aː b n e s
aarm	aː r m
aarmut	aː m u t
aart	aː r t
aasch	aː ʃ
aaschbak	aː ʃ b aː k
aascht	aː ʃ t
aaxt	aː k s t
aaxten	aː k s t ə n
aband	aː b ɑ n t
absurditéit	ɑ p z u ʀ d i t ə ɪ̯ t
abt	ɑ p t
abänn	aː b æ n
adler	aː d l e r
aen	aː e n
af	aː f
afennoss	aː f e n n o s
agäng	aː ɡ æ n ɡ
ahorn	ʔ aː h ɔ ʁ n
aker	aː k e ʀ
alg	ɑ l k
alphabet	ɑ l f ɑ b eː t
alstad	aː l ʃ t aː t
alzem	a l t s e m
ambulanz	ɑ m b u l ɑ n t͡s
ament	a m æ n t
ananas	a n a n a s
anchois	ã ʃ v aː
andeelung	a n d eː l u ŋ
angscht	a ŋ ʃ t
animatioun	a n i m a s j e u̯ n
antigel	a n t i ʒ æ l
apdikt	a p d i k t
apel	aː p e l
apelbatz	aː p e l b a t s
aper	aː p e ʀ
aperhoer	aː p e ʀ h o e ʀ
apostroph	a p o s t ʀ o f
appell	a p æ l
aprikos	a p ʀ i k oː s
ar	aː ʀ
arithmetik	a ʀ i t m eː t i k
arroganz	a ʀ o ɡ a n s
arterie	ɑ ʀ t eː ʀ i ə
ass	ɑ s
assurance	a s y ʀ ã s
astrologie	a s t ʀ o l o ʒ i
atelier	ɑ t ə l j eː
aubergine	o b e r ʒ i n
auteur	oː t øː e ʀ
aviatioun	a v j a s j e u̯ n
avion	a v j õ
awanderung	a v a n d e ʀ u ŋ
awar	a v aː
awunner	a v u n e ʀ
baachfrell	b aː χ f ʀ æ l
baachnénga	b aː χ n e ŋ aː
baarf	b aː f
baarmhäerzegkeet	b aː m h eː ʀ t s e χ k eː t
baart	b aː t
baatsch	b aː t ʃ
bad	b aː t
badminton	b æ t m i n t e n
bak	b aː k
bal	b aː l
ball	b a l
bam	b aː m
bampiipsert	b aː m p iː p s e ʀ t
band	b a n t
bandscheif	b a n t ʃ a i̯ f
bankrott	b a ŋ k ʀ o t
bann	b a n
bascht	b a ʃ t
basketball	b aː s k e t b a l
bass	b a s
batteralzem	b ɑ t ə ʀ ɑ l t͡s ə m
batz	b a t s
beamten	b e a m t e n
becher	b æ χ e ʀ
bedeelegung	b e d eː l e ʁ u ŋ
bedeitung	b e d a i̯ t u ŋ
bedruch	b e d ʀ u χ
beel	b eː l
been	b eː n
bees	b eː s
begierlechkeet	b e ɡ iː ʀ l e χ k eː t
begrëff	b e ɡ ʀ e f
behandlung	b ə h ɑ n d l u ŋ
behälter	b e h æ l t e ʀ
bekassinn	b e k a s i n
belsch	b æ l ʃ
belschen	b æ l ʃ e n
bemierkung	b e m i e̯ k u ŋ
bensin	b æ n z iː n
beruff	b e ʀ u f
beréierung	b e ʀ e i̯ ʀ u ŋ
besserung	b æ s e ʀ u ŋ
bestanddeel	b e ʃ t a n d eː l
bestiechung	b ə ʃ t i ə̯ ɕ u ŋ
besuch	b e z u χ
betounung	b ə t ə ʊ n u ŋ
betrag	b ə t ʀ aː χ
beträg	b ə t ʀ ɛː ɕ
bett	b æ t
bettseechesch	b æ t z eː χ e ʃ
bevëlkerung	b e f e l k e ʀ u ŋ
bewonnerung	b e v o n e ʀ u ŋ
bewäis	b e v æ i̯ s
bezeechnung	b e t s eː χ n u ŋ
bezuch	b e t s u χ
bibel	b i b e l
bibliothecaire	b i b l j o t e k ɛː ʁ
bic	b i k
bich	b i χ
bichelchen	b i χ e l χ e n
bichenholz	b i ɕ ə n h o l t͡s
bicherbuttek	b i χ e ʀ b u t e k
bicherwuerm	b i χ e ʀ v u e̯ m
bidden	b i d e n
bidet	b i d e
bier	b iː r
bierg	b i ə̯ χ
bierger	b i e̯ ʁ e r
bifdeck	b i f d æ k
bigel	b i ʁ e l
bijoutier	b i ʒ u t j e
bild	b i l t
bildschierm	b i l t ʃ i e̯ m
billard	b i j aː
bindestréch	b i n d e ʃ t ʀ e χ
bing	b i ŋ
biologie	b i o l o ʒ i
blat	b l aː t
blatlaus	b l aː t l æ u̯ s
blatz	b l a t s
blessur	b l æ s yː ʀ
blietchen	b l i e̯ t χ e n
blobrëschtchen	b l oː b ʁ e ʃ t χ e n
bloder	b l oː d e r
blomees	b l oː m eː s
blos	b l oː s
blumm	b l u m
blus	b l uː s
blutt	b l u t
bluttanalys	b l u t a n a l iː s
bluttdrock	b l u t d ʀ o k
bläi	b l æ i̯
bläistëft	b l æ i̯ ʃ t e f t
bléck	b l e k
bléi	b l e i̯
blëtz	b l e t s
bock	b o k
boll	b o l
boma	b oː m a
bomm	b o m
bommel	b o m e l
bond	b o n t
bong	b o ŋ
botanik	b o t aː n i k
bott	b o t
botte	b o t
bottel	b o t e l
botter	b o t e ʀ
bottermëllech	b o t e ʀ m e l e χ
bou	b e u̯
bouf	b e u̯ f
bougie	b u ʒ i
bouillon	b u j õ
boulette	b u l æ t
boun	b e u̯ n
bouneschlupp	b e u̯ n e ʃ l u p
bourse	b u ʀ s
bouss	b e u̯ s
box	b o k s
brach	b ʀ a χ
brak	b ʀ aː k
branntewäin	b r a n t e v æ i̯ n
braut	b r æ u̯ t
brautrank	b ʀ æ u̯ t ʀ a ŋ k
bremsspur	b ʀ æ m s ʃ p uː ʀ
brennes	b ʀ æ n e s
bretzel	b ʀ æ t s e l
bridder	b ʀ i d e ʀ
briecheisen	b r i e̯ χ a i̯ z e n
brigang	b ʀ i ɡ a ŋ
broch	b ʀ o χ
bromee	b ʀ o m eː
brongbrëschtchen	b ʀ o ŋ b ʀ e ʃ t χ e n
brooch	b ʀ oː χ
brosch	b ʀ o ʃ
broscht	b ʀ o ʃ t
brot	b ʀ oː t
brout	b r e u̯ t
brudder	b ʀ u d e ʀ
bräi	b ʀ æ i̯
bräit	b r æ i̯ t
bränn	b r æ n
bréch	b ʀ e χ
bréck	b r e k
bréif	b ʀ e i̯ f
bréifdréier	b ʁ ɜ ɪ̯ v d ʁ ɜ ɪ̯ ɐ
bréifkëscht	b ʀ e i̯ f k e ʃ t
bréissel	b r e i̯ s e l
brëll	b r e l
brëscht	b ʀ ə ʃ t
brëtsch	b ʀ e t ʃ
buch	b u χ
buedduch	b u e̯ t d u χ
buedem	b u e̯ d e m
buedzëmmer	b u e̯ t s e m e ʀ
buer	b uː r
buerg	b u e̯ χ
buergermeeschter	b u e̯ ʁ e r m eː ʃ t e r
buet	b u e̯ t
bugger	b u ɡ e ʀ
bull	b u l
bulli	b u l i
bunn	b u n
bus	b u s
buschauffeur	b uː s ʃ oː f ɐ
buschtaf	b u ʃ t aː f
busgare	b u s ɡ aː
buttek	b u t e k
bäcker	b æ k e ʀ
bäckeschdosen	b æ k e ʃ d o z e n
bäileed	b æ i̯ l eː t
bäll	b æ l
béchs	b e k s
béi	b e i̯
béifchen	b e i̯ f χ e n
bëbee	b e b eː
bësch	b e ʃ
bëschof	b e ʃ o f
bëss	b e s
bëtong	b e t o ŋ
cabillaud	k a b i j o
cale	k a l
capellen	k ɑ p æ l ə n
capot	k a p o
case	k aː s
chamber	ʃ ã b e r
champignon	ʃ ã p i n j õ
chancëgläichheet	ʃ ã s e ɡ l æ i̯ ɕ h eː t
chantage	ʃ ã t aː ʃ
charakter	k a ʀ a k t e ʀ
chauffer	ʃ oː f e r
chauffersflucht	ʃ oː f e ʀ s f l u χ t
chauffeur	ʃ oː f ø r
chef	ʃ æ f
chimie	ʃ i m i
chlor	k l oː r
choix	ʃ v a
choufleur	ʃ uː f l øː e ʀ
christus	k ʀ i s t u s
chrëschtdag	k ʀ e ʃ t d aː χ
chrëschtentum	k ʀ e ʃ t e n t uː m
chômage	ʃ oː m aː ʃ
collaboratioun	k o l a b o ʀ a s j e u̯ n
comptoir	k õ t v aː
computer	k o m p j uː t e ʀ
constitutioun	k o n s t i t u s j e u̯ n
cours	k uː r
coursen	k uː r e n
cricket	k ʀ i k e t
da	d a
daach	d aː χ
daachliicht	d aː χ l iː χ t
daachzill	d aː χ t͡s i l
daarm	d aː m
dachs	d a k s
daf	d aː f
dafheet	d aː f eː t
dag	d aː χ
daimchen	d a i̯ m χ e n
damm	d a m
damp	d a m p
danz	d a n s
dapp	d a p
dar	d aː
dattel	d a t e l
datz	d a t s
dauer	d a u̯ e ʀ
deckel	d æ k e l
deckelsmouk	d æ k e l s m e u̯ k
decken	d æ k e n
dekorateur	d e k o ʁ ɑ t øː ɐ̯
denn	d æ n
dezember	d e t s æ m b e ʀ
diamant	d i a m a n t
dicher	d i ɕ ɐ
dichter	d i χ t e ʀ
dictionnaire	d i k s j o n eː r
dictionnairen	d i k s j o n eː r e n
diddeleng	d i d e l e ŋ
dierfer	d i e̯ f e r
digel	d i ʁ e l
dikrech	d i k ʀ e χ
dill	d i l
dimmer	d i m e r
dir	d iː r
distanz	d i s t ɑ n t͡s
diwwi	d i v i
doft	d o f t
doheem	d o h eː m
dokter	d o k t e ʀ
dolmetscher	d o l m æ t͡ʃ ɐ
doloun	d oː l e u̯ n
doléiner	d oː l e i̯ n e r
dommheet	d o m eː t
donkelheet	d o ŋ k e l eː t
donner	d o n e r
donst	d o n s t
dosen	d o z e n
dossier	d o s j eː
dot	d oː t
dott	d o t
doud	d e u̯ t
doudegriewer	d ə ʊ̯ d ə ɡ ʁ i ə̯ v ɐ
doudekapp	d e u̯ d e k a p
doudesaffer	d e u̯ d e s a f e r
doudewon	d e u̯ d e v oː n
doum	d e u̯ m
draach	d ʀ aː χ
dram	d ʀ aː m
drauf	d r a u̯ f
drauwejus	d ʀ a u̯ v e ʒ y
dreck	d ʀ æ k
dreschmaschinn	d ʁ æ ʃ m ɑ ʃ i n
drill	d ʀ i l
drilling	d ʀ i l i ŋ
drog	d ʀ oː k
droit	d ʀ v a
drot	d ʀ oː t
dräieck	d r æ i̯ æ k
dräikinneksdag	d ʀ æ i̯ k i n e k s d aː χ
dräisprong	d ʀ æ i̯ ʃ p ʀ o ŋ
dränk	d ʀ æ ŋ k
dréchent	d ʀ e χ e n t
drécker	d ʀ e k e ʀ
dréi	d ʀ e i̯
dréibänk	d ʀ e i̯ b æ ŋ k
dréischel	d ʀ e i̯ ʃ e l
dréit	d ʀ e i̯ t
drëpp	d ʀ ə p
drëps	d ʀ e p s
drüs	d ʁ yː s
duch	d u χ
duddelsak	d u d e l z aː k
duechter	d u e̯ χ t e ʀ
dueder	d u e̯ d e ʀ
duercherneen	d u e̯ χ e ʀ n eː n
duerchmiesser	d u ə̯ ɕ m i ə̯ s ɐ
duerf	d u e̯ f
dugend	d u ʁ e n t
dunn	d u n
dusch	d u ʃ
duuscht	d uː ʃ t
dystopie	d i s t o p iː
däich	d æ i̯ χ
däischtert	d æ i̯ ʃ t e ʀ t
däitsch	d æ i̯ t ʃ
däitschen	d æ i̯ t ʃ e n
däitschland	d æ i̯ t ʃ l a n t
däiwel	d æ i̯ v e l
dänemark	d æː n e m a ʀ k
dänn	d æ n
dännemees	d æ n e m eː s
däreldéier	d eː ʀ e l d e i̯ e ʀ
déckt	d e k t
déier	d e i̯ e ʀ
déif	d e i̯ f
déifferdeng	d e i̯ f e ʀ d e ŋ
déift	d e i̯ f t
déngen	d e ŋ e n
dénger	d e ŋ e ʀ
déngscht	d e ŋ ʃ t
dëll	d e l
dëlpes	d ə l p e s
dësch	d e ʃ
dëschelduch	d e ʃ e l d u χ
dëschtennis	d e ʃ t æ n i s
e	e
eck	æ k
eckzant	æ k t s a n t
educatioun	eː d y k a s j e u̯ n
ee	eː
eech	eː χ
eechel	eː χ e l
eed	eː t
eedem	eː d e m
eedemen	eː d e m e n
eefeu	eː f ɔ ɪ
eegennumm	eː ʁ e n n u m
eegiel	eː ɡ i e̯ l
eemer	eː m e ʀ
eenhar	eː n h aː
eesch	eː ʃ
eescht	eː ʃ t
eess	eː s
eewäiss	eː v æ i̯ s
eeër	eː e r
eeërschuel	e e ʀ ʃ u e̯ l
eeërstack	e e ʀ ʃ t a k
ekipp	eː k i p
elaboratioun	eː l a b o ʀ a s j e u̯ n
elch	æ l χ
elefant	e l e f a n t
elektriker	e l æ k t ʁ i k ɐ
elfebeen	æ l f e b eː n
els	æ l s
elteren	æ l t e ʀ e n
elterenhaus	æ l t e ʀ e n h æ u̯ s
email	e m a i̯
emissioun	e m i s j e u̯ n
england	æ ŋ l a n t
englesch	æ ŋ l e ʃ
englänner	æ ŋ l æ n e ʀ
enkel	æ ŋ k e l
enkelin	æ ŋ k e l i n
enn	æ n
entschloss	æ n t ʃ l o s
entwécklung	æ n t v e k l u ŋ
entwécklungshëllef	æ n t v e k l u ŋ s h ə l ə f
enveloppe	ã v e l o p
epicier	e p i s j eː
epidemie	e p i d e m iː
epidemiolog	e p i d e m i o l oː k
epidemiologie	e p i d e m i o l o ɡ iː
erbaarmen	e ʀ b aː m e n
erfolleg	e r f o l e χ
erfolleger	e r f o l e ʁ e r
erzéiung	e ʀ t s e i̯ u ŋ
erëffnung	e ʀ e f n u ŋ
erënnerung	e ʀ e n e ʀ u ŋ
esseg	æ s e χ
estland	æ s t l a n t
etapp	e t a p
ettelbréck	æ t e l b r e k
etude	eː t y t
exploitatioun	æ k s p l v a t a s j e u̯ n
faarf	f aː r f
faart	f aː t
faaschtenzäit	f aː ʃ t e n t s æ i̯ t
faass	f aː s
fach	f a χ
fahrlehrer	f aː ʀ l eː ʀ e ʀ
fakel	f aː k e l
fal	f aː l
fall	f a l
fallek	f a l e k
famill	f a m i l
fanger	f a ŋ e ʀ
fangernol	f a ŋ e ʀ n oː l
fangerspëtz	f a ŋ e ʀ ʃ p e t s
far	f aː
fascht	f a ʃ t
fassad	f a s aː t
faszinatioun	f a s t s i n a s j e u̯ n
fatz	f a t s
fauscht	f æ u̯ ʃ t
fee	f eː
feeler	f eː l e ʀ
feierblumm	f a i̯ e ʀ b l u m
feierdag	f a i̯ e ʀ d aː χ
feigling	f ɑ ɪ̯ ʑ l i ŋ
feil	f a i̯ l
feind	f a i̯ n t
feld	f æ l t
feldhong	f æ l t h o ŋ
fenneg	f æ n e χ
feuter	f øː t e ʀ
fichier	f i ʃ j e
fieder	f i e̯ d e r
fiederball	f i e̯ d e ʀ b a l
fiels	f i e̯ l s
fierkel	f i e̯ k e l
fierschter	f i e̯ ʀ ʃ t e ʀ
fies	f i e̯ s
fiffi	f i f i
figur	f i ɡ uː ʀ
fiicht	f iː χ t
fiichtegkeet	f iː χ t e χ k eː t
fiischt	f iː ʃ t
fils	f i s
filssen	f i s e n
filz	f i l s
filzstëft	f i l s ʃ t e f t
finn	f i n
fisemreen	f i z e m ʀ eː n
fitteng	f i t æ ŋ
fixfeier	f i k s f a i̯ e ʀ
fixspoun	f i k s ʃ p e u̯ n
fixspéin	f i k s ʃ p ɜ ɪ̯ n
flack	f l a k
flam	f l aː m
flanell	f l a n æ l
flank	f l a ŋ k
flapp	f l a p
fleck	f l æ k
fleegeheem	f l eː ʁ e h eː m
fleel	f l eː l
fleesch	f l eː ʃ
flic	f l i k
flich	f l i ɕ
flicht	f l i χ t
fliedermaus	f l i e̯ d e ʀ m æ u̯ s
fligel	f l i ʁ e l
fliger	f l iː ʁ e ʀ
fliicht	f l iː χ t
flillek	f l i l e k
flom	f l oː m
floss	f l o s
flott	f l o t
flouer	f l e u̯ e ʀ
flouernumm	f l e u̯ e ʀ n u m
floumaart	f l e u̯ m aː t
fluch	f l u χ
fluchfeld	f l u χ f æ l t
fluchgesellschaft	f l u χ ɡ ə z æ l ʃ a f t
flued	f l u e̯ t
fluess	f l u e̯ s
fluesssom	f l u e̯ s z oː m
fläch	f l æ χ
flächen	f l æ ɕ ə n
fläiss	f l æ i̯ s
fläsch	f l æ ʃ
fléck	f l e k
fléimouk	f l e i̯ m e u̯ k
fléiwel	f l e ɪ̯ v ə l
flënt	f l e n t
flëss	f l ə s
folleg	f o l e χ
fong	f o ŋ
fonk	f o ŋ k
force	f o ʀ s
forchette	f o r ʃ æ t
forschett	f o r ʃ æ t
fotell	f oː t æ l
fou	f e u̯
fouss	f o u̯ s
foussbäll	f ə ʊ̯ z b æ l
foussgänger	f e u̯ s ɡ æ ŋ e ʀ
foussnout	f e u̯ s n e u̯ t
fousssuel	f e u̯ s z u e̯ l
fra	f r aː
frachtschëff	f ʀ a χ t ʃ e f
frack	f r a k
frang	f ʀ ɑ ŋ
frankräich	f ʀ a ŋ k ʀ æ i̯ χ
frascht	f ʀ a ʃ t
frechheet	f ʀ æ χ eː t
freed	f ʀ eː t
frell	f ʀ æ l
fridden	f ʀ i d e n
fritt	f ʀ i t
fritten	f ʀ i t e n
fro	f ʀ o
frooss	f ʀ oː s
frust	f ʀ u s t
fruucht	f ʀ uː χ t
fräsch	f r æ ʃ
fréijoer	f r e i̯ j oː e r
frënd	f ʀ e n t
fudder	f u d e ʀ
fuedem	f u e̯ d e m
fuererflucht	f uː ʀ e ʀ f l u χ t
fuerplang	f uː ʀ p l a ŋ
fuerz	f u e̯ t s
fuite	f v i t
fuuss	f uː s
fächer	f æ χ e r
fäil	f æ i̯ l
fäischt	f æ i̯ ʃ t
fändel	f æ n d e l
féiss	f e i̯ s
féiwer	f e i̯ v e r
fënnefeck	f e n e f æ k
fënnefecker	f e n e f æ k e r
fësch	f e ʃ
fëscher	f e ʃ e ʀ
gaalgen	ɡ aː l ʁ e n
gaardeboun	ɡ aː d e b e u̯ n
gaarf	ɡ aː f
gaascht	ɡ aː ʃ t
gaass	ɡ aː s
gafel	ɡ aː f e l
gal	ɡ aː l
gamm	ɡ a m
gang	ɡ a ŋ
gank	ɡ a ŋ k
gar	ɡ aː r
gare	ɡ aː r
gas	ɡ aː s
gebai	ɡ e b a i̯
gebeess	ɡ e b eː s
gebiet	ɡ e b i e̯ t
gebitt	ɡ e b i t
gebot	ɡ e b oː t
geck	ɡ æ k
gedanken	ɡ e d a ŋ k e n
gediechtnes	ɡ e d i e̯ χ t n e s
gedold	ɡ e d o l t
geescht	ɡ eː ʃ t
geeschter	ɡ eː ʃ t e ʀ
geeschtlechen	ɡ eː ʃ t l e χ e n
geeschtlechkeet	ɡ eː ʃ t l e χ k eː t
geess	ɡ eː s
geessebock	ɡ eː s e b o k
gefaach	ɡ e f aː χ
gefier	ɡ e f iː ʀ
gefill	ɡ e f i l
gefisems	ɡ e f i z e m s
gefor	ɡ e f oː r
gefäll	ɡ e f æ l
gehacktes	ɡ e h a k t e s
geheechnes	ɡ e h eː χ n e s
geheimnis	ɡ e h a i̯ m n i s
gehier	ɡ e h iː r
gei	ɡ a i̯
geld	ɡ æ l t
gellecht	ɡ æ l e χ t
gelänner	ɡ ə l æ n ɐ
gemeng	ɡ e m æ ŋ
gemitt	ɡ e m i t
geméis	ɡ e m e i̯ s
genereel	ʒ e n e ʀ eː l
generol	ʒ e n e ʀ oː l
genie	ʒ e n i
genoss	ɡ e n o s
gepëspers	ɡ e p e s p e ʀ s
gerechtegkeet	ɡ e ʀ æ χ t e χ k eː t
geriicht	ɡ e ʀ iː χ t
geräisch	ɡ e ʀ æ i̯ ʃ
geräischer	ɡ e ʀ æ i̯ ʃ e ʀ
gerücht	ɡ e r y χ t
gerüchter	ɡ e r y χ t e r
geschenk	ɡ ə ʃ æ ŋ k
geschlechtsverkéier	ɡ e ʃ l æ χ t s f e ʀ k e i̯ e ʀ
geschmaach	ɡ e ʃ m aː χ
geschäft	ɡ ə ʃ æ f t
gesell	ɡ e z æ l
gesetz	ɡ e z æ t s
gesiicht	ɡ e z iː χ t
gespier	ɡ ə ʃ p iː ʀ
gespréich	ɡ e ʃ p ʀ e i̯ χ
gestraich	ɡ e ʃ t ʀ a i̯ χ
gestreits	ɡ e ʃ t ʀ a i̯ t s
gewierz	ɡ e v i e̯ t s
gewiicht	ɡ e v iː χ t
gewunnecht	ɡ e v u n e χ t
gewënn	ɡ e v e n
gewëssen	ɡ e v e s e n
gezei	ɡ e t s a i̯
giedel	ɡ i e̯ d e l
gierwer	ɡ i e̯ ʀ v e ʀ
gierwerei	ɡ i e̯ v e ʀ a i̯
gif	ɡ iː f
giicht	ɡ iː χ t
gipser	ɡ i p s ɐ
giraff	ʒ i ʀ a f
gitt	ɡ i t
gittar	ɡ i t aː ʀ
glace	ɡ l a s
glaf	ɡ l aː f
glanz	ɡ l a n s
glas	ɡ l aː s
glasbléiser	ɡ l aː z b l ɜ ɪ̯ z ɐ
glatz	ɡ l a t s
glawen	ɡ l aː v e n
glidd	ɡ l i t
glous	ɡ l e u̯ s
gléck	ɡ l e k
glëtsch	ɡ l e t ʃ
glëtz	ɡ l e t s
gnod	ɡ n oː t
gof	ɡ oː f
gol	ɡ oː l
gold	ɡ o l t
goldfësch	ɡ o l t f e ʃ
golf	ɡ o l f
gomm	ɡ o m
gonscht	ɡ o n ʃ t
goss	ɡ o s
gott	ɡ o t
goût	ɡ u
graf	ɡ ʀ aː f
grafschrëft	ɡ ʀ aː f ʃ ʀ e f t
grafsteen	ɡ ʀ aː f ʃ t eː n
gramm	ɡ ʀ a m
granat	ɡ ʀ a n aː t
granatapel	ɡ ʀ a n aː t aː p ə l
grand	ɡ ʀ a n t
grapp	ɡ ʀ a p
gras	ɡ ʀ aː s
graskaarp	ɡ ʀ aː s k aː p
gravitatioun	ɡ ʀ a v i t a s j e u̯ n
gravitéit	ɡ ʀ a v i t e i̯ t
greef	ɡ ʀ eː f
grenz	ɡ ʁ æ n t͡s
griicheland	ɡ ʀ iː χ e l a n t
griichesch	ɡ ʀ iː χ e ʃ
grill	ɡ ʀ i l
grimmel	ɡ ʀ i m e l
gripp	ɡ ʀ i p
grof	ɡ ʀ oː f
gromees	ɡ ʀ oː m eː s
gromper	ɡ ʀ o m p e ʀ
gromperenzalot	ɡ ʀ o m p ə ʀ ə n t s ɑ l oː t
gromperenzopp	ɡ ʀ o m p ə ʀ ə n t s o p
grompereschiel	ɡ ʀ o m p ə ʀ ə ʃ i ə l
grond	ɡ ʀ o n t
grondel	ɡ ʀ o n d e l
grott	ɡ ʀ o t
grouf	ɡ ʀ e u̯ f
grouss	ɡ ʀ e u̯ s
groussherzogtum	ɡ ʀ ə u s h ɛ ʀ t s oː χ t u m
groussmamm	ɡ ʀ e u̯ s m a m
grousspapp	ɡ ʀ e u̯ s p a p
gruef	ɡ r u e̯ f
grupp	ɡ ʀ u p
gréif	ɡ ʀ e i̯ f
gréiwemaacher	ɡ ʀ e i̯ v e m aː χ e ʀ
grënner	ɡ ʀ e n e ʀ
grëtz	ɡ ʀ e t s
guckuck	ɡ u k u k
gued	ɡ u e̯ t
gumm	ɡ u m
gutt	ɡ u t
gäertner	ɡ eː ʀ t n e ʀ
gäipmännchen	ɡ æ i̯ p m æ n χ e n
gäissel	ɡ æ i̯ s ə l
gäiz	ɡ æ i̯ t s
gäng	ɡ æ ŋ
gäns	ɡ æ n s
gänsen	ɡ æ n z ə n
gäscht	ɡ æ ʃ t
gässen	ɡ æ s e n
géigend	ɡ e i̯ ʁ e n t
géigner	ɡ e i̯ χ n e ʀ
gëft	ɡ e f t
gëtter	ɡ e t e r
haaptfach	h aː p t f a χ
haaptsaach	h aː p t z aː χ
haaptstad	h aː p t ʃ t aː t
haarz	h aː t s
haass	h aː s
hackernoss	h a k e ʀ n o s
haff	h a f
haifësch	h a i̯ f e ʃ
haiser	h a i̯ z e r
hait	h a i̯ t
hal	h aː l
hall	h a l
hallefnuecht	h a l e f n u e̯ χ t
hallem	h a l e m
hals	h a l s
halschent	h a l ʃ e n t
ham	h aː m
hammel	h ɑ m ə l
hamster	h a m s t e ʀ
hand	h a n t
handbrems	h a n t b ʀ æ m s
handduch	h a n t d u χ
handgelenk	h a n t ɡ e l æ ŋ k
handlung	h a n t l u ŋ
handy	h æ n d i
handyen	h æ n d i e n
hanf	h ɑ n f
hank	h a ŋ k
happ	h a p
har	h aː
hardenne	h ɑ ʁ d æ n
harespel	h a ʀ æ s p e l
harf	h a r f
hatt	h a t
hauf	h a u̯ f
hausdéier	h æ u̯ s d e i̯ e ʀ
haut	h æ u̯ t
hautdokter	h a u̯ t d o k t e ʀ
hauwemees	h a u̯ v e m eː s
heck	h æ k
hee	h e
heed	h eː t
heel	h eː l
heelung	h eː l u ŋ
heem	h eː m
heemecht	h eː m e χ t
heemechtshaus	h eː m e χ t s h æ u̯ s
heeschnapp	h eː ʃ n a p
heet	h eː t
heizkierper	h a i̯ t s k i e̯ p e ʀ
held	h æ l t
helm	h æ l m
hengscht	h æ ŋ ʃ t
herrlechkeet	h æ ʀ l e χ k eː t
herzog	h æ r t s o χ
herzogtum	h æ ʀ t s o χ t u m
hetz	h æ t s
hiecht	h i e̯ χ t
hief	h i e̯ f
hiel	h i e̯ l
hielenner	h i e̯ l æ n e ʀ
hiem	h i e̯ m
hier	h iː r
hierk	h i e̯ k
hierscht	h i e̯ ʃ t
hierschtkueb	h i e̯ ʃ t k u e̯ p
hiert	h i e̯ ʀ t
hieselnoss	h i e̯ z e l n o s
hieselter	h i e̯ z e l t e ʀ
hiewan	h i ə̯ v aː n
hiewel	h i e̯ v e l
himmel	h i m e l
himmelräich	h i m e l ʀ æ i̯ χ
himmelsdéierchen	h i m e l s d e i̯ e ʀ χ e n
historiker	h i s t oː ʀ i k e ʀ
hitt	h i t
hiwwel	h i v e l
ho	h o
hoer	h oː e r
hoerbiischt	h oː e ʀ b iː ʃ t
hoff	h o f
hol	h oː l
holland	h o l a n t
hollännesch	h o l æ n e ʃ
holz	h o l s
homard	h o m aː
hond	h o n t
hong	h o ŋ
honger	h o ŋ e ʀ
honnert	h o n e ʀ t
horaire	h o ʀ eː ʀ
hotel	h o t æ l
hott	h o t
houeren	h e u̯ r e n
houf	h e u̯ f
houfeisen	h e u̯ f a i̯ z e n
houfert	h e u̯ f e ʀ t
houfschmadd	h e u̯ f ʃ m a t
houscht	h e u̯ ʃ t
huesenziwwi	h u e̯ z e n t s i v i
huewer	h u e̯ v e ʀ
hummer	h u m e r
hunn	h u n
hunneg	h u n e χ
hutt	h u t
huwwel	h u v e l
häerz	h eː r t s
häerzer	h eː r t s e r
häll	h æ l
hällewull	h æ l e v u l
hämmel	h æ m ə l
hämmelfleesch	h æ m e l f l eː ʃ
händchen	h æ n t χ e n
hänn	h æ n
hännercher	h æ n ɐ ɕ ɐ
här	h eː r
härcher	h eː r χ e r
hären	h eː r e n
härercher	h eː r e r χ e r
héichhaus	h e i̯ χ h æ u̯ s
héichsprong	h e i̯ χ ʃ p ʀ o ŋ
héicht	h e i̯ χ t
héichtenangscht	h e i̯ χ t e n a ŋ ʃ t
héichuewen	h e i̯ χ u e̯ v e n
héiflechkeet	h e i̯ f l e χ k eː t
héil	h e i̯ l
héiss	h e i̯ s
hénger	h e ŋ e r
héngeree	h e ŋ e ʀ e
héngerhaut	h e ŋ e r h æ u̯ t
hëft	h e f t
hëllef	h e l e f
hëllefsverb	h e l e f s v æ ʀ p
hënn	h ə n
hënt	h e n t
hëtzt	h e t s t
iech	i e̯ χ
iechternach	i e̯ χ t e ʀ n a χ
ielebou	i e̯ l e b e u̯
ierbes	i e̯ b e s
ierger	i e̯ ʁ e ʀ
ierwen	i e̯ v e n
iesel	i e̯ z e l
iessen	i e̯ s e n
iessläffel	i e̯ s l æ f e l
iesszëmmer	i e̯ s t s e m e ʀ
iewen	i e̯ v e n
igel	i ʁ e l
imaginatioun	i m a ʒ i n a s j e u̯ n
improvisatioun	æ̃ p ʀ o v i z a s j e u̯ n
indien	i n d i e n
infektioun	i n f æ k s j o ʊ̯ n
ingenieur	æ̃ ʒ e n j øː e ʀ
insekt	i n z æ k t
insel	i n z e l
inspekter	i n s p æ k t ɐ
installateur	i n s t ɑ l ɑ t øː ɐ̯
int	i n t
ir	iː ʀ
iwwel	i v e l
iwwerfall	i v e ʀ f a l
iwwerfloss	i v e ʀ f l o s
jach	j a χ
jackett	ʒ a k æ t
jalousie	ʒ a l u z i
japanesch	j a p aː n e ʃ
jatt	ʒ a t
jeans	d ʒ iː n s
jo	j o
joer	j oː e r
joerdausend	j oː e ʀ d a u̯ z e n t
joerhonnert	j oː e ʀ h o n e ʀ t
joerzéngt	j oː e ʀ t s e ŋ t
joffer	j o f e ʀ
jomer	j oː m e ʀ
jong	j o ŋ
jongfra	j o ŋ f ʀ aː
joreszäit	j oː ʀ e s t s æ i̯ t
juck	j u k
judd	j u t
jugend	j u ʁ e n t
jugendchômage	j uː ʁ e n t ʃ oː m aː ʃ
juli	j uː l i
juni	j uː n i
jupe	ʒ y p
jus	ʒ y
jéngelchen	j e ŋ e l χ e n
kaalwer	k aː l v e r
kaarp	k aː ʀ p
kaart	k aː t
kaascht	k aː ʃ t
kabes	k aː b e s
kachkéis	k a χ k e i̯ s
kachmaschinn	k a χ m a ʃ i n
kadaster	k a d a s t e ʀ
kaffi	k a f i
kalbass	k a l b a s
kalenner	k a l æ n e ʀ
kallef	k a l e f
kalleffleesch	k a l e f f l eː ʃ
kallek	k a l e k
kammoud	k a m e u̯ t
kamp	k a m p
kaméidi	k a m e i̯ d i
kan	k aː n
kanal	k ɑ n aː l
kanner	k ɑ n ɐ
kanoun	k ɑ n ə ʊ̯ n
kanton	k ɑ n t oː n
kanäl	k ɑ n æ l
kanéil	k ɑ n ɜ ɪ̯ l
kap	k aː p
kapell	k ɑ p æ l
kapellen	k ɑ p æ l ə n
kapitel	k ɑ p i t ə l
kapp	k a p
kappball	k ɑ b b ɑ l
kapsel	k ɑ p s ə l
kar	k aː ʀ
karaff	k ɑ ʁ ɑ f
karamell	k a ʀ a m æ l
karausch	k ɑ ʀ ɑ ʊ̯ ʃ
karo	k aː ʀ oː
kascht	k ɑ ʃ t
katz	k ɑ t s
kaul	k a u̯ l
kauzekapp	k ɑ ʊ̯ t͡s ə k ɑ p
kauzekäpp	k ɑ ʊ̯ t͡s ə k æ p
kaweechelchen	k aː v eː ɕ ə l ɕ ə n
kaweechelcher	k aː v eː ɕ ə l ɕ ɐ
kaz	k aː t s
kazena	k aː t s ə n aː
keel	k eː l
keelt	k eː l t
keeser	k eː z ɐ
keess	k eː s
keim	k ɑ ɪ̯ m
keller	k æ l ɐ
kess	k æ s
kessel	k æ s ə l
ketten	k æ t ə n
kichelchen	k i χ e l χ e n
kichen	k i χ e n
kierbiischt	k iː ə̯ b iː ʃ t
kierch	k iː ə̯ ɕ
kierchelidd	k iː ə̯ ɕ ə l i t
kierfmécher	k i e̯ ʀ f m e χ e ʀ
kiermes	k iː ə̯ m ə s
kierper	k iː ə̯ p ɐ
kierwel	k iː ə̯ v ə l
kiewerlek	k i e̯ v e r l e k
kiewerleken	k i e̯ v e r l e k e n
kiischt	k iː ʃ t
kilometer	k i l o m eː t ɐ
kinnek	k i n e k
kinneken	k i n e k e n
kinnekräich	k i n e ɡ ʁ æː ɪ̯ ɕ
kinnigin	k i n i ɡ i n
klam	k l aː m
klamer	k l aː m ɐ
klang	k l ɑ ŋ
klapp	k l ɑ p
klarinett	k l ɑ ʀ i n æ t
klass	k l ɑ s
kleed	k l eː t
klett	k l æ t
klierf	k l i e̯ f
klouschter	k l ə ʊ̯ ʃ t ɐ
kläckelchen	k l æ k e l χ e n
kléi	k l ɜ ɪ̯
kléng	k l e ŋ
klëppel	k l ə p ə l
knachen	k n ɑ χ ə n
knall	k n ɑ l
knapp	k n a p
knascht	k n ɑ ʃ t
kniddel	k n i d ə l
kniecht	k n i e̯ χ t
kniet	k n i ə t
knippchen	k n i p χ e n
kniwweler	k n i v ə l ɐ
knoll	k n o l
knuet	k n u ə̯ t
knuewelek	k n u ə̯ v ə l ə k
knuppert	k n u p ɐ t
knäckebrout	k n æ k ə b ʀ ə ʊ̯ t
knäip	k n æː ɪ̯ p
knäpp	k n æ p
knäppchen	k n æ p χ e n
knéchel	k n ə ɕ ə l
knéischeif	k n ɜ ɪ̯ ʃ ɑ ɪ̯ f
koffer	k o f ɐ
koiné	k o i̯ n eː
kokosnoss	k o k o s n o s
kokosnëss	k o k o s n ə s
koll	k o l
kolleeg	k o l eː χ
kolleegen	k o l eː ʁ e n
komma	k o m ɑ
kompetitioun	k o m p e t i s j ə ʊ̯ n
koméit	k o m ɜ ɪ̯ t
konn	k o n
konscht	k o n ʃ t
konstellatioun	k o n s t æ l ɑ s j ə ʊ̯ n
konstitutioun	k o n s t i t u s j o u̯ n
kont	k o n t
kontroll	k o n t ʁ o l
konzentratioun	k o n t͡s æ n t ʀ ɑ s j ə ʊ̯ n
kopp	k o p
kork	k o χ k
kornischong	k o ʁ n i ʃ o ŋ
korruptioun	k o ʁ u p s i ə ʊ n
koschter	k o ʃ t ɐ
koseng	k o z e ŋ
kosengen	k o z e ŋ e n
kotteng	k o t e ŋ
kou	k e u̯
koumëllech	k ə ʊ m ə l ə ɕ
kraaft	k ʀ aː f t
krack	k ʀ ɑ k
kraidchen	k r a i̯ t χ e n
kraider	k r a i̯ d e r
krall	k ʀ ɑ l
kramp	k ʀ ɑ m p
kran	k ʀ aː n
kranz	k ʀ ɑ n t͡s
krapp	k ʀ ɑ p
kraut	k r æ u̯ t
krawatt	k ʀ ɑ v ɑ t
krazert	k ʀ aː t͡s ɐ t
krees	k ʀ eː s
kreesch	k ʀ eː ʃ
kreesverkéier	k r eː s f ə r k e i̯ e r
kriibs	k ʀ iː p s
krimi	k ʀ i m i
kristall	k ʁ i s t ɑ l
krokodil	k ʁ o k o d iː l
krom	k ʀ oː m
kromm	k ʀ o m
krou	k ʀ ə ʊ̯
kroun	k r e u̯ n
krunn	k ʀ u n
kräiz	k r æ i̯ t s
kräizer	k r æ i̯ t s e r
kräizwuerträtsel	k ʁ æː ɪ̯ d͡z v uː ə̯ d ʁ æ t͡s ə l
krämp	k ʀ æ m p
kréchel	k ʁ ə ɕ ə l
kréi	k ʀ ɜ ɪ̯
kréiena	k ʀ ɜ ɪ̯ ə n aː
krëpp	k ʀ ə p
krëppchen	k ʀ ə p ɕ ə n
krëppebësser	k ʀ ə p ə b ə s ɐ
krëppel	k ʀ ə p ə l
krësch	k ʀ ə ʃ
kuch	k u χ
kuddelfleck	k u d ə l f l æ k
kueberei	k u ə b ə ʀ ɑ ɪ̯
kueder	k u ə̯ d ɐ
kuel	k u ə l
kuelestoff	k u ə l ə ʃ t o f
kuer	k uː r
kueren	k uː r e n
kupplung	k u p l u ŋ
kurv	k u r f
kusin	k u z i n
kusinnen	k u z i n e n
kutsch	k u t͡ʃ
kuuscht	k uː ʃ t
käerz	k eː r t s
käfeg	k eː f ə ɕ
källefchen	k æ l e f χ e n
känguru	k æ ŋ ɡ u ʁ u
käppchen	k æ p χ e n
kär	k eː r
kärel	k ɛː ʀ ə l
käscht	k æ ʃ t
käschtebam	k æ ʃ t ə b aː m
kätzchen	k æ t͡s ɕ ə n
kätzercher	k æ t͡s e ʀ χ e ʀ
kéier	k ɜ ɪ̯ ɐ
kéiseker	k e i̯ z e k e r
kéng	k e ŋ
këndchen	k ə n t ɕ ə n
kënn	k ə n
kënnercher	k ə n ɐ ɕ ɐ
këscht	k ə ʃ t
këssen	k ə s ə n
kürbis	k ʏ r b ɪ s
küst	k y s t
laach	l aː χ
laangfësch	l aː ŋ f ə ʃ
laangfëschmudder	l aː ŋ f ə ʃ m u d ɐ
laascht	l aː ʃ t
lack	l ɑ k
laf	l aː f
lag	l aː χ
lagen	l aː ʁ ə n
lais	l a i̯ s
laitue	l e t yː
lamm	l ɑ m
land	l ɑ n t
landstrooss	l ɑ n t ʃ t ʀ oː s
lann	l a n
lanter	l ɑ n t ɐ
lanz	l ɑ n t s
lat	l aː t
lauer	l ɑ ʊ̯ ɐ
laus	l æ u̯ s
laut	l æː ʊ̯ t
lavendel	l ɑ v æ n d ə l
lawin	l ɑ v i n
lazert	l aː t͡s ɐ t
lee	l eː
leed	l eː t
leeder	l eː d e r
leefer	l eː f ɐ
leem	l eː m
leescht	l eː ʃ t
leeschten	l eː ʃ t ə n
leeschtung	l eː ʃ t u ŋ
leif	l a i̯ f
leit	l ɑ ɪ̯ t
lektioun	l æ k s j ə ʊ n
libell	l i b æ l
lidd	l i t
lieder	l i e̯ d e r
liewen	l i ə̯ v ə n
liewer	l i e̯ v e r
liibling	l iː b l i ŋ
liicht	l iː ɕ t
liichttuerm	l iː χ t t u ə̯ m
limburgesch	l i m b u ə̯ j ə ʃ
limonad	l i m o n aː t
linn	l i n
lissabon	l i s ɑ b o n
living	l i v i ŋ
liwwerung	l i v ə ʁ u ŋ
lo	l oː
locher	l o χ ɐ
loft	l o f t
lomp	l o m p
long	l o ŋ
lorber	l o ʁ b ɐ
lorberblat	l o ʁ b ɐ b l aː t
loscht	l o ʃ t
loun	l e u̯ n
luchs	l u k s
lued	l u ə̯ t
luef	l u ə̯ f
lupp	l u p
luucht	l uː χ t
luuss	l uː s
luxus	l u k s u s
lycée	l i s e
lycéesschüler	l i s eː s ʃ yː l e r
lycéeën	l i s eː ə n
lächer	l æ χ e r
läffel	l æ f ə l
läif	l æ i̯ f
läim	l æː ɪ̯ m
läimer	l æː ɪ̯ m ɐ
längt	l æ ŋ t
léier	l ɜ ɪ̯ ɐ
léift	l e ɪ̯ f t
léisung	l ɜ ɪ̯ z u ŋ
léiw	l e i̯ f
léngt	l e ŋ t
lëns	l ə n s
lëppestëft	l ə p ə ʃ t ə f t
lëps	l ə p s
lëscht	l e ʃ t
lëtzebuerger	l e t s e b u e̯ ʁ e r
lëtzebuergesch	l e t s e b u e̯ ʁ e ʃ
maach	m aː χ
maandel	m aː n d ə l
maart	m aː χ t
maascht	m aː ʃ t
magie	m ɑ ʒ iː
makréil	m ɑ k ʀ ɜ ɪ̯ l
mall	m ɑ l
malz	m ɑ l t͡s
mamendéier	m aː m ə n d ɜ ɪ̯ ɐ
mamm	m ɑ m
mango	m ɑ ŋ ɡ oː
mann	m ɑ n
mantel	m ɑ n t ə l
mapp	m ɑ p
margréitchen	m a ʁ ɡ ʁ ɜ ɪ̯ t ɕ ə n
marionett	m ɑ ʀ j o n æ t
markéierstëft	m ɑ ʀ k ɜ ɪ̯ ɐ ʃ t ə f t
maroun	m ɑ ʀ ə ʊ̯ n
marqueur	m ɑ ʀ k øː ʀ
masch	m ɑ ʃ
maschinn	m ɑ ʃ i n
massendénger	m ɑ s ə n d e ŋ ɐ
matt	m ɑ t
mattant	m ɑ t ɑ n t
mauer	m ɑ ʊ̯ e ʀ
maul	m æː ʊ̯ l
maulef	m ɑ ʊ̯ l ə f
maulefskoup	m ɑ ʊ̯ l ə f s k ə ʊ̯ p
maus	m æ u̯ s
mecanicien	m e k ɑ n i s j ɛ̃ː
mee	m eː
meedchen	m eː d ɕ ə n
meefësch	m eː f ə ʃ
meenung	m eː n u ŋ
mees	m eː s
meeschter	m eː ʃ t ɐ
meeschtesch	m eː ʃ t ə ʃ
meil	m ɑ ɪ̯ l
meldung	m æ l d u ŋ
meloun	m ə l ə ʊ̯ n
member	m ɑ̃ː b ɐ
memoire	m e m w aː ʀ
messer	m æ s ɐ
metall	m e t ɑ l
middel	m i d ə l
miel	m i ə̯ l
mielda	m i ə̯ l d aː
mier	m iː ə̯
miersch	m iː ə̯ ʃ
mierschwéngchen	m i ə̯ ʃ w e ŋ ɕ ə n
millen	m ɪ l ə n
millioun	m i l j ə ʊ̯ n
mineral	m i n ə ʀ aː l
mineralogie	m i n e ʀ ɑ l o ʒ iː
mineralwaasser	m iː n ə ʁ aː l v aː s ɐ
mineur	m i n øː ɐ̯
minn	m i n
minutt	m i n u t
mirabell	m i ʁ a b æ l
misär	m i z ɛː ə̯
mitock	m iː t o k
miwwel	m i v ə l
mo	m oː
mod	m oː t
modell	m o d æ l
moff	m o f
mol	m oː l
molbier	m oː l b iː ə̯
mond	m o n t
monni	m o n i
monsieur	m e s j ø
monsieuren	m e s j ø e n
moolzecht	m oː l t͡s ə ɕ t
moos	m oː s
mooss	m oː s
moschter	m o ʃ t e r
moschwier	m oː ʃ w iː ə̯
moss	m o s
moto	m oː t oː
motocyclist	m oː t o s i k l i s t
motorrad	m oː t o ʀ ʀ aː t
motorsee	m oː t o ʁ z eː
moud	m ə ʊ̯ t
moul	m ə ʊ̯ l
mound	m ə ʊ̯ n t
mount	m ə ʊ̯ n t
mous	m ə ʊ̯ s
mudder	m u d ɐ
muerch	m uː ə̯ ɕ
muerd	m uː ə̯ t
mueren	m uː r e n
mull	m u l
multiplikatioun	m u l t i p l i k ɑ s j ə ʊ̯ n
mupp	m u p
musek	m u z e k
museker	m u z e k e r
musekerin	m u z e k e r i n
muskel	m u s k ə l
mutt	m u t
muttwëll	m u d v ə l
muuss	m uː s
mäerder	m ɛː ə̯ d ɐ
mäert	m ɛː ɐ̯ t
méck	m e k
méckefänkert	m e k ə f æ ŋ k ɐ t
méi	m ɜ ɪ
méint	m ɜ ɪ̯ n t
méiw	m e i̯ f
mëlz	m ə l t͡s
mënsch	m e n ʃ
mënschlechkeet	m e n ʃ l e χ k eː t
mënz	m ə n t͡s
mësch	m ə ʃ
mëscht	m e ʃ t
mëschtgreef	m ə ʃ t ɡ ʀ eː f
mëspel	m ə s p ə l
mëssel	m ə s ə l
mëtsch	m ə t ʃ
mëtt	m ə t
mëtteg	m e t e χ
mëtteger	m e t e ʁ e r
mëttegiessen	m ə t ə ʑ i ə̯ s ə n
mëttel	m ə t ə l
mëttelfeldspiller	m e t e l f æ l t ʃ p i l ɐ
mëtten	m e t e n
mëtternuecht	m ə t ɐ n u ə̯ ɕ t
mëttwoch	m e t v o χ
naachen	n aː χ e n
naivitéit	n ɑ i v i t ɜ ɪ̯ t
nanzeg	n ɑ n t͡s ə ɕ
napp	n ɑ p
narziss	n ɑ χ t͡s i s
nascht	n ɑ ʃ t
nationalitéit	n ɑ t͡s j o n ɑ l i t ɜ ɪ̯ t
neelcheskapp	n eː l ɕ ə s k ɑ p
neiegkeet	n ɑ ɪ̯ ə ɕ k eː t
neimound	n ɑ ɪ̯ m ə ʊ̯ n t
neiséiland	n ɑ ɪ̯ z ɜ ɪ̯ l ɑ n t
nervesee	n æ ʀ v ə z eː
netz	n æ t͡s
netzwierk	n æ t͡s v i ə̯ ʀ k
neveu	n e v ø
neveuen	n e v ø e n
nidderkuer	n i d ɐ k uː ə̯
nidderlanden	n i d e ʀ l a n d ə n
nidderträchtegkeet	n i d ɐ t ʀ æ ɕ t ə ɕ k eː t
niess	n i e̯ s
niessen	n i e̯ s e n
niewefloss	n i ə v ə f l o s
nilpäerd	n iː l p ɛː ə t
nimm	n i m
nitt	n i t
nodeel	n oː d eː l
nohëllef	n oː h ə l ə f
nol	n oː l
nomëtteg	n oː m ə t ə ɕ
nonn	n o n
noper	n oː p e r
noperen	n oː p e r e n
nopesch	n oː p e ʃ
norden	n o r d e n
noriicht	n oː ʀ iː ɕ t
norwegen	n o ʀ v eː ʑ ə n
noss	n o s
nott	n o t
notten	n o t ə n
notzen	n o t͡s ə n
nout	n ə ʊ̯ t
nouvelle	n u v æ l
nuddel	n u d ə l
nuecht	n u e̯ χ t
nuef	n u ə f
nuesen	n u ə z ə n
nuesschnappech	n u ə̯ s ʃ n ɑ p ə ɕ
null	n u l
numm	n u m
nummer	n u m ɐ
nächsteléift	n æ k s t ə l ɜ ɪ̯ f t
näid	n æː ɪ̯ t
néckel	n e k ə l
néiesch	n ɜ ɪ̯ ə ʃ
nénga	n e ŋ aː
nëssert	n ə s ɐ t
nëwwi	n e v i
nëwwien	n e v i e n
ochs	o k s
odermëllech	oː d ɐ m ə l ə ɕ
offall	o f f ɑ l
offer	o f ɐ
offloss	o f f l o s
offlëss	o f f l ə s
offäll	o f f æ l
oflaf	o f l aː f
ofleef	o f l eː f
ofstamung	o f ʃ t aː m u ŋ
oliv	o l iː f
olivenueleg	o l iː v e n u e̯ l e χ
onbaarmhäerzegkeet	o n b aː m h ɛː ə̯ t͡s ə ɕ k e t
ongedold	o n ɡ ə d o l t
ongléck	o ŋ ɡ l e k
onkraut	o ŋ k ʀ æː ʊ̯ t
onrecht	o n ʀ æ ɕ t
onuerdnung	o n uː ə̯ d n u ŋ
oochen	oː χ e n
ootmung	oː t m u ŋ
opfaassung	o p f aː s u ŋ
oprou	o p ʀ ə ʊ̯
opsaz	o p z aː t͡s
optrieden	o p t ʀ i ə̯ d ə n
optrëtt	o p t ʀ ə t
orange	o ʁ ɑ̃ː ʃ
orangëbam	o ʁ ɑ̃ː ʃ ə b aː m
orientéierungslaf	o ʀ j ə n t ɜ ɪ̯ ə ʀ u ŋ z l aː f
origine	o ʀ i ʒ i n
osten	o s t ə n
otem	oː t ə m
owend	oː v ə n t
owendiessen	oː v ə n d i ə̯ s ə n
ozean	oː t͡s e aː n
paangech	p aː ŋ e χ
pabeier	p ɑ b ɜ ɪ̯ ɐ
pad	p aː t
paf	p aː f
pai	p ɑ ɪ̯
pak	p aː k
palais	p ɑ l eː
pampelmousse	p ɑ m p ə l m u s
pampelmuss	p ɑ m p ə l m u s
pan	p aː n
pand	p ɑ n t
pandemie	p ɑ n d e m iː
panech	p aː n e χ
panewippchen	p aː n ə v i p ɕ ə n
pankech	p ɑ ŋ k e χ
pankuch	p aː ŋ k u χ
pann	p ɑ n
panz	p ɑ n t͡s
panéil	p ɑ n ɜ ɪ l
pap	p aː p
papagei	p ɑ p ɑ ɡ ɑ ɪ̯
papp	p ɑ p
paprika	p ɑ p ʀ i k aː
par	p aː r
parréck	p ɑ ʀ e k
parzell	p a ʁ t s æ l
paschtouer	p ɑ ʃ t ə ʊ̯ ɐ
pass	p ɑ s
passiounsfruucht	p ɑ s j ə ʊ̯ n s f ʁ uː χ t
patent	p ɑ t æ n t
pawee	p ɑ v eː
pech	p æ ɕ
pechband	p æ ʑ b ɑ n t
pechbänner	p æ ʑ b æ n ɐ
pedagogik	p eː d a ɡ o ʒ iː k
peepst	p eː p s t
peffer	p æ f ɐ
peffermënz	p æ f ɐ m ə n t͡s
peiler	p a i̯ l e r
pennek	p æ n e k
personal	p æ ʀ z o n aː l
persoun	p e r z e u̯ n
pescht	p æ ʃ t
peschtvull	p æ ʃ t f u l
phar	f aː ʀ
phas	f aː s
physik	f i z i k
piipsert	p iː p s ɐ t
piisch	p iː ʃ
pijen	p iː ʒ ə n
pilger	p i l ʑ ɐ
pilgerfaart	p i l ʑ ɐ f aː χ t
pill	p i l
pimpampel	p i m p ɑ m p ə l
pinguin	p i ŋ ɡ u iː n
pissblumm	p i z b l u m
pistoul	p i s t ə ʊ̯ l
piwitsch	p iː v i t͡ʃ
pizzasdeeg	p i t s aː s d eː ɕ
plafong	p l ɑ f o ŋ
plage	p l aː ʃ
plang	p l ɑ ŋ
planz	p l ɑ n t s
plastik	p l ɑ s t iː k
plaum	p l a u̯ m
plo	p l oː
plomm	p l o m
plott	p l o t
plou	p l e u̯
pluriel	p l u ʀ i æ l
pläng	p l æ ŋ
poker	p oː k ɐ
pol	p oː l
polarbier	p oː l aː b i ə̯
polen	p oː l ə n
police	p o l i s
politiker	p o l i t i k ɐ
polizist	p o l i t͡s i s t
polizistin	p o l i t͡s i s t i n
polver	p o l f e r
pompjeesgefier	p o m p j eː z ɡ ə f iː ə̯
pond	p o n t
poopst	p oː p s t
popp	p o p
por	p oː r
pornographie	p o ʁ n o ɡ ʁ a f iː
porrett	p o ʀ æ t
portal	p o χ t aː l
portier	p o ʀ t j eː
portmonni	p o χ t m o n i
posch	p o ʃ
post	p o s t
pouk	p ə ʊ̯ k
poul	p ə ʊ̯ l
pout	p ə ʊ̯ t
praff	p ʀ ɑ f
praum	p ʀ a u̯ m
priedeger	p ʀ i ə̯ d e ʁ e ʀ
priedegt	p ʀ i ə̯ d e χ t
primmel	p ʀ i m ə l
prisong	p r i z ɔ ŋ
problem	p ʁ o b l æ m
programm	p ʀ o ɡ ʀ ɑ m
promenad	p ʀ o m ə n aː t
promm	p ʀ o m
prouf	p ʀ ə ʊ̯ f
provënz	p ʁ oː v ə n t͡s
pruecht	p r u e̯ χ t
präis	p ʀ æː ɪ̯ s
publikatioun	p u b l i k ɑ s j ə ʊ̯ n
puer	p u ɐ
pull	p u l
punkt	p ʊ ŋ k t
puppelchen	p u p e l χ e n
päerd	p eː r t
päerdsbier	p eː r t s b iː r
päerdscourse	p ɛː ə̯ t s k u ʀ s
päif	p æː ɪ̯ f
päifint	p æː ɪ̯ v i n t
päinetsch	p æː ɪ̯ n ə t͡ʃ
päiperlek	p æː ɪ̯ p ɐ l e k
pällem	p æ l ə m
pärel	p ɛː ʀ ə l
péil	p ɜ ɪ̯ l
péis	p ɜ ɪ̯ s
péng	p e ŋ
pëll	p e l
pëppel	p ə p ə l
pëtz	p e t s
quecksëlwer	k v æ k z e l v e ʀ
quell	k v æ l
quetsch	k v æ t ʃ
rack	r a k
rad	r aː t
radio	ʀ aː d j o
radioaktivitéit	ʀ aː d j o ɑ k t i v i t ɜ ɪ̯ t
radiowell	ʀ aː d j oː v æ l
raf	ʀ aː f
raim	r a i̯ m
rakéit	ʀ ɑ k ɜ ɪ̯ t
ram	ʀ aː m
ramm	ʀ ɑ m
rampli	ʀ ɑ m p l i
rand	ʀ ɑ n t
rank	ʀ ɑ ŋ k
rapfen	ʀ ɑ p f ə n
rapp	ʀ ɑ p
rass	ʀ ɑ s
rat	r aː t
raum	r æ u̯ m
raup	ʀ æː ʊ̯ p
raut	r æ u̯ t
rauten	r æ u̯ t e n
realisatioun	ʀ e ɑ l i z ɑ s j ə ʊ̯ n
recht	ʀ æ ɕ t
rechteck	ʀ æ ɕ t æ k
reck	ʀ æ k
reebou	r eː b e u̯
reeboufrell	ʀ eː b ə ʊ̯ f ʀ æ l
reebéi	ʀ eː b ɜ ɪ̯
reef	ʀ eː f
reegel	r eː ʁ e l
reemantel	ʀ eː m ɑ n t ə l
reemäntel	ʀ eː m æ n t ə l
reen	ʀ eː n
reendrëps	ʀ eː n d ʀ ə p s
rees	ʀ eː s
reeschauer	ʀ eː ʃ ɑ ʊ̯ ɐ
reewaasser	r eː v aː s e r
reewierm	ʀ eː v iː ə̯ m
reewollek	ʀ eː v o l e k
reewuerm	ʀ eː v uː ə̯ m
rei	ʀ ɑ ɪ̯
reider	ʀ ɑ ɪ̯ d ɐ
rekolt	ʀ e k o l t
rendéier	ʀ æ n d ɜ ɪ̯ ɐ
revolutioun	ʀ e v o l u s j ə ʊ̯ n
rhäin	r æ i̯ n
ribb	ʀ i p
ridd	ʀ i t
rido	ʀ iː d oː
ried	ʀ i ə t
riedelen	ʀ i ə̯ d ə l ə n
riedner	ʀ i ə d n ɐ
riednerin	ʀ i ə d n ə ʀ i n
rief	ʀ i ə f
riichter	ʀ iː χ t e ʀ
rill	ʀ i l
rimm	ʀ i m
ris	ʀ iː s
riselen	ʀ iː z ə l ə n
rock	ʀ o k
roff	ʀ o f
roll	ʀ o l
rollschong	ʀ o l ʃ o ŋ
rong	ʀ o ŋ
ronn	ʀ o n
ros	ʀ oː s
roserei	ʀ oː z ə ʀ ɑ ɪ̯
rot	ʀ oː t
rou	ʀ ə ʊ
roum	ʀ ə ʊ m
rous	ʀ ə ʊ̯ s
rousekranz	ʀ ə ʊ̯ z ə k ʀ ɑ n t͡s
rousemaräin	ʀ ə ʊ̯ z ə m ɑ ʀ æː ɪ̯ n
rousenueleg	ʀ ə ʊ̯ z ə n u ə̯ l ə ɕ
routa	r e u̯ t aː
routbrëschtchen	ʀ ə ʊ̯ d b ʀ ə ʃ t ɕ ə n
routdréischel	ʀ ə ʊ̯ d d ʀ ɜ ɪ̯ ʃ ə l
routfieder	ʀ ə ʊ̯ t f i ə̯ d ɐ
routschwanz	ʀ ə ʊ̯ t ʃ w ɑ n t͡s
rubbel	ʀ u b ə l
rudder	ʀ u d ɐ
ruff	ʀ u f
rugby	ʀ ɑ ɡ b iː
rull	ʀ u l
rumeur	r y m øː r
rumeuren	r y m øː r e n
rumm	ʀ u m
russ	ʁ u s
rutt	ʀ u t
räer	ʀ ɛː ə
räich	ʀ æː ɪ̯ ɕ
räif	ʀ æː ɪ̯ f
réck	r e k
réckstrank	ʀ e k ʃ t ʀ ɑ ŋ k
réi	r e i̯
réidchen	ʀ ɛ ɪ̯ t ɕ ə n
réiden	ʀ ɜ ɪ̯ d ə n
réimech	ʀ ɜ ɪ̯ m ə ɕ
réng	ʀ e ŋ
réngglott	ʀ e ŋ ɡ l o t
rëmeleng	ʀ e m e l e ŋ
rëndfleesch	ʀ ə n t f l eː ʃ
rëndvéi	ʀ ə n t f ɜ ɪ̯
rëpp	r e p
rëppen	r e p e n
rëpper	r e p e r
rëtsch	ʀ ə t ʃ
saach	z aː χ
saaft	z aː f t
saier	z ɑ ɪ̯ ɐ
sail	z a i̯ l
sak	z aː k
sakgaass	z aː ɡ ɡ aː s
salami	s ɑ l aː m i
salem	z aː l ə m
sall	z ɑ l
sallef	z ɑ l ə f
salut	s ɑ l yː
salz	z ɑ l t͡s
sam	z aː m
samett	z ɑ m æ t
samschdeg	z ɑ m ʃ d e χ
sand	z ɑ n t
sandal	s ɑ n d aː l
sau	z æː ʊ̯
sauer	z ɑ ʊ̯ ɐ
sauerampel	z ɑ ʊ̯ ɐ ɑ m p ə l
sauermous	z ɑ ʊ̯ ɐ m ə ʊ̯ s
sauerstoff	z ɑ ʊ̯ ɐ ʃ t o f
saumon	s oː m õː
saz	z aː t s
schach	ʃ ɑ χ
schachfigur	ʃ ɑ χ f i ɡ u ə̯
schaf	ʃ aː f
schaffner	ʃ ɑ f n ɐ
schal	ʃ aː l
schall	ʃ ɑ l
schallott	ʃ ɑ l o t
schan	ʃ aː n
schank	ʃ ɑ ŋ k
schantjen	ʃ ɑ n t χ e n
scharlach	ʃ ɑ ʀ l ɑ χ
schauer	ʃ ɑ ʊ̯ ɐ
schaum	ʃ æː ʊ̯ m
scheed	ʃ eː t
scheedenagank	ʃ eː d ə n ɑ ɡ ɑ ŋ k
scheedung	ʃ eː d u ŋ
scheek	ʃ eː k
scheekefruucht	ʃ eː k ə f ʀ uː χ t
scheet	ʃ eː t
scheif	ʃ a i̯ f
schell	ʃ æ l
schenkel	ʃ æ ŋ k ə l
schiertech	ʃ iː ʀ t e χ
schifer	ʃ iː f e r
schimt	ʃ i m t
schimtlëps	ʃ i m d l ə p s
schinn	ʃ i n
schlaang	ʃ l aː ŋ
schlag	ʃ l aː χ
schlak	ʃ l aː k
schlaken	ʃ l aː k ə n
schlamm	ʃ l ɑ m
schlapp	ʃ l ɑ p
schlass	ʃ l a s
schlei	ʃ l ɑ ɪ̯
schleider	ʃ l ɑ ɪ d ɐ
schlitt	ʃ l i t
schlo	ʃ l oː
schlof	ʃ l oː f
schloff	ʃ l o f
schluecht	ʃ l u ə ɕ t
schluechtfeld	ʃ l u ə̯ ɕ t f æ l t
schluechthaus	ʃ l u ə̯ ɕ t h æː ʊ̯ s
schluet	ʃ l u ə̯ t
schluss	ʃ l u s
schläich	ʃ l æː ɪ̯ ɕ
schläifsteen	ʃ l æː ɪ̯ f ʃ t eː n
schläim	ʃ l æː ɪ̯ m
schläiss	ʃ l æː ɪ̯ s
schléck	ʃ l e k
schléi	ʃ l ɜ ɪ̯
schléier	ʃ l ɜ ɪ̯ ɐ
schlëff	ʃ l ə f
schlëssel	ʃ l e s e l
schmadd	ʃ m a t
schmalz	ʃ m ɑ l t͡s
schmier	ʃ m iː r
schmëdd	ʃ m ə t
schnapp	ʃ n a p
schnatt	ʃ n ɑ t
schnatz	ʃ n ɑ t s
schnauer	ʃ n a u̯ e r
schnaueren	ʃ n a u̯ r e n
schnauftubak	ʃ n æː ʊ̯ f t u b aː k
schneid	ʃ n ɑ ɪ̯ t
schneider	ʃ n ɑ ɪ̯ d ɐ
schneiderfësch	ʃ n ɑ ɪ̯ d ɐ f ə ʃ
schniewel	ʃ n i ə̯ v ə l
schnieweldéier	ʃ n i ə̯ v ə l d ɜ ɪ̯ ɐ
schnouer	ʃ n e u̯ e r
schnuddel	ʃ n u d ə l
schnuddelhong	ʃ n u d ə l h o ŋ
schnéi	ʃ n ɜ ɪ
schnéibier	ʃ n ɜ ɪ̯ b iː ə̯
schnéibiesem	ʃ n ɜ ɪ̯ b i ə̯ z ə m
schnéieil	ʃ n ɜ ɪ ɑ ɪ l
schnéiflack	ʃ n ɜ ɪ̯ f l ɑ k
schnéiklatz	ʃ n e i̯ k l a t s
schnéikläckelchen	ʃ n ɜ ɪ̯ k l æ k ə l ɕ ə n
schnéimännchen	ʃ n ɜ ɪ̯ m æ n ɕ ə n
schnéiplou	ʃ n ɜ ɪ̯ p l ə ʊ̯
schnéireen	ʃ n ɜ ɪ̯ ʀ eː n
schnéischauer	ʃ n ɜ ɪ̯ ʃ ɑ ʊ̯ ɐ
schnéischëpp	ʃ n ɜ ɪ̯ ʃ ə p
schnéiwick	ʃ n ɜ ɪ̯ v i k
schnëss	ʃ n ə s
schnëtt	ʃ n ə t
schnëtz	ʃ n ə t s
schnëtzel	ʃ n ə t s ə l
schockelasbotter	ʃ o k ə l aː z b o t ɐ
schold	ʃ o l t
schong	ʃ o ŋ
schongbiischt	ʃ o ŋ b i ʃ t
schoss	ʃ o s
schossel	ʃ o s ə l
schoul	ʃ ə ʊ̯ l
schoulkand	ʃ ə ʊ̯ l k ɑ n t
schoun	ʃ ə ʊ̯ n
schouss	ʃ ə ʊ̯ s
schouster	ʃ ə ʊ̯ s t ɐ
schrack	ʃ r a k
schrauf	ʃ ʀ ɑ ʊ̯ f
schreifmaschinn	ʃ ʀ a ɪ v m ɑ ʃ i n
schrëft	ʃ ʀ ə f t
schrëftgeléierten	ʃ ʀ ə v d ɡ ə l ɜ ɪ̯ ɐ t ə n
schrëtt	ʃ r e t
schuel	ʃ u e̯ l
schwaarm	ʃ w aː m
schwaart	ʃ v aː χ t
schwaarzbier	ʃ v aː r t s b iː r
schwamp	ʃ w ɑ m p
schwan	ʃ w aː n
schwangerschaft	ʃ w ɑ ŋ ɐ ʃ ɑ f t
schwanz	ʃ w ɑ n t͡s
schwanzmees	ʃ w ɑ n d͡z m eː s
schweess	ʃ w eː s
schwell	ʃ w æ l
schwiefel	ʃ v i e̯ f e l
schwier	ʃ w iː ə̯
schwong	ʃ w o ŋ
schwonk	ʃ w o ŋ k
schwäert	ʃ v eː r t
schwäerter	ʃ v eː r t e r
schwäin	ʃ v æ i̯ n
schwäiz	ʃ v æː ɪ̯ t͡s
schwämm	ʃ v æ m
schwänz	ʃ w æ n t͡s
schwéngchen	ʃ v e ŋ χ e n
schwéngefleesch	ʃ v e ŋ e f l eː ʃ
schäin	ʃ æː ɪ̯ n
schäiss	ʃ æː ɪ̯ s
schätz	ʃ æ t͡s
schéier	ʃ ɜ ɪ̯ ɐ
schëff	ʃ ə f
schëld	ʃ ə l t
schëller	ʃ ə l ɐ
schënner	ʃ ə n ɐ
schëpp	ʃ ə p
schëppen	ʃ e p e n
schëtz	ʃ ə t͡s
secourist	s e k u ʀ i s t
see	z eː
seech	z eː ɕ
seef	z eː f
seegel	z eː ʁ e l
seegen	z eː ʁ e n
seel	z eː l
seem	z eː m
seen	z eː n
seid	z ɑ ɪ̯ t
sensatioun	s ãː s ɑ s j ə ʊ̯ n
setzgromper	z æ t s ɡ ʀ o m p ɐ
sich	z i ɕ
sichmaschinn	z i ɕ m ɑ ʃ i n
siff	z i f
sigel	z i ʁ e l
signal	s i n j aː l
siicht	z iː ɕ t
silb	z i l p
sireen	z i ʀ eː n
site	s i t
sitt	z i t
skelett	s k e l æ t
skizz	s k i t͡s
sklaverei	s k l aː v ə ʀ ɑ ɪ̯
skorpioun	s k o r p j e u̯ n
slip	s l i p
so	z oː
soff	z o f
som	z oː m
sonn	z o n
sonndeg	z o n d e χ
sonneblumm	z o n ə b l u m
sonnebrëll	s o n ə b ʀ ə l
sonnefleck	z o n ə f l æ k
sonnenauer	z o n ə n ɑ ʊ̯ ɐ
sonnenopgang	z o n ə n o p ɡ ɑ ŋ
sonnenënnergang	z o n e n e n ɐ ɡ ɑ ŋ
sonneprabbeli	z o n p ʀ ɑ b ə l iː
sonneschäin	z o n ə ʃ æː ɪ̯ n
soumissioun	s u m i s j ə ʊ̯ n
soutien	s u t j ɛ̃ː
souvenir	s u v ə n iː ə̯
spaass	ʃ p aː s
spackelter	ʃ p ɑ k æ l t ɐ
spadséiergang	ʃ p ɑ d͡z ɜ ɪ̯ ɐ ɡ ɑ ŋ
spargel	ʃ p a ʁ ʑ ə l
spatz	ʃ p ɑ t s
spaut	ʃ p ɑ ʊ̯ t
spaweck	ʃ p aː v æ k
speck	ʃ p æ k
speech	ʃ p eː ɕ
spelz	ʃ p æ l t͡s
spidol	ʃ p i d oː l
spiecht	ʃ p i e̯ χ t
spierk	ʃ p iː ə̯ k
spigel	ʃ p i ʁ e l
spigelee	ʃ p i ʑ ə l eː
spigelkaarp	ʃ p i ʑ ə l k aː p
spill	ʃ p i l
spillkaart	ʃ p i l k aː t
spinat	ʃ p i n aː t
spioun	ʃ p i ə ʊ̯ n
spoun	ʃ p e u̯ n
sprachwuert	ʃ p ʀ a χ v u e̯ t
sprenz	ʃ p ʀ æ n t͡s
spriecher	ʃ p ʀ i ə̯ χ ɐ
sproch	ʃ p ʀ o χ
sprong	ʃ p ʀ o ŋ
spronk	ʃ p r o ŋ k
sprooch	ʃ p ʀ oː χ
sproochgebitt	ʃ p r oː χ ɡ e b i t
spréif	ʃ p ʀ ɜ ɪ f
sprëtz	ʃ p ʀ ə t s
spuenesch	ʃ p u ə̯ n ə ʃ
spuenier	ʃ p u ə̯ n i ɐ
spuer	ʃ p uː ə̯
spuerk	ʃ p uː ə̯ k
spuervigel	ʃ p uː ə̯ f i ʑ ə l
spuervull	ʃ p uː ə̯ f u l
spull	ʃ p u l
spur	ʃ p uː ə̯
sputt	ʃ p u t
späicher	ʃ p æː ɪ̯ ɕ ɐ
spëtz	ʃ p ə t s
spëtzt	ʃ p ə t s t
staang	ʃ t aː ŋ
stad	ʃ t aː t
stadmauer	ʃ t aː d m ɑ ʊ̯ ə
stall	ʃ t ɑ l
stam	ʃ t aː m
stamm	ʃ t ɑ m
stammbam	ʃ t ɑ m b aː m
stand	ʃ t ɑ n t
stater	ʃ t aː t e r
stee	ʃ t eː
steebock	ʃ t eː b o k
steebroch	ʃ t eː b ʀ o χ
steekueb	ʃ t eː k u ə̯ b
steemetzer	ʃ t eː m æ t͡s ɐ
steen	ʃ t eː n
steepiisch	ʃ t eː p iː ʃ
steeën	ʃ t eː ə n
steier	ʃ t ɑ ɪ̯ ɐ
steng	ʃ t æ ŋ
stied	ʃ t i e̯ t
stier	ʃ t iː r
stieren	ʃ t iː r e n
stiermer	ʃ t iː ə̯ m ɐ
still	ʃ t i l
stiwwel	ʃ t i v ə l
stoff	ʃ t o f
stol	ʃ t oː l
stomp	ʃ t o m p
stong	ʃ t o ŋ
stonn	ʃ t o n
stonneplang	ʃ t o n ə p l ɑ ŋ
stot	ʃ t oː t
stouss	ʃ t ə ʊ̯ s
strand	ʃ t ʀ ɑ n t
strapp	ʃ t ʁ ɑ p
strategie	ʃ t ʁ a t e ʒ iː
strauss	ʃ t r a u̯ s
streck	ʃ t ʀ æ k
strief	ʃ t ʀ i ə f
stronk	ʃ t ʀ o ŋ k
strooss	ʃ t ʀ oː s
stroossbuerg	ʃ t r oː s b u e̯ χ
strumm	ʃ t ʀ u m
sträif	ʃ t ʀ æː ɪ̯ f
sträit	ʃ t ʀ æː ɪ̯ t
sträitfall	ʃ t ʀ æː ɪ̯ t f ɑ l
stréckel	ʃ t ʀ e k ə l
stréihutt	ʃ t ʀ ɜ ɪ̯ h u t
strénk	ʃ t ʀ e ŋ k
strëmp	ʃ t ʀ e m p
stuel	ʃ t u ə l
stuerm	ʃ t uː ə m
stuff	ʃ t u f
stull	ʃ t u l
stäerkt	ʃ t ɛː ə̯ k t
stär	ʃ t eː r
stärchen	ʃ t eː r χ e n
stären	ʃ t eː r e n
stärercher	ʃ t eː r e r χ e r
stéck	ʃ t e k
stécker	ʃ t e k ɐ
stéckstoff	ʃ t e k ʃ t o f
stéier	ʃ t e i̯ e r
stéieren	ʃ t e i̯ r e n
stéifkand	ʃ t ɜ ɪ̯ f k ɑ n t
stéifmamm	ʃ t ɜ ɪ̯ f m ɑ m
stéifpapp	ʃ t ɜ ɪ̯ f p ɑ p
stéit	ʃ t ɜ ɪ̯ t
stëbs	ʃ t ə p s
stëft	ʃ t ə f t
stëmm	ʃ t ə m
su	z uː
succès	s y k s ɛ
sucht	z u χ t
suel	z u ə l
suerg	z u e̯ χ
summer	z u m e r
summerwee	z u m ɐ v eː
symptom	s i m p t oː m
séchel	z ə ɕ ə l
séi	z e i̯
séihond	z ɜ ɪ̯ h o n t
séil	z ɜ ɪ l
séipäerdchen	z ɜ ɪ̯ p ɛː ə̯ t ɕ ə n
sëlwer	s ə l v ɐ
sëlwermënz	z ə l v ɐ m ə n t͡s
sënd	z e n t
sënn	z e n
sëtz	z ə t s
süden	z yː d ə n
taart	t aː χ t
tallong	t ɑ l o ŋ
tast	t ɑ s t
tatta	t ɑ t a
tatz	t ɑ t s
taxichauffeur	t ɑ k s i ʃ oː f ɐ
televisioun	t ə l ə v i z j ə ʊ̯ n
tempel	t æ m p ə l
teppech	t æ p ə ɕ
terrass	t æ ʀ ɑ s
thees	t eː s
tierk	t i e̯ k
tierkei	t i e̯ k a i̯
timber	t æ̃ b e r
toilettëpabeier	t o̯ ɑ l æ t ə p ɑ b ɜ i̯ ɐ
tomat	t o m aː t
tomatejus	t o m aː t ə ʒ yː
tosch	t o ʃ
toun	t ə ʊ̯ n
trach	t r a χ
traisch	t ʀ æː ɪ̯ ʃ
traité	t r e t e
trap	t ʀ aː p
trapegelänner	t ʀ aː p ə ɡ ə l æ n ɐ
trapp	t ʁ ɑ p
tratt	t ʀ ɑ t
trauer	t ʀ ɑ ʊ̯ ɐ
traufel	t ʀ ɑ ʊ̯ f ə l
trei	t ʀ a i̯
tromm	t ʀ o m
troun	t ʀ ə ʊ̯ n
trouscht	t ʀ ə ʊ̯ ʃ t
tréin	t ʀ ɜ ɪ̯ n
trëtt	t ʀ ə t
trëtz	t ʀ ə t s
trüffel	t ʀ y f ə l
tubak	t u b a k
tuerm	t u ə̯ m
tulp	t u l p
tureil	t uː ə̯ ɑ i̯ l
turnschlapp	t u ʀ n ʃ l ɑ p
tut	t uː t
täissel	t æ i̯ s e l
täsch	t æ ʃ
täschemesser	t æ ʃ ə m æ s ɐ
täschendéif	t æ ʃ ə n d ɜ ɪ̯ f
téi	t e i̯
tënt	t ə n t
ubau	u b æː ʊ̯
uebst	u e̯ p s t
uebstbam	u ə p s t b aː m
uebstdrëpp	u ə p s t d ʀ ə p
uebstjus	u ə̯ p s t ʒ yː
uebstzalot	u ə p s t s ɑ l oː t
uebstzort	u ə p s t s ɔ ʀ t
ueleg	u e̯ l e χ
uelzecht	u ə l t͡s ə ɕ t
uerden	uː ə̯ d ə n
uerder	uː ə̯ d ɐ
uerdnung	uː ə̯ d n u ŋ
uergel	uː ə̯ ʑ ə l
uergelbauer	u e̯ ʀ ɣ e l b a u̯ e ʀ
uergelspiller	uː ə̯ ʑ ə l ʃ p i l ɐ
uert	u e̯ t
uess	u ə̯ s
uessen	u ə̯ s ə n
uewen	u e̯ v e n
uewerkuer	u ə v ɐ k uː ə̯
ufank	u f ɑ ŋ k
ufro	u f ʀ oː
ulaf	u l aː f
ulm	u l m
ursaach	uː ʀ z aː χ
usproch	u ʃ p ʀ o χ
usprooch	u ʃ p ʀ oː χ
vagin	v a ʒ æ̃
vaginen	v a ʒ æ̃ e n
vakanz	v ɑ k ɑ n t s
vanill	v ɑ n i l
vas	v aː s
veianen	f ɑ ɪ̯ aː n ə n
veinen	f ɑ ɪ̯ n ə n
verbuet	f ɐ b u ə t
verdeedeger	f ɐ d eː d e ʁ ɐ
verfall	f ɐ f ɑ l
verfollegung	f ɐ f o l e ʁ u ŋ
verhalen	f ɐ h aː l ə n
verlaangen	f ɐ l aː ŋ ə n
verspriechen	f ɐ ʃ p ʀ i ə̯ χ e n
verspriechung	f ɐ ʃ p ʀ i ə̯ χ u ŋ
versteesdemech	f e r ʃ t eː s d e m e χ
versécherung	f ɐ z e χ e ʀ u ŋ
verteideger	f ɐ t ɑ ɪ̯ d e ʁ ɐ
verzweiwelung	f ɐ t͡s w ɑ ɪ̯ v ə l u ŋ
veräin	f e r æ i̯ n
veräiner	f e r æ i̯ n e r
vigel	f i ʁ e l
virdeel	f i ɐ̯ d eː l
virnumm	f iː ə̯ n u m
virolog	v i ʁ o l oː k
virologie	v i ʁ o l o ɡ iː
virstellung	f i ɐ̯ ʃ t æ l u ŋ
vitesse	v i t æ s
vollek	f o l ə k
vollmound	f o l m ə ʊ̯ n t
vott	v o t
vugel	f u ʁ e l
vull	f u l
véi	f ɜ ɪ̯
véiereck	f e i̯ r æ k
vëlo	v ə l oː
vëlossport	v ə l oː s ʃ p o ʀ t
waarzel	v aː t͡s ə l
waasser	v aː s e r
waasserball	v aː s ɐ b ɑ l
waasseren	v aː s e r e n
waasserlaf	v aː s ɐ l aː f
waassermann	v aː s ɐ m ɑ n
waassermeloun	v aː s ɐ m ə l ə ʊ̯ n
waasserpiipsert	v aː s ɐ p iː p s ɐ t
waasserpouken	v aː s ə p ə ʊ̯ k ə n
waasserstoff	v aː s ɐ ʃ t o f
wab	v aː p
waff	v ɑ f
wak	v aː k
wakelter	v aː k ə l t ɐ
wal	v aː l
wallis	v ɑ l i s
wand	v a n t
wandvitesse	v ɑ n d v i t æ s
wann	v ɑ n
wanter	v a n t e r
wantergréng	v ɑ n t ɐ ɡ ʀ e ŋ
wanterint	v ɑ n t ə ʀ i n t
wanterpanewippchen	v ɑ n t ɐ p aː n ə v i p ɕ ə n
watt	v ɑ t
wecker	v æ k ə
weed	v eː t
ween	v eː n
weeschësser	v eː ʃ ə s ɐ
weess	v eː s
weeër	v eː e r
wei	v ɑ ɪ̯
weid	v ɑ ɪ̯ t
weidemees	v ɑ ɪ̯ d ə m eː s
well	v æ l
welt	v æ l t
westen	v æ s t ə n
wett	v æ t
wick	v i k
widder	v i d ɐ
wiechter	v i e̯ χ t e r
wiel	v i e̯ l
wier	v iː ə̯
wierbeldéier	v iː ʀ b e l d ɜ ɪ̯ ɐ
wierfel	v iː ə̯ f ə l
wierm	v iː ə̯ m
wiert	v iː ə t
wiesen	v i ə z ə n
wiessel	v i ə̯ s ə l
winker	v i ŋ k ɐ
wirschtchen	v i r ʃ e n
wirschtercher	v i r ʃ t e r χ e r
wisel	v i z ə l
wisepiipsert	v iː z ə p i p s ɐ t
wittfra	v i t f ʀ aː
witz	v i t͡s
wo	v oː
woch	v o χ
woll	v o l
wollek	v o l ə k
wollekekrazert	v o l ə k ə k ʀ aː t͡s ɐ t
wolz	v o l t s
won	v oː n
wonn	v o n
wonner	v o n ɐ
wopen	v oː p e n
wouerecht	v e u̯ r e χ t
wuecht	v u e̯ χ t
wuechtel	v u ə̯ ɕ t ə l
wuechthond	v u ə̯ ɕ t h o n t
wued	v u ə̯ t
wuel	v u ə l
wuer	v u ɐ
wuerm	v uː ə̯ m
wuerzel	v u ə̯ t͡s ə l
wues	v u ə s
wuess	v u ə s
wull	v u l
wunneng	v u n e ŋ
wurscht	v u r ʃ t
wurschten	v u r ʃ t e n
wäermt	v ɛː ə̯ m t
wäert	v eː r t
wäikeller	v æː ɪ̯ k æ l ɐ
wäin	v æ i̯ n
wäiner	v æ i̯ n e r
wäissrussland	v æː ɪ̯ z ʀ u s l ɑ n t
wäitsprong	v æː ɪ̯ t ʃ p ʀ o ŋ
wäsch	v æ ʃ
wäschbier	v æ ʃ b i ə̯
wäschkichen	v æ ʃ k i ɕ ə n
wäschkuerf	v æ ʃ k uː ə̯ f
wässeg	v æ s ə ɕ
wéi	v e i̯
wéngert	v e ŋ e r t
wénkel	v e ŋ k ə l
wëllef	v ə l ə f
wëllen	v ə l ə n
wënzer	v ə n t͡s ɐ
wësch	v ə ʃ
wëssen	v ə s ə n
zaang	t s aː ŋ
zack	t s ɑ k
zalot	t s a l oː t
zam	t s aː m
zander	t͡s ɑ n d ɐ
zant	t s ɑ n t
zap	t͡s aː p
zapp	t s ɑ p
zatz	t s ɑ t s
zebra	t͡s eː b ʀ a
zebrasträif	t͡s eː b ʀ ɑ ʃ t ʀ æː ɪ̯ f
zeck	t s æ k
zeechen	t͡s eː ɕ ə n
zeen	t͡s eː n
zeien	t͡s ɑ ɪ̯ ə n
zeil	t s ɑ ɪ̯ l
zeitung	t s a i̯ t u ŋ
zeitungen	t͡s ɑ ɪ̯ t u ŋ ə n
zell	t s æ l
zelleri	t͡s æ l ə ʁ i
zelt	t͡s æ l t
zervéit	t͡s ɐ v ɜ ɪ̯ t
ziedel	t͡s i ə̯ d ə l
zier	t͡s iː ə̯
zigarett	t͡s i ɡ ɑ ʀ æ t
zigel	t͡s i ʑ ə l
zil	t͡s iː l
zill	t s i l
zillzapp	t͡s i l t͡s ɑ p
zitroun	t͡s i t ʀ ə ʊ̯ n
ziwwi	t s i v i
zoch	t s o χ
zocker	t s o k e r
zodi	t͡s oː d iː
zoll	t s o l
zomm	t͡s o m
zon	t͡s oː n
zooss	t s oː s
zoossiss	t͡s oː s i s
zopp	t͡s o p
zort	t s o r t
zoufall	t͡s ə ʊ̯ f ɑ l
zoustand	t͡s ə ʊ̯ ʃ t ɑ n t
zuch	t͡s u χ
zuel	t s u e̯ l
zuucht	t s uː χ t
zwangsrekrutéierten	t͡s w ɑ ŋ s ʀ ə k ʀ u t ɜ ɪ̯ ɐ t ə n
zweck	t͡s w æ k
zwecker	t͡s w æ k ɐ
zweiwel	t s v a i̯ v e l
zwilling	t͡s w i l i ŋ
zwir	t͡s w iː ə̯
zwirkinnek	t͡s w iː ə̯ k i n e k
zwiwwel	t͡s w i v ə l
zwäig	t s v æ i̯ χ
zylinder	t͡s i l i n d ɐ
zäertlechkeet	t͡s ɛː ə̯ t l ə ɕ k eː t
zäit	t s æ i̯ t
zäitplang	t͡s æː ɪ̯ t p l ɑ ŋ
zäitschrëft	t͡s æː ɪ̯ t ʃ ʁ ə f t
zänn	t͡s æ n
zänndokter	t͡s æ n d o k t ɐ
zäregas	t s eː r e ɡ aː s
zäreneffekt	t͡s ɛː ʀ ə n e f æ k t
zécken	t͡s e k ə n
zéif	t͡s ɜ ɪ f
zéiwennol	t͡s ɜ ɪ̯ v ə n oː l
zénk	t͡s e ŋ k
zëmmer	t͡s ə m ɐ
zënn	t s ə n
aacht	aː χ t
aarbechtslos	aː r b e χ t s l oː s
aartlech	aː r t l e χ
abiméiert	ɑ b i m ɜ ɪ̯ ɐ t
ablécklech	ɑ p l e k l e χ
abonéieren	ɑ b o n ɜ ɪ̯ ə ʀ ə n
absichtlech	ɑ p z i χ t l e χ
abstrakt	ɑ p s t ʀ ɑ k t
absurd	ɑ p z u ʀ t
adeleg	aː d e l e χ
afen	aː f e n
agreabel	ɑ ɡ ʁ e aː b ə l
agresséieren	ɑ ɡ ʀ æ s ɜ ɪ̯ ə ʀ ə n
ahnen	aː n e n
akadeemesch	ɑ k ɑ d eː m ə ʃ
akribesch	ɑ k r iː b e ʃ
aktivéieren	ɑ k t i v ɜ ɪ̯ ə ʀ ə n
al	aː l
alertéieren	ɑ l æ ʀ t ɜ ɪ̯ ə ʀ ə n
alignéieren	ɑ l i n j ɜ ɪ̯ ə ʀ ə n
allefalls	ɑ l ə f ɑ l s
allenenn	ɑ l ə n æ n
allerdéngs	ɑ l ɐ d e ŋ s
allmächteg	ɑ l m æ ɕ t e ɕ
amplaz	a m p l aː t s
an	a n
anchecken	a n t ʃ æ k e n
andecken	a n d æ k e n
andeelen	a n d eː l e n
andeems	a n d eː m s
andreiwen	a n d ʀ a i̯ v e n
androen	a n d ʀ o e n
aner	aː n e ʀ
anescht	aː n e ʃ t
apaart	a p aː t
aplaz	a p l aː t s
aschléissen	a ʃ l e i̯ s e n
aschätzen	a ʃ æ t s e n
asetzen	a z æ t s e n
ausfroen	æː ʊ s f ʀ oː ə n
awanderen	a v a n d e ʀ e n
awer	aː v e ʀ
baang	b aː ŋ
baken	b aː k e n
bannen	b a n e n
batter	b a t e r
bedeckt	b e d æ k t
bedeiten	b e d a i̯ t e n
bedrécken	b e d ʀ e k e n
beezen	b eː t s e n
befielen	b e f i e̯ l e n
begieren	b e ɡ i e̯ ʀ e n
begierlech	b e ɡ iː ʀ l e χ
begleeden	b e ɡ l eː d e n
begrënnen	b e ɡ ʀ e n e n
begéinen	b e ɡ e i̯ n e n
behaapten	b e h aː p t e n
beige	b eː ʃ
beleedegen	b e l eː d e ʁ e n
beleeën	b e l e e n
bemierken	b e m i e̯ k e n
beobachten	b e oː b a χ t e n
bereien	b e ʀ a i̯ e n
beriichten	b e ʀ iː χ t e n
beréieren	b e ʀ e i̯ ʀ e n
beschléissen	b e ʃ l e i̯ s e n
beschreiwen	b e ʃ ʀ a i̯ v e n
beschränken	b e ʃ ʀ æ ŋ k e n
beschwéiert	b e ʃ v e ɪ̯ e ʀ t
besetzen	b e z æ t s e n
besonnesch	b e z o n e ʃ
bespriechen	b e ʃ p ʀ i e̯ χ e n
bestellen	b e ʃ t æ l e n
bestiits	b e ʃ t iː t s
bestit	b e ʃ t iː t
bestrofen	b e ʃ t ʀ oː f e n
bestueden	b e ʃ t u e̯ d e n
bestuet	b e ʃ t u e̯ t
betounen	b e t e u̯ n e n
beuechten	b e u e̯ χ t e n
bewegen	b e v eː ʁ e n
bezeechnen	b e t s eː χ n e n
bezeien	b e t s a i̯ e n
bezuelen	b e t s u e̯ l e n
bezweiwelen	b e t s v a i̯ v e l e n
bezwéngen	b ə t͡s w e ŋ ə n
bieden	b i e̯ d e n
biergen	b i e̯ ʁ e n
biergof	b iː ʀ χ oː f
biergop	b i ə̯ ʀ χ o p
biewen	b i e̯ v e n
biichten	b iː χ t e n
biischten	b iː ʃ t ə n
bilden	b i l d e n
billen	b i l e n
bis	b i s
bitzen	b i t s e n
blann	b l a n
blatzeg	b l ɑ t s e χ
bleech	b l eː χ
bleechen	b l eː χ e n
bleiwen	b l a i̯ v e n
blennen	b l æ n e n
blesséieren	b l æ s e i̯ ʀ e n
blitt	b l i t
blitts	b l i t s
blo	b l o
bloost	b l oː s t
blosen	b l oː z e n
blouss	b l e u̯ s
bludden	b l u d e n
bluttjonk	b l u t j o ŋ k
bluttrout	b l u t ʀ e u̯ t
bläien	b l æ i̯ e n
bläifräi	b l æ i̯ f r æ i̯
bléien	b l e i̯ e n
bléis	b l e i̯ s
bléist	b l e i̯ s t
bléit	b l e i̯ t
blénken	b l e ŋ k e n
blëtzen	b l e t s e n
botanesch	b oː t aː n e ʃ
botzen	b o t s e n
braconnéieren	b ʀ a k o n e i̯ ʀ e n
brauchen	b ʀ æ u̯ χ e n
brauen	b r a u̯ e n
breet	b ʀ eː t
brennen	b ʀ æ n e n
bretzeg	b ʀ æ t s ə ɕ
bretzen	b ʀ æ t s e n
briech	b ʀ i e̯ χ
briecht	b ʀ i e̯ χ t
brittesch	b ʀ i t e ʃ
broden	b ʀ oː d e n
brodéieren	b ʀ o d e i̯ ʀ e n
brong	b ʀ o ŋ
bronkeg	b ʀ o ŋ k e χ
bréchs	b ʀ e χ s
brécht	b r e χ t
bréit	b ʀ e i̯ t
bréits	b ʀ e i̯ t s
bréngen	b r e ŋ e n
brëllen	b r e l e n
buchen	b u χ e n
buddelen	b u d e l e n
bueden	b u e̯ d e n
bueren	b uː r e n
bäikommen	b æ i̯ k o m e n
bäileeën	b æ i̯ l e e n
bäisetzen	b æ i̯ z æ t s e n
bäiss	b æ i̯ s
bäissen	b æ i̯ s e n
bäisst	b æ i̯ s t
bécken	b e k e n
béid	b e i̯ t
béiden	b e i̯ d e n
béis	b e i̯ s
béissen	b e i̯ s e n
bëlleg	b e l e χ
bënns	b e n s
bënnt	b e n t
bëselen	b e z e l e n
capabel	k a p aː b e l
catchen	k a t ʃ e n
changéieren	ʃ ã ʒ e i̯ ʀ e n
chaufféieren	ʃ o f e i̯ ʀ e n
chrëschtlech	k ʀ e ʃ t l e χ
coachen	k oː t͡ʃ ə n
couragéiert	k u ʀ aː ʒ e ɪ̯ e ʀ t
d'	d
daachen	d aː χ e n
dach	d a χ
dacks	d a k s
dafstomm	d aː f ʃ t o m
dangen	d a ŋ e n
danken	d a ŋ k e n
dann	d a
danzen	d a n t s e n
daper	d aː p e ʀ
dass	d a s
dat	d a t
datt	d a t
dauchen	d æ u̯ χ e n
daueren	d a u̯ ʀ e n
dausend	d a u̯ z e n t
dech	d e χ
deefen	d eː f e n
deeglech	d eː χ l e χ
deelen	d eː l e n
deem	d eː m
deemno	d eː m n o
deemools	d eː m oː l s
deen	d eː n
dees	d eː s
deet	d eː t
degustéieren	d eː ɡ y s t e i̯ ʀ e n
deier	d a i̯ e ʀ
dem	d e m
den	d e n
deng	d e ŋ
dengem	d e ŋ e m
dengen	d e ŋ e n
denger	d e ŋ e ʀ
denken	d æ ŋ k e n
der	d e r
derhanner	d e ʀ h a n e ʀ
dicht	d i χ t
dier	d iː r
diktéieren	d i k t e i̯ ʀ e n
dillen	d i l e n
dinn	d i n
diskutéieren	d i s k u t e i̯ ʀ e n
ditzen	d i t s e n
do	d o
dobannen	d o b a n e n
dobaussen	d o b æ u̯ s e n
dobäi	d o b æ i̯
doduerch	d o d u e̯ χ
dofir	d o f iː ʀ
doften	d o f t e n
dogéint	d o ɡ e i̯ n t
dohannen	d o h a n e n
dohanner	d o h a n e ʀ
dohin	d o h i n
dohinner	d o h i n e ʀ
domat	d oː m a t
domm	d o m
donkel	d o ŋ k e l
donneren	d o n e ʀ e n
dono	d o n o
doran	d o ʀ a n
doraus	d o ʀ æ u̯ s
doriwwer	d o ʀ i v e ʀ
doropshin	d o ʀ o p s h i n
dorun	d o ʀ u n
dout	d e u̯ t
dovun	d o f u n
dovunner	d o f u n e ʀ
dozou	d o t s e u̯
draleeën	d ʀ a l e e n
dran	d ʀ a n
dreeën	d r eː e n
dreif	d ʀ a i̯ f
dreifs	d ʀ a i̯ f s
dreift	d r a i̯ f t
dreiwen	d r a i̯ v e n
dreschen	d ʀ æ ʃ e n
driwwer	d ʀ i v e ʀ
dro	d ʀ o
droen	d r oː e n
droleg	d ʀ oː l e χ
drun	d ʀ u n
dräifach	d ʀ æ i̯ f a χ
dräimol	d ʀ æ i̯ m oː l
dräizéng	d ʀ æ i̯ t s e ŋ
dräizéngt	d ʀ æ i̯ t s e ŋ t
drängen	d ʀ æ ŋ e n
dränken	d ʀ æ ŋ k e n
dréchnen	d ʀ e χ n e n
drécken	d r e k e n
dréien	d r e i̯ e n
dréif	d ʀ ɜ ɪ f
dréinen	d r e i̯ n e n
dréis	d ʀ e i̯ s
dréiwen	d ʀ e i̯ v e n
dréngen	d ʀ e ŋ e n
drénk	d ʀ e ŋ k
drénks	d ʀ e ŋ s
drénkt	d ʀ e ŋ t
drënner	d ʀ e n e ʀ
drësseg	d ʀ e s e χ
drëtt	d ʀ e t
du	d u
ducken	d u k e n
duebel	d u e̯ b e l
duer	d uː ʀ
duerch	d u e̯ χ
duerchsetzen	d u e̯ χ z æ t s e n
duerleeën	d uː ʀ l e e n
duerno	d u e̯ n o
duschen	d u ʃ e n
duuss	d uː s
däerfen	d eː ʀ f e n
däin	d æ i̯ n
däischter	d æ i̯ ʃ t e r
däitschsproocheg	d æ i̯ t ʃ ʃ p ʀ oː χ e χ
dämpen	d æ m p e n
där	d eː r
déck	d e k
déi	d e i̯
déijéineg	d e ɪ̯ ʁ e ɪ̯ n e χ
dëllen	d e l e n
dëmpen	d e m p e n
dënn	d e n
dës	d e s
dësem	d e z e m
dësen	d e z e n
dëser	d e z e ʀ
dëst	d e s t
dösen	d øː z e n
ech	e χ
eddy	æ d i
eechen	eː χ e n
eedel	eː d e l
eegen	eː ʁ e n
eegentlech	eː ʁ e n t l e χ
eekelen	eː k e l e n
eeleft	eː l e f t
eemol	eː m oː l
eeneeëg	eː n eː e χ
eenegen	eː n e ʁ e n
eent	eː n t
eenzel	eː n t s e l
eesäiteg	eː z æ i̯ t e χ
eeteren	eː t e ʀ e n
effikass	æ f i k a s
eleng	e l æ ŋ
ellen	æ l e n
ellent	æ l e n t
elo	e l o
em	e m
endlech	æ n t l e χ
eneen	e n eː n
eng	æ ŋ
engem	æ ŋ e m
engen	æ ŋ e n
enger	æ ŋ e ʀ
engersäits	æ ŋ ɐ z æː ɪ̯ t͡s
enk	æ ŋ k
enorm	e n o ʀ m
enregistréieren	ã ʀ e ʒ i s t ʀ e i̯ ʀ e n
entbannen	æ n t b a n e n
entbieren	æ n t b iː r e n
entdecken	æ n t d æ k e n
entfléien	æ n t f l e i̯ e n
entsat	æ n t z aː t
entschlofen	æ n t ʃ l oː f e n
entschléissen	æ n t ʃ l e i̯ s e n
entschëllegen	æ n t ʃ e l e ʁ e n
entschëllegt	æ n t ʃ e l e χ t
entsetzen	æ n t z æ t s e n
entspriechen	æ n t ʃ p ʀ i e̯ χ e n
entstoen	æ n t ʃ t oː ə n
entweeder	æ n t v eː d ɐ
entwéckelen	æ n t v e k e l e n
entwëschen	æ n t v e ʃ e n
eppes	æ p e s
eraleeën	e ʀ a l e e n
erfrëschen	e ʀ f ʀ e ʃ e n
ergätzen	e ʀ ɡ æ t s e n
erhuuschen	e ʀ h uː ʃ e n
erhuuschten	e ʀ h uː ʃ t e n
eriwwer	e ʀ i v e ʀ
erkennen	e ʀ k æ n e n
erlaben	e ʀ l aː b e n
erof	e ʀ oː f
eroffalen	e ʀ oː f f aː l e n
eroflueden	e r o f l uː d e n
erofsetzen	e ʀ oː f z æ t s e n
eropsetzen	e ʀ o p z æ t͡s e n
ersetzen	e ʀ z æ t͡s e n
erstaunlech	ɐ ʃ t ɑ ʊ̯ n l ə ɕ
erstécken	e ʀ ʃ t e k e n
erwaarden	e ʀ v aː d e n
erwëschen	e ʀ v e ʃ e n
erzéien	e ʀ t s e i̯ e n
eréischt	e ʀ e i̯ ʃ t
erëm	e r e m
erënneren	e ʀ e n e ʁ e n
esou	e z e u̯
esoubal	e z u b aː l
esouguer	e z u ɡ uː ʀ
esoulaang	e z u l aː ŋ
et	e t
ewech	e v æ χ
ewell	e v æ l
ewéi	e v e i̯
exageréieren	æ k z a ʒ e ʀ e i̯ ʀ e n
explizéieren	æ k s p l i t s e i̯ r e n
exteren	æ k s t e ʀ e n
faarweblann	f aː r v e b l a n
faaschten	f aː ʃ t e n
faassen	f aː s e n
fad	f aː t
falen	f aː l e n
falls	f a l s
fann	f a n
fannen	f a n e n
fannt	f a n t
faul	f æː ʊ l
faulen	f a u̯ l e n
faulenzen	f æ u̯ l æ n t s e n
feelen	f eː l e n
feeën	f e e n
feieren	f a i̯ ʀ e n
fest	f æ s t
festsetzen	f æ s t z æ t s e n
feststellen	f æ s t ʃ t æ l e n
fidderen	f i d e ʀ e n
fierwen	f i e̯ v e n
fir	f e
firwat	f i ə̯ v aː t
fiselen	f i z e l e n
fit	f i t
flaach	f l aː χ
fladderen	f l a d e ʀ e n
flappseg	f l ɑ p s ə ɕ
flechten	f l æ χ t e n
flirten	f l œː t e n
flitt	f l i t
flitts	f l i t s
flitzen	f l i t s e n
flou	f l u
fluchen	f l u χ ə n
flutschen	f l u t ʃ e n
fläissen	f l æ i̯ s e n
flécken	f l e k e n
fléi	f l e i̯
fléien	f l e i̯ e n
fléissen	f l e i̯ s e n
fofzeg	f o f t s e χ
fofzéng	f o f t s e ŋ
fofzéngt	f o f t s e ŋ t
follegen	f o l e ʁ e n
fooschen	f oː ʃ e n
formatéieren	f o ʀ m a t e i̯ ʀ e n
formidabel	f o ʀ m i d aː b e l
fouen	f e u̯ e n
foussen	f e u̯ s e n
freeën	f ʀ e e n
freien	f ʀ a i̯ e n
friddlech	f ʀ i t l e χ
friem	f ʀ i e̯ m
friess	f ʀ i e̯ s
friessen	f ʀ i e̯ s e n
friesst	f ʀ i e̯ s t
froen	f ʀ oː e n
fromm	f ʀ o m
frou	f r e u̯
fräi	f r æ i̯
fréi	f r e i̯
fréier	f r e i̯ e r
fréieren	f r e i̯ r e n
frësch	f r e ʃ
frëss	f ʀ e s
frësst	f ʀ e s t
fuebelen	f u e̯ b e l e n
fueren	f uː r e n
fuerschen	f u e̯ ʃ e n
fuert	f uː ʀ t
fuerzen	f u e̯ t s e n
futti	f u t i
fäeg	f e e χ
fäerdeg	f eː ʀ d e χ
fäerten	f eː ʀ t e n
fälleg	f æ l e χ
fälschen	f æ l ʃ e n
fänken	f æ ŋ k e n
fécken	f e k e n
féieren	f e i̯ ʀ e n
fëllen	f e l e n
fëmmen	f e m e n
fënnef	f e n e f
fënneft	f e n e f t
fënns	f e n s
fënnt	f e n t
fëschen	f e ʃ e n
gaapsen	ɡ aː p s e n
ganz	ɡ a n s
gebass	ɡ e b a s
geblitt	ɡ e b l i t
geblosen	ɡ e b l oː z e n
gebonnen	ɡ e b o n e n
gebrauchen	ɡ e b ʀ æ u̯ χ e n
gebroden	ɡ e b ʀ oː d e n
gebräichlech	ɡ e b ʀ æ i̯ χ l e χ
gebueden	ɡ e b u e̯ d e n
gedoen	ɡ e d o e n
gedriwwen	ɡ e d r i v e n
gedroen	ɡ e d ʀ o e n
gedronk	ɡ e d ʀ o ŋ k
geeschteg	ɡ eː ʃ t e χ
geeschtlech	ɡ eː ʃ t l e χ
gefalen	ɡ e f aː l e n
geflass	ɡ e f l a s
geflunn	ɡ e f l u n
gefriess	ɡ e f ʀ i e̯ s
gefuer	ɡ e f uː ʀ
gehaen	ɡ e h a e n
gehalen	ɡ e h aː l e n
geheien	ɡ e h a i̯ e n
geheim	ɡ e h a i̯ m
geholl	ɡ e h o l
gehuewen	ɡ e h u e̯ v e n
gehéiereg	ɡ e h e i̯ ʀ e χ
gehéieren	ɡ e h e i̯ ʀ e n
gejot	ɡ e j oː t
geklommen	ɡ e k l o m e n
gelaf	ɡ e l aː f
geleeën	ɡ e l e e n
gelidden	ɡ e l i d e n
gelooss	ɡ e l oː s
gelungen	ɡ e l u ŋ e n
gelunn	ɡ e l u n
geléngen	ɡ e l e ŋ e n
gemaach	ɡ e m aː χ
gemidden	ɡ e m i d e n
genuch	ɡ e n u χ
genéieren	ʒ e n e i̯ ʀ e n
genéissen	ɡ e n e i̯ s e n
gepaakt	ɡ e p aː k t
geraf	ɡ e ʀ aː f
geraimeg	ɡ e ʀ a i̯ m e χ
gerass	ɡ e r a s
gerecht	ɡ e ʀ æ χ t
gereest	ɡ e ʀ eː s t
geridden	ɡ e ʀ i d e n
geriwwen	ɡ e ʀ i v e n
germanesch	ɡ eː ʀ m aː n e ʃ
geroden	ɡ e ʀ oː d e n
geréieren	ʒ e ʀ e i̯ ʀ ə n
geschass	ɡ e ʃ a s
gescheit	ɡ ə ʃ ɑ ɪ̯ t
geschitt	ɡ e ʃ i t
geschlass	ɡ e ʃ l a s
geschlechtsflësseg	ɡ e ʃ l æ χ t s f l e s e χ
geschmass	ɡ e ʃ m a s
geschwënn	ɡ e ʃ v e n
geschéien	ɡ e ʃ e i̯ e n
gesetzlech	ɡ e z æ t s l e χ
gesinn	ɡ e z i n
gesond	ɡ e z o n t
gesprongen	ɡ e ʃ p ʀ o ŋ e n
gespréicheg	ɡ e ʃ p ʀ e i̯ χ e χ
gespuert	ɡ e ʃ p uː r t
gesträift	ɡ e ʃ t ʀ æ i̯ f t
getratt	ɡ e t ʀ a t
getrueden	ɡ e t ʀ u e̯ d e n
getëppelt	ɡ e t e p e l t
gewannen	ɡ e v a n e n
gewiescht	ɡ e v i e̯ ʃ t
gewosst	ɡ e v o s t
gewuess	ɡ e v u e̯ s
gewuesst	ɡ e v u e̯ s t
gezunn	ɡ e t s u n
gezwitschert	ɡ e t s v i t ʃ e ʀ t
giel	ɡ i e̯ l
gierwen	ɡ i e̯ v e n
giess	ɡ i e̯ s
ginn	ɡ i n
gipsen	ɡ i p s ə n
glaseg	ɡ l aː z e χ
glat	ɡ l aː t
gleewen	ɡ l eː v e n
gliddeg	ɡ l i d e χ
glidderen	ɡ l i d e ʀ e n
gliesen	ɡ l i e̯ z e n
glott	ɡ l o t
glousen	ɡ l e u̯ z e n
gläich	ɡ l æ i̯ χ
gläichen	ɡ l æ i̯ χ e n
glécken	ɡ l e k e n
goen	ɡ oː e n
gonnen	ɡ o n e n
graff	ɡ r a f
gratinéieren	ɡ ʀ a t i n e i̯ ʀ e n
grell	ɡ ʀ æ l
grillen	ɡ ʀ i l ə n
gro	ɡ ʀ o
grommelen	ɡ ʀ o m e l e n
groussaarteg	ɡ r e u̯ s aː r t e χ
groussem	ɡ ʀ e u̯ s e m
groussen	ɡ ʀ e u̯ s e n
grousser	ɡ ʀ e u̯ s e ʀ
grousst	ɡ ʀ e u̯ s t
gräifen	ɡ ʀ æ i̯ f e n
gräisslech	ɡ ʀ æ i̯ s l e χ
gréng	ɡ r e ŋ
gréngen	ɡ r e ŋ e n
grënnen	ɡ ʀ e n e n
guddem	ɡ u d e m
gudden	ɡ u d e n
gudder	ɡ u d e ʀ
guer	ɡ uː r
gäisselen	ɡ æ i̯ s e l e n
gäizen	ɡ æ i̯ t s e n
gär	ɡ eː r
géi	ɡ e i̯
géint	ɡ e i̯ n t
géinteneen	ɡ e i̯ n t e n eː n
géissen	ɡ e i̯ s e n
gëllen	ɡ e l e n
gënnen	ɡ e n e n
gëscht	ɡ e ʃ t
gëschter	ɡ e ʃ t e ʀ
haalt	h aː l t
haaptsächlech	h aː p t z æ χ l e χ
haart	h aː r t
haassen	h aː s e n
hachéieren	a ʃ e i̯ ʀ e n
hafteg	h ɑ f t ə ɕ
halen	h aː l e n
hallef	h a l e f
hamsteren	h ɑ m s t ə ʁ ə n
handelen	h a n d e l e n
hannen	h a n e n
hannendran	h a n e n d ʀ a n
hannendrun	h a n e n d ʀ u n
hannenno	h a n e n n o
hanner	h a n e ʀ
hannereneen	h a n e ʀ e n eː n
hannerwands	h a n e ʀ v a n s
hanneschtsetzen	h a n e ʃ t z æ t s e n
hannevir	h a n e f iː ʀ
hat	h aː t
hautdesdaags	h a u̯ t d e s d aː χ s
heefen	h eː f e n
heelen	h eː l e n
heemschécken	h eː m ʃ e k e n
hees	h eː s
heeschen	h eː ʃ e n
heften	h æ f t e n
hei	h a i̯
hell	h æ l
hellblo	h æ l b l o
helleg	h æ l e χ
hellegspriechen	h æ l e χ ʃ p ʀ i e̯ χ e n
hessesch	h æ s e ʃ
hexen	h æ k s e n
hicken	h i k e n
hidden	h i d e n
hien	h i e̯ n
hiewen	h i e̯ v e n
him	h i m
himmelblo	h i m e l b l o
himmelen	h i m e l e n
hindeiten	h i n d a i̯ t e n
hinnen	h i n e n
hir	h iː ʀ
historesch	h i s t oː ʀ e ʃ
hiweisen	h i v a i̯ z e n
hoffen	h o f e n
hoppelen	h o p e l e n
hospitaliséieren	h ɔ s p i t ɑ l i z ɜ ɪ̯ ə ʁ ə n
houfreg	h e u̯ f ʀ e χ
houschten	h e u̯ ʃ t e n
huel	h u e̯ l
huelen	h u e̯ l e n
huelt	h u e̯ l t
huerteg	h ʊ ə̯ ʀ t e χ
hummeren	h u m ə ʀ ə n
huppen	h u p e n
huschen	h u ʃ e n
huwwelen	h u v e l e n
häerden	h eː ʀ d e n
häerzeg	h eː r t s e χ
häls	h æ l s
hält	h æ l t
hänken	h æ ŋ k e n
hänselen	h æ n z e l e n
hätschelen	h æ t ʃ e l e n
héchstens	h e k s t e n s
héich	h e i̯ χ
héieren	h e i̯ r e n
héiflech	h e i̯ f l e χ
héijen	h e i̯ ʁ e n
héissen	h e i̯ s e n
hëllefen	h e l e f e n
hëls	h e l s
hëlt	h e l t
hëlzen	h e l t s e n
hëtzen	h e t s e n
ideal	i d e aː l
ieren	iː r e n
ierflech	i e̯ f l e χ
iergenden	i e̯ ʁ e n t e n
iergendeng	i e̯ ʁ e n t æ ŋ
iergendengem	i e̯ ʁ e n t æ ŋ e m
iergendenger	i e̯ ʁ e n t æ ŋ e ʀ
iergeren	i e̯ ʁ e ʀ e n
iess	i e̯ s
iesst	i e̯ s t
iewescht	i e̯ v e ʃ t
iwwer	i v e ʀ
iwwerdreiwen	i v e r d r a i̯ v e n
iwwerdriwwen	i v e ʀ d ʀ i v e n
iwwergräifen	i v e ʀ ɡ ʀ æ i̯ f e n
iwwerhaapt	i v ɐ h aː p t
iwwerliewen	i v e r l i e̯ v e n
iwwersetzen	i v e ʀ z æ t s e n
iwwerweisen	i v e ʀ v a i̯ z e n
jauwen	ʒ a u̯ v e n
jee	j eː
jees	j eː s
jeet	j eː t
jidder	j i d e r
jiddereen	j i d e r eː n
joen	j oː e n
jongléieren	ʒ o ŋ ɡ l e i̯ ʀ e n
jonk	j o ŋ k
jorelaang	j oː ə̯ ʀ ə l aː ŋ
jot	j oː t
jubiléieren	j u b i l e i̯ ʀ e n
jäizen	j æ i̯ t s e n
jéimeren	j e i̯ m e ʀ e n
kaaft	k aː f t
kachen	k a χ e n
kaf	k aː f
kafen	k aː f e n
kal	k aː l
kann	k a n
kanns	k a n s
kaschten	k ɑ ʃ t ə n
kathoulesch	k a t ə ʊ l ə ʃ
katzen	k ɑ t s ə n
kaum	k æː ʊ̯ m
kazen	k aː t s ə n
keefs	k eː f s
keeft	k eː f t
keen	k eː n
keng	k æ ŋ
kengem	k æ ŋ ə m
kengen	k æ ŋ ə n
kenger	k æ ŋ ɐ
kennen	k æ n ə n
kieren	k i ə̯ ʀ ə n
kill	k i l
killen	k i l ə n
klaken	k l aː k ə n
klamm	k l ɑ m
klammen	k l ɑ m ə n
klammt	k l ɑ m t
klappen	k l ɑ p ə n
klassesch	k l ɑ s ə ʃ
kleeden	k l eː d ə n
kleesper	k l eː s p ɐ
kleng	k l æ ŋ
klengem	k l æ ŋ ə m
klengen	k l æ ŋ ə n
klenger	k l æ ŋ ɐ
klengt	k l æ ŋ t
klicken	k l i k ə n
kliewen	k l i e̯ v e n
kloen	k l oː e n
kloer	k l oː e r
klécken	k l e k ə n
kléngen	k l e ŋ ə n
klëmms	k l ə m s
klëmmt	k l ə m t
knapps	k n ɑ p s
knieden	k n i ə̯ d ə n
knäipen	k n æ i̯ p e n
knécken	k n e k ə n
knëppen	k n ə p ə n
kollen	k o l e n
komesch	k oː m ə ʃ
komm	k o m
kommen	k o m ə n
kommt	k o m t
kompetent	k o m p ə t æ n t
komplett	k o m p l æ t
konfus	k o n f uː s
konnt	k o n t
konnten	k o n t ə n
konnts	k o n t s
konzentréieren	k o n t͡s æ n t ʀ ɜ ɪ̯ e ʀ e n
koppeg	k o p ə ɕ
korrekt	k o ʀ æ k t
koum	k ə ʊ̯ m
koumen	k ə ʊ̯ m ə n
koums	k ə ʊ̯ m s
koumt	k ə ʊ̯ m t
kraachen	k ʀ aː χ ə n
krank	k ʀ ɑ ŋ k
krappeg	k ʀ ɑ p ə ɕ
krazen	k ʀ aː t s ə n
kriddeleg	k ʀ i d ə l ə ɕ
kriits	k ʀ iː t s
kriss	k ʀ i s
krit	k ʀ iː t
kriten	k ʀ iː t ə n
kritesch	k ʀ i t ə ʃ
kritt	k ʀ i t
krut	k ʀ uː t
kruten	k ʀ uː t ə n
kruuts	k ʀ uː t s
kräischen	k r æ i̯ ʃ e n
kräizen	k ʀ æː ɪ̯ t͡s ə n
kränken	k ʀ æ ŋ k e n
krëmmen	k ʀ ə m ə n
kucken	k u k ə n
kuerz	k u e̯ t s
käichen	k æː ɪ̯ ɕ ə n
käppen	k æ p ə n
kéim	k ɜ ɪ̯ m
kéimen	k ɜ ɪ̯ m ə n
kéims	k ɜ ɪ̯ m s
kéimt	k ɜ ɪ̯ m t
kéint	k e i̯ n t
kéinten	k ɜ ɪ̯ n t ə n
kéints	k ɜ ɪ̯ n t s
kéipweis	k ɜ ɪ̯ p v ɑ ɪ̯ s
kéngen	k e ŋ ə n
këmmen	k ə m ə n
këmmeren	k ə m ə ʀ ə n
kënnen	k e n e n
kënns	k ə n s
kënnt	k e n t
laachen	l aː χ ə n
laaft	l aː f t
laang	l aː ŋ
laanscht	l aː n ʃ t
laaschten	l aː ʃ t ə n
lafen	l aː f ə n
landen	l ɑ n d ə n
lass	l ɑ s
lauschteren	l æ u̯ ʃ t e r e n
leeden	l eː d ə n
leefs	l eː f s
leeft	l eː f t
leeën	l eː e n
lei	l ɑ ɪ̯
leiden	l ɑ ɪ̯ d ə n
leien	l a i̯ e n
leieren	l ɑ ɪ̯ ə ʀ ə n
leits	l ɑ ɪ̯ t s
lescht	l æ ʃ t
liesen	l i e̯ z e n
lieweg	l i e̯ v e χ
liichten	l iː ɕ t ə n
literaresch	l i t ə ʀ aː ʀ ə ɕ
litt	l i t
litts	l i t s
liwweren	l i v ə ʁ ə n
lokal	l o k aː l
looss	l oː s
loossen	l oː s ə n
loosst	l oː s t
louch	l ə ʊ̯ χ
louchen	l ə ʊ̯ χ ə n
louchs	l ə ʊ̯ χ s
loucht	l ə ʊ̯ χ t
lounen	l ə ʊ̯ n ə n
lueden	l u ə d ə n
lues	l u ə̯ s
läichen	l æː ɪ̯ ɕ ə n
läimen	l æː ɪ̯ m ə n
läis	l æː ɪ̯ s
läit	l æː ɪ̯ t
läschen	l æ ʃ e n
léi	l ɜ ɪ̯
léich	l ɜ ɪ̯ ɕ
léichen	l ɜ ɪ̯ ɕ ə n
léichs	l ɜ ɪ̯ ɕ s
léicht	l ɜ ɪ̯ ɕ t
léien	l e i̯ e n
léieren	l ɜ ɪ̯ ə ʀ ə n
léif	l e i̯ f
léinen	l e i̯ n e n
léisen	l e i̯ z e n
léiss	l ɜ ɪ̯ s
léisst	l ɜ ɪ̯ s t
léiwen	l e ɪ̯ v ə n
lénks	l e ŋ k s
lëschteg	l e ʃ t e χ
maacht	m aː χ t
maandelweis	m aː n d ə l v ɑ ɪ̯ s
maans	m aː n s
man	m aː n
markéieren	m ɑ ʀ k ɜ ɪ̯ ə ʀ ə n
maschinell	m ɑ ʃ i n æ l
mat	m ɑ t
mateneen	m ɑ d e n eː n
matfillen	m ɑ t f i l ə n
matzen	m ɑ t͡s ə n
mech	m e χ
meiden	m ɑ ɪ̯ d ə n
meit	m ɑ ɪ̯ t
meits	m ɑ ɪ̯ t s
mellen	m æ l ə n
meng	m e ŋ
mengem	m e ŋ ə m
mengen	m e ŋ ə n
menger	m e ŋ ɐ
mer	m ɐ
midd	m i t
mierken	m iː ə̯ k ə n
miessen	m i ə̯ s ə n
mir	m iː r
misst	m i s t
missten	m i s t ə n
mockeleg	m o k ə l ə ɕ
moer	m oː e r
mof	m oː f
molen	m oː l ə n
momentan	m oː m ə n t aː n
monter	m o n t ɐ
moossen	m oː s ə n
muench	m u ə n ɕ
muer	m uː r
munch	m u n ɕ
munchmol	m u n ɕ m oː l
munnech	m u n ə ɕ
muss	m u s
mussen	m u s ə n
musst	m u s t
mussten	m u s t ə n
mä	m æ
mäin	m æː ɪ̯ n
männlech	m æ n l ə ɕ
méchs	m e χ s
méien	m ɜ ɪ̯ ə n
méiglech	m ɜ ɪ̯ ʑ l ə ɕ
méiglecherweis	m ɜ ɪ̯ ʁ l e χ ɐ v ɑ ɪ̯ s
mëll	m e l
mënschlech	m e n ʃ l e χ
mëschen	m ə ʃ ə n
mëssen	m ə s ə n
naass	n aː s
nach	n ɑ χ
natierlech	n a t iː ʀ l e χ
nawell	n aː v æ l
nee	n eː
neelen	n eː l ə n
neen	n eː n
nees	n eː s
nei	n a i̯
nennen	n æ n ə n
net	n e t
netzen	n æ t s ə n
nidder	n i d ɐ
nidderlännesch	n i d ɐ l æ n ə ʃ
nieft	n i ə f t
nieren	n i ə ʀ ə n
niewent	n i ə v ə n t
niwweleg	n ɪ v ə l ə ɕ
no	n oː
nodeem	n oː d eː m
noeneen	n oː ə n eː n
nofillen	n oː f i l ə n
nonzeg	n o n t͡s ə ɕ
nonzéng	n o n t͡s e ŋ
nonzéngt	n o n t͡s e ŋ t
näischt	n æː ɪ̯ ʃ t
nämlech	n ɛː m l e χ
nécken	n e k ə n
néideg	n ɜ ɪ̯ d ə ɕ
néien	n ɜ ɪ̯ ə n
néng	n e ŋ
néngt	n e ŋ t
nëmmen	n e m e n
ob	o p
och	o χ
of	oː f
offléissen	o f f l ɜ ɪ̯ s ə n
offälleg	o f f æ l ə ɕ
ofginn	oː f ɡ i n
oflafen	o f l aː f ə n
ofleeën	oː f l eː ə n
ofschafen	oː f ʃ aː f ə n
ofschléissen	o f ʃ l ɜ ɪ̯ s ə n
ofsetzen	oː v z æ t s ə n
ofspriechen	oː f ʃ p ʀ i ə̯ χ e n
onbaarmhäerzeg	o n b aː ʀ m h eː ʀ t͡s e χ
onbedéngt	o n b ə d e ŋ t
onerwaart	o n ɐ v aː t
ongutt	o n ɡ u t
onnatierlech	o n n a t iː ʀ l e χ
onverfälscht	o n f ɐ f æ l ʃ t
ootmen	oː t m ə n
op	o p
operstoen	o p ɐ ʃ t oː ə n
opfaassen	o p f aː s ə n
opféieren	o p f ɜ ɪ ə ʀ ə n
oppen	o p ə n
opreegen	o p ʀ eː ʁ e n
opschloen	o p ʃ l oː ə n
opschléissen	o p ʃ l ɜ ɪ̯ s ə n
opsetzen	o b z æ t s ə n
opwéckelen	o b v e k ə l ə n
ower	oː v ɐ
owes	oː v ə s
paakt	p aː k t
paff	p ɑ f
paken	p aː k ə n
passen	p ɑ s ə n
paweeën	p ɑ v eː ə n
pechen	p æ χ e n
peeks	p eː k s
peekt	p eː k t
pennen	p æ n ə n
perséinlech	p e r z e i̯ n l e χ
plangen	p l ɑ ŋ ə n
platt	p l ɑ t
plazeweis	p l aː t͡s ə v ɑ ɪ̯ s
ploen	p l oː e n
plädéieren	p l æ d ɜ ɪ̯ ə ʀ ə n
plécken	p l e k ə n
plëmmen	p l ə m ə n
plënneren	p l ə n ə ʀ ə n
praffen	p ʀ ɑ f ə n
prett	p ʀ æ t
priedegen	p ʀ i ə̯ d e ʁ e n
pro	p ʀ oː
propper	p ʀ o p ɐ
päifen	p æː ɪ̯ f ə n
pësperen	p ə s p ə ʀ ə n
quiitschen	k v iː t ʃ ə n
quëllen	k v e l e n
raachen	ʀ aː χ ə n
raaft	ʀ aː f t
rabbelen	ʀ ɑ b ə l ə n
rafen	r aː f e n
rappen	ʀ ɑ p ə n
raschten	ʀ ɑ ʃ t ə n
rau	r æ u̯
raumen	ʀ ɑ ʊ̯ m ə n
rechnen	ʀ æ ɕ n ə n
rechtlech	ʀ æ χ t l e χ
rechtwénkleg	ʀ æ ʑ d v e ŋ k l ə ɕ
reefs	ʀ eː f s
reeft	ʀ eː f t
reenen	ʀ eː n ə n
reesen	ʀ eː z ə n
reest	ʀ eː s t
reflexiv	ʀ ə f l æ k s iː f
reiden	ʀ ɑ ɪ̯ d ə n
reien	ʀ ɑ ɪ̯ ə n
reifs	ʀ ɑ ɪ̯ f s
reit	ʀ ɑ ɪ̯ t
reits	ʀ ɑ ɪ̯ t s
reiwen	ʀ ɑ ɪ v ə n
reng	ʀ æ ŋ
rengegen	ʀ æ ŋ e ʁ e n
rennen	ʀ æ n ə n
residéieren	ʀ æ z i d ɜ ɪ̯ ə ʀ ə n
retten	ʀ æ t ə n
richen	ʀ i ɕ ə n
richteg	r i χ t e χ
rieden	ʀ i ə̯ d ə n
riets	ʀ i ə̯ t s
riicht	ʀ iː χ t
riichtbéien	ʀ iː χ t b e ɪ̯ e n
riichten	ʀ iː χ t e n
roden	ʀ oː d e n
ronderëm	r o n d ə ʀ ə m
rosa	ʀ oː z a
rosen	ʀ oː z ə n
rout	r e u̯ t
rueden	ʀ u ə̯ d ə n
ruffen	ʀ u f ə n
räissen	r æ i̯ s e n
réieren	ʀ ɜ ɪ̯ ə ʀ ə n
réimesch	ʀ ɜ ɪ̯ m ə ʃ
réngen	ʀ e ŋ ə n
rënnen	r e n e n
rëselen	ʀ ə z ə l ə n
sachlech	z ɑ χ l e χ
salzeg	z a l t s e χ
sangen	z ɑ ŋ ə n
sat	z aː t
saufen	z æ u̯ f e n
schaarf	ʃ aː ʀ f
schalen	ʃ aː l ə n
scheeden	ʃ eː d ə n
schei	ʃ a i̯
scheien	ʃ ɑ ɪ̯ ə n
schiel	ʃ i ə l
schielen	ʃ i ə l ə n
schieren	ʃ i ə ʀ ə n
schif	ʃ iː f
schinnen	ʃ i n ə n
schlank	ʃ l ɑ ŋ k
schlecht	ʃ l æ ɕ t
schleefen	ʃ l eː f ə n
schliisslech	ʃ l iː s l e χ
schloen	ʃ l oː e n
schlofen	ʃ l oː f ə n
schluechten	ʃ l u ə̯ χ t e n
schläichen	ʃ l æː ɪ̯ ɕ ə n
schläifen	ʃ l æː ɪ̯ f ə n
schläimen	ʃ l æː ɪ̯ m ə n
schläissen	ʃ l æː ɪ s ə n
schléissen	ʃ l e i̯ s e n
schlëmm	ʃ l ə m
schmaachen	ʃ m aː χ ə n
schmidden	ʃ m i d ə n
schmieren	ʃ m i ə ʀ ə n
schmäissen	ʃ m æ i̯ s e n
schneiden	ʃ n ɑ ɪ̯ d ə n
schneien	ʃ n ɑ ɪ̯ ə n
schnell	ʃ n æ l
schnäizen	ʃ n æː ɪ̯ t͡s ə n
schnéiblann	ʃ n ɜ ɪ̯ b l ɑ n
schnéiwäiss	ʃ n ɜ ɪ̯ v æː ɪ̯ s
schonn	ʃ o n
schréi	ʃ ʀ ɜ ɪ̯
schréien	ʃ ʀ ɜ ɪ̯ ə n
schwaach	ʃ w aː χ
schwaarz	ʃ v aː r t s
schweessen	ʃ v eː s e n
schwieren	ʃ w i ə̯ ʀ ə n
schwéier	ʃ w ɜ ɪ̯ ɐ
schwëllen	ʃ w ə l ə n
schäinbar	ʃ æː ɪ̯ n b aː
schäissen	ʃ æ i̯ s e n
schécken	ʃ e k ə n
schéin	ʃ ɜ ɪ̯ n
schéngen	ʃ e ŋ e n
schëlleg	ʃ e l e χ
schënnen	ʃ ə n ə n
se	z ə
sech	z e χ
sechs	z æ k s
sechst	z æ k s t
seechen	z eː ɕ ə n
seegelen	z eː ʁ e l e n
seemen	z eː m ə n
seenen	z eː n ə n
seeën	z eː ə n
selwer	z æ l v ɐ
setzen	z æ t s e n
si	z i
sichen	z i ɕ ə n
siechzeg	z i ə̯ ɕ t͡s ə ɕ
siechzéng	z i ə̯ ɕ t͡s e ŋ
siechzéngt	z i ə̯ ɕ t͡s e ŋ t
siedegen	z i ə̯ d e ʁ e n
sielen	z i ə̯ l ə n
sinn	z i n
siwen	z iː v e n
siwent	z iː v ə n t
siwwenzéngt	z i v ə n t͡s e ŋ t
soen	z oː e n
sollen	z o l ə n
sonneg	z o n ə ɕ
soss	z o s
sou	z u
soueren	z ə ʊ̯ ə ʀ ə n
souwisou	z ə ʊ̯ v i z ə ʊ̯
spaassen	ʃ p aː s ə n
spadséieren	ʃ p ɑ d͡z ɜ ɪ̯ ə ʀ ə n
spezifesch	ʃ p æ t͡s iː f ə ʃ
spieren	ʃ p iː r e n
spillen	ʃ p i l ə n
spionéieren	ʃ p i o n ɜ ɪ̯ ə ʀ ə n
spläissen	ʃ p l æː ɪ s ə n
sprang	ʃ p ʀ ɑ ŋ
sprangen	ʃ p r a ŋ e n
sprangt	ʃ p ʀ ɑ ŋ t
spreeden	ʃ p ʀ eː d ə n
spreeën	ʃ p ʀ eː ə n
spriechen	ʃ p ʀ i e̯ χ e n
sproochlech	ʃ p ʀ oː χ l e χ
spréngs	ʃ p ʀ e ŋ s
spréngt	ʃ p ʀ e ŋ t
sprëtzen	ʃ p ʀ ə t͡s ə n
spueren	ʃ p uː r e n
spuert	ʃ p uː r t
späizen	ʃ p æː ɪ̯ t͡s ə n
spären	ʃ p eː ʀ e n
spëtzen	ʃ p ə t͡s ə n
staark	ʃ t aː r k
stamen	ʃ t aː m ə n
steiwen	ʃ t ɑ ɪ v ə n
stellen	ʃ t æ l ə n
stengeg	ʃ t æ ŋ ə ɕ
stengen	ʃ t æ ŋ ə n
stiechen	ʃ t i ə ɕ ə n
stiermesch	ʃ t iː ə̯ m ə ʃ
stierwen	ʃ t i e̯ v e n
stoen	ʃ t oː e n
stomm	ʃ t o m
stoppen	ʃ t o p ə n
stoussen	ʃ t e u̯ s e n
strecken	ʃ t ʀ æ k ə n
streeën	ʃ t r eː e n
streiden	ʃ t ʀ ɑ ɪ̯ d ə n
striewen	ʃ t ʀ i ə̯ v ə n
strofen	ʃ t ʀ oː f e n
sträichen	ʃ t r æ i̯ χ e n
sträifen	ʃ t ʀ æː ɪ̯ f ə n
strécken	ʃ t ʀ e k ə n
stänneg	ʃ t æ n e χ
stättesch	ʃ t æ t e ʃ
stécken	ʃ t e k e n
stëll	ʃ t ə l
stëllen	ʃ t ə l ə n
stëmmen	ʃ t ə m ə n
suergen	z u e̯ ʁ e n
sächlech	z æ χ l e χ
säin	z æː ɪ̯ n
säit	z æː ɪ̯ t
sécher	z e χ e r
séien	z ɜ ɪ̯ ə n
séier	z e i̯ e r
séileg	z ɜ ɪ l ə ɕ
séiss	z e i̯ s
séissen	z ɜ ɪ̯ s e n
sëffeg	z ə f ə ɕ
sëndegen	z e n d e ʁ e n
sëtzen	z ə t s ə n
taaschten	t aː ʃ t ə n
tommelen	t o m ə l ə n
toufen	t ə ʊ̯ f e n
trauen	t ʀ a u̯ e n
trauereg	t r a u̯ r e χ
traueren	t ʀ ɑ ʊ̯ ə ʀ ə n
treffen	t ʀ æ f ə n
trennen	t ʀ æ n ə n
trieden	t ʀ i ə̯ d ə n
triet	t ʀ i ə t
tréischten	t ʀ ɜ ɪ̯ ʃ t ə n
trëllen	t ʀ ə l ə n
trëppelen	t ʀ ə p ə l ə n
trëts	t ʀ ə t s
turquoise	t y r k v aː s
tuten	t uː t ə n
téinen	t e i̯ n e n
tëschen	t ə ʃ ə n
tëschent	t ə ʃ ə n t
tëscht	t e ʃ t
ubauen	u b ɑ ʊ̯ ə n
uechten	u ə̯ χ t e n
uechtzéngt	u ə̯ ɕ t͡s e ŋ t
ufillen	u f i l ə n
ufänken	u f æ ŋ k ə n
uklicken	u k l i k ə n
ukommen	u k o m ə n
uleeën	u l eː ə n
umaachen	u m aː χ ə n
un	u n
uneneen	u n ə n eː n
unerkennen	u n ɐ k æ n ə n
unhuelen	u n h u ə l ə n
uruffen	u ʀ u f ə n
uschléissen	u ʃ l ɜ ɪ̯ s ə n
uspriechen	u ʃ p ʀ i ə̯ χ e n
verbannen	f e ʀ b ɑ n e n
verbidden	f ɐ b i d ə n
verbréngen	f ɐ b ʀ e ŋ ə n
verbéissen	f ɐ b ɜ ɪ̯ s ə n
verdeedegen	f ɐ d eː d e ʁ e n
verdeelen	f ɐ d eː l ə n
verdroen	f ɐ d ʀ oː ə n
verdéngen	f ɐ d e ŋ ə n
vereelzt	f ɐ ʔ eː l t͡s t
vereenegen	f e r eː n e ʁ e n
vereinfachen	f ɐ ʔ ɑ ɪ̯ n f ɑ χ ə n
verfollegen	f ɐ f o l ə ʑ ə n
verfälschen	f ɐ f æ l ʃ ə n
verfälscht	f ɐ f æ l ʃ t
vergiess	f ɐ ɡ i ə s
vergiessen	f ɐ ɡ i ə s ə n
vergiesst	f ɐ ɡ i ə s t
verginn	f ɐ ɡ i n
vergläichen	f ɐ ɡ l æː ɪ̯ χ e n
vergréisseren	f ɐ ɡ ʀ ɜ ɪ̯ s ə ʀ ə n
vergëss	f ɐ ɡ ə s
vergësst	f ɐ ɡ ə s t
verherrlechen	f ə h ɛ ʁ l ə ɕ ə n
verkafen	f ɐ k aː f ə n
verletzen	f ɐ l æ t͡s ə n
verlounen	f ɐ l ə ʊ̯ n ə n
verluer	f e r l uː r
verléieren	f e r l e i̯ r e n
verléiwen	f ɐ l ɜ ɪ̯ v ə n
vermengt	f ɐ m æ ŋ t
vermëschen	f ɐ m ə ʃ ə n
vermëssen	f ɐ m ə s ə n
verschidden	f ɐ ʃ i d ə n
verschléissen	f ɐ ʃ l ɜ ɪ̯ s ə n
verschwieren	f ɐ ʃ w i ə̯ ʀ ə n
versetzen	f ɐ z æ t s ə n
versteeën	f ɐ ʃ t eː ə n
verstoen	f e ʀ ʃ t oː e n
verstoppen	f ɐ ʃ t o p ə n
vertrieden	f ɐ t ʀ i ə d ə n
veruechten	f ɐ u ə̯ χ t e n
verwonnen	f ɐ v o n ə n
verzeien	f ɐ t͡s ɑ ɪ̯ ə n
verzweiwelen	f ɐ t͡s w ɑ ɪ̯ v ə l ə n
veräisen	f ɐ æː ɪ̯ z ə n
veränneren	f ɐ æ n ə ʀ ə n
vexéieren	v æ k s ɜ ɪ̯ ə ʀ ə n
viischt	f iː ʃ t
vill	f i l
villmols	f i l m oː l s
vir	f iː ʀ
virdrun	f iː ə̯ d ʀ u n
virsiichteg	f iː ə̯ z iː ɕ t ə ɕ
virstellen	f iː ə̯ ʃ t æ l ə n
virun	f i ʀ u n
vläicht	f l æ i̯ χ t
voll	f o l
vreckt	f ʀ æ k t
vrun	f ʀ u n
vun	f u n
véiereckeg	f e i̯ r æ k e χ
véiert	f ɜ ɪ̯ ɐ t
véierzeg	f ɜ i̯ ɐ t͡s ə ɕ
véierzéng	f ɜ ɪ̯ ɐ t͡s e ŋ
véierzéngt	f ɜ ɪ̯ ɐ t͡s e ŋ t
waachen	v aː χ ə n
waarden	v aː r d e n
waarm	v aː r m
wackelen	v ɑ k ə l ə n
wanderen	v ɑ n d ə ʀ ə n
war	v aː r
wat	v aː t
weechen	v eː ɕ ə n
weeden	v eː d ə n
weeder	v eː d e r
weiblech	v ɑ ɪ̯ b l ə ɕ
weider	v ɑ ɪ̯ d ɐ
weien	v a i̯ e n
weisen	v ɑ ɪ̯ z ə n
weit	v a i̯ t
weltbekannt	v æ l d b ə k ɑ n t
wennen	v æ n ə n
werfen	v æ r f e n
wetten	v æ t ə n
wichteg	v i χ t e χ
wielen	v i ə l ə n
wiem	v i ə̯ m
wien	v i ə̯ n
wierdegen	v iː ʀ d e ʁ e n
wieren	v i ə ʀ ə n
wiesselen	v i ə̯ s ə l ə n
wiewen	v i ə̯ v ə n
wiiss	v iː s
wiisst	v iː s t
woen	v oː e n
wond	v o n t
wonneren	v o n ə ʀ ə n
wosst	v o s t
wossten	v o s t ə n
wou	v e u̯
wouer	v e u̯ e r
wousst	v ə ʊ̯ s t
woussten	v ə ʊ̯ s t ə n
wuesst	v u ə s t
wullen	v u l ə n
wunnen	v u n ə n
wäerten	v eː r t e n
wäiss	v æ i̯ s
wäissen	v æː ɪ s ə n
wäit	v æ i̯ t
wäschen	v æ ʃ ə n
wässeren	v æ s ə ʀ ə n
wéckelen	v e k ə l ə n
wéien	v e i̯ e n
wéineg	v ɜ ɪ̯ n ə ɕ
wéini	v e i̯ n i
wéinst	v ɜ ɪ̯ n s t
wéint	v ɜ ɪ n t
wéisst	v ɜ ɪ̯ s t
wéissten	v ɜ ɪ̯ s t ə n
wénken	v e ŋ k ə n
wënnen	v ə n ə n
wënschen	v ə n ʃ ə n
wëschen	v ə ʃ ə n
wëssentlech	v ə s ə n t l ə ɕ
wësst	v ə s t
zaart	t s aː r t
zabbeleg	t͡s ɑ b ə l ə ɕ
zabbelen	t͡s ɑ b ə l ə n
zanter	t s ɑ n t ɐ
zauberen	t s a u̯ b e r e n
ze	t s e
zecken	t s æ k e n
zeechnen	t s eː χ n e n
zeideg	t s a i̯ d e χ
zersetzen	t͡s ɐ z æ t s ə n
zeréck	t s e r e k
zerécksetzen	t s ə ʀ e k z æ t s ə n
zesummen	t͡s e z u m e n
zevill	t͡s ə f i l
zidderen	t͡s i d ə ʁ ə n
zielen	t͡s i ə l ə n
zieren	t͡s i ə ʀ ə n
ziichten	t s iː ɕ t ə n
zilen	t s iː l e n
zillen	t s i l e n
zitt	t͡s i t
zitts	t͡s i t s
zolidd	t͡s o l i t
zou	t s e u̯
zoudroen	t͡s ə ʊ̯ d ʀ oː ə n
zouen	t s ə ʊ ə n
zoufälleg	t͡s ə ʊ̯ f æ l ə ɕ
zoumaachen	t͡s ə ʊ̯ m aː χ ə n
zousetzen	t͡s ə ʊ z æ t s ə n
zouspriechen	t͡s ə ʊ̯ ʃ p ʀ i ə̯ χ e n
zoustänneg	t͡s ə ʊ̯ ʃ t æ n ə ɕ
zousätzlech	t͡s ə ʊ̯ z æ t͡s l ə ɕ
zu	t͡s u
zugläich	t͡s u ɡ l æː ɪ̯ ɕ
zwangsrekrutéieren	t͡s w ɑ ŋ s ʀ ə k ʀ u t ɜ ɪ̯ ə ʀ ə n
zwanzeg	t͡s w ɑ n t͡s ə ɕ
zwanzegst	t͡s w ɑ n t͡s ə ɕ s t
zwee	t s v eː
zweeeeëg	t s v eː eː e χ
zweemol	t͡s w eː m oː l
zweet	t͡s w eː t
zweiwelen	t s v a i̯ v e l e n
zwieleft	t͡s w i ə̯ l ə f t
zwitscher	t͡s w i t͡ʃ ɐ
zwitscheren	t͡s w i t͡ʃ ə ʀ ə n
zwitschers	t͡s w i t͡ʃ ɐ s
zwitschert	t͡s w i t͡ʃ ɐ t
zwéngen	t͡s w e ŋ ə n
zwëschen	t͡s w ə ʃ ə n
zwëschent	t͡s w ə ʃ ə n t
zwëscht	t͡s w ə ʃ t
zäertlech	t͡s ɛː ə̯ t l ə ɕ
zéi	t s e i̯
zéien	t͡s ɜ ɪ̯ ə n
zéit	t͡s ɜ ɪ̯ t
zéng	t s e ŋ
zéngt	t͡s e ŋ t
zënter	t s ə n t ɐ
äbt	æ p t
äerd	eː r t
äerdbier	eː r t b iː r
äerm	eː r m
äerz	eː ʀ t s
äerzbëschof	eː ʀ t s b e ʃ o f
äis	æ i̯ s
äisbier	æ i̯ s b iː ʀ
äisbierg	æ i̯ s b i e̯ χ
äisch	æ i̯ ʃ
äishockey	æ i̯ s h o k i
äisvull	æ i̯ s f u l
äiszäit	æ i̯ s t s æ i̯ t
ännerung	æ n e ʀ u ŋ
äntwert	æ n t v e ʀ t
äppel	æ p ə l
äppeljus	æ p e l ʒ y
äppeltaart	æ p e l t aː t
äppeltäsch	æ p e l t æ ʃ
äppelviz	æ p e l f iː t s
äquator	æ k v aː t o ʀ
äsch	æ ʃ
äschepuddel	æ ʃ e p u d e l
äschermëttwoch	æ ʃ e ʀ m e t v o χ
äscht	æ ʃ t
äss	æ s
é	e
ë	ə
ëffnung	e f n u ŋ
ëmdréiung	e m d ʀ e i̯ u ŋ
ëmgang	e m ɡ a ŋ
ëmgangssprooch	e m ɡ a ŋ s ʃ p ʀ oː χ
ëmwelt	e m v æ l t
ënn	e n
ënnerdaach	e n e ʀ d aː χ
ënnergang	e n e ʀ ɡ a ŋ
ënnerläif	e n e ʀ l æ i̯ f
ënnerscheed	e n e ʀ ʃ eː t
ënnerwäsch	e n e ʀ v æ ʃ
äddi	æ d i
äiseg	æ i̯ z e χ
äiskal	æ i̯ s k aː l
änneren	æ n e ʀ e n
äntweren	æ n t v e ʀ e n
äusseren	o i̯ s e r e n
äusserlech	o i̯ s e r l e χ
ëffentlech	e f e n t l e χ
ëm	e m
ëmdoen	e m d o e n
ëmdréien	e m d ʀ e i̯ e n
ëmgangssproochlech	e m ɡ a ŋ s ʃ p ʀ oː χ l e χ
ëmleeën	e m l e e n
ëmsetzen	e m z æ t s e n
ëmänneren	e m æ n e ʀ e n
ënnen	e n e n
ënner	e n e ʀ
ënnerbréngen	e n e r b r e ŋ e n
ënnerleeën	e n e ʀ l e e n
ënnerleien	e n e ʀ l a i̯ e n
ënnersträichen	e n e r ʃ t r æ i̯ χ e n
ëss	e s
ësst	e s t
ëstlech	e s t l e χ
