a	aː
aach	ɔː x
aadem	ɔː t ə m
aademseppel	ɔː t ə m s e p ə l
aademsepple	ɔː t ə m s e p l ə
aadler	ɔː t l a
aagust	ɔː k u ʃ t
aam	ɔː m
aan	ɔː n
aananner	ɔː n a n a
aanannerbappe	ɔː n a n a p a p ə
aanannerbinne	ɔː n a n a p i n ə
aanannergehn	ɔː n a n a k eː n
aanbacke	ɔː n p a k ə
aanbappe	ɔː n p a p ə
aanbasse	ɔː n p a s ə
aanbiede	ɔː n p iː r ə
aanbinne	ɔː n p i n ə
aandacht	ɔː n t a x t
aandun	ɔː n t uː n
aanfang	ɔː n f a ŋ
aanfeng	ɔː n f ɛ ŋ
aanfenger	ɔː n f ɛ ŋ ɐ
aanstreiche	ɔː n ʃ t r a ɪ̯ ç ə
aanstrengung	ɔː n ʃ t r ɛ ŋ u ŋ
aanung	ɔː n u ŋ
aanzugh	ɔː n t͡s uː ç
aapehoer	ɔː p ə h oː ɐ
aarem	ɔː r ə m
aarich	ɔː r i ç
aarmel	ɔː r m l̩
aarmut	ɔː r m uː t
aarsch	ɔː ʃ
aarschback	ɔː ʃ p a k
aarschdaarem	ɔː ʃ t ɔː r ə m
aarschdäärem	ɔː ʃ t ɛː r ə m
aarschloch	ɔː ʃ l o x
aart	ɔː t
aarvet	ɔː r v ə t
aarveter	ɔː r v ə t a
abakaschi	a p a k a ʃ iː
abakatt	a p a k a t
abakattebaam	a p a k a t ə p ɔː m
abakus	aː p a k u s
abaschur	a p a ʃ uː r
abbau	a p a ʊ̯
abbildung	a p p i l d u ŋ
abhengich	a p h ɛ ŋ i ç
abiotisch	a p i oː t i ʃ
abiu	a p i ʊ̯
aborischënë	a p o r i ʃ e n e
aborischënës	a p o r i ʃ e n e s
abrass	a p r a s
achs	a k s
achse	a k s ə
acht	a x t
achteck	a x t e k
achtel	a x t l̩
achtzen	a x t͡s ə n
acker	a k a
advent	a t v ɛ n t
advente	a t v ɛ n t ə
aff	a f
affe	a f ə
afrikaaner	a f r i k ɔː n a
akaschu	a k a ʃ uː
all	a l
allmechtich	a l m e ç t i ç
als	a l s
aluminium	a l u m iː n i u m
amigo	a m iː k o
amulett	a m u l e t
angel	a ŋ ə l
anner	a n a
antrich	a n t r i ç
april	a p r i l
arschentin	a r ʃ ə n t iː n
arschentina	a r ʃ ə n t iː n a
arschentinas	a r ʃ ə n t iː n a s
arschentinisch	a r ʃ ə n t iː n i ʃ
arschentino	a r ʃ ə n t iː n o
arschentinos	a r ʃ ə n t iː n o s
asilee	a s i l eː
assaih	a s a iː
assaihpallem	a s a iː pʰ a l ə m
astre	a ʃ t r ə
asëitona	a s e ɪ̯ t oː n a
au	a ʊ̯
aue	a ʊ̯ ə
august	a ʊ̯ k u ʃ t
aussihn	a ʊ̯ s s iː n
australiaaner	a ʊ̯ ʃ t r a l i ɔː n a
australje	a ʊ̯ ʃ t r a l j ə
auto	a ʊ̯ t o
aviong	a v i ɔ ŋ
awer	a v ə ɾ
baad	p ɔː t
baade	p ɔː r ə
baadezimmer	p ɔː r ə t͡s i m ɐ
baal	p ɔː l
baam	p ɔː m
baart	p ɔː t
balke	p a l k ə
banann	p a n a n
bananne	p a n a n ə
bascharell	p a ʃ a r e l
batt	p a t
batte	p a t ə
battrich	p a t r i ç
beeder	p eː r ɐ
beel	p eː l
beem	p eː m
been	p eː n
beer	p eː ɐ
beil	p a ɪ̯ l
beise	p a ɪ̯ s ə
belche	p e l ç ə
belsnickel	p e l s n i k ə l
bentevi	p ɛ n t ə v iː
benutze	p ə n u t͡s ə
berrich	p ɛ r i ç
bia	p iː a
bias	p iː a s
bicher	p i ç a
bichs	p i k s
bier	p iː a
bild	p i l t
bildche	p i l t ç ə
bilder	p i l t a
bingje	p i ŋ j ə
bingjebaam	p i ŋ j ə p ɔː m
bingjebeemche	p i ŋ j ə p eː m ç ə
biru	p i r u
blaat	p l ɔː t
blau	p l a ʊ̯
bleive	p l a ɪ̯ v ə
bletter	p l e t a
blo	p l oː
blud	p l uː t
blude	p l uː t ə
blumm	p l u m
blumme	p l u m ə
bluse	p l uː s ə
blusje	p l u s j ə
boddem	p o r ə m
bohn	p oː n
bohne	p oː n ə
bolasch	p o l a ʃ
bolasche	p o l a ʃ ə
bolo	p o l o
bolos	p o l o s
boot	p oː t
bopp	p o p
borrich	p ɔ r i ç
borriche	p ɔ r i ç ə
brasil	p r a s iː l
brauche	p r a ʊ̯ x ə
braud	p r a ʊ̯ t
braun	p r a ʊ̯ n
breid	p r a ɪ̯ t
brenne	p r ɛ n ə
brick	p r i k
brief	p r iː f
brieh	b r iː
brille	p r i l ə
brod	p r oː t
bruch	p r u x
brumme	p r u m ə
brunne	p r u n ə
brust	p r u ʃ t
brësiliaaner	p r e s i l i ɔː n a
brësiliaanisch	p r e s i l i ɔː n i ʃ
bub	p uː p
buch	p u x
buger	p uː k ɐ
burgees	p u r k eː s
burgeese	p u r k eː s ə
burgeesin	p u r k eː s i n
buss	p u s
butter	p u t a
bäer	p ɛː a
bäerche	p ɛː a ç ə
bäre	p ɛː r ə
bärin	p ɛː r i n
bërinschela	p e r i n ʃ eː l a
bërinschelas	p e r i n ʃ eː l a s
casais	k a s a ɪ̯ s
casal	k a s a l
china	ʃ iː n a
chinees	ʃ i n eː s
chineese	ʃ i n eː s ə
chineesisch	ʃ i n eː s i ʃ
cinema	s i n eː m a
codorna	kʰ o t ɔ n a
cogumelo	k o k u m eː l o
daa	t ɔː
daab	t ɔː p
daabheet	t ɔː p h eː t
daabheit	t ɔː p h a ɪ̯ t
daaf	t ɔː f
daafe	t ɔː f ə
daafel	t ɔː f l̩
daagh	t ɔː x
daaghs	t ɔː x s
daal	t ɔː l
daarem	t ɔː r ə m
dach	t a x
dachs	t a k s
damm	t a m
damp	t a m p
dank	t a ŋ k
danke	t a ŋ k ə
dann	t a n
dart	t a t
das	t a s
daume	t a ʊ̯ m ə
de	t ə
decher	t e ç a
deer	t eː a
deere	t eː r ə
dein	t a ɪ̯ n
deitsch	t a ɪ̯ t͡ʃ
deitsche	t a ɪ̯ t͡ʃ ə
deitschem	t a ɪ̯ t͡ʃ ə m
deitscher	t a ɪ̯ t͡ʃ a
deitsches	t a ɪ̯ t͡ʃ ə s
deitschland	t a ɪ̯ t͡ʃ l a n t
deivel	t a ɪ̯ v l̩
demm	t ɛ m
denne	t ɛ n ə
der	t ɐ
dezember	t eː t͡s ɛ m p a
dich	t i ç
dick	t i k
die	t i
dier	t iː a
diere	t iː r ə
dieser	t iː s ɐ
digraf	t i k r aː f
dinn	t i n
disch	t i ʃ
do	t oː
dochter	t o x t ɐ
dod	t oː t
dorn	t ɔ n
dorrich	t ɔ ɪ ç
dorst	t ɔ ʃ t
doss	t o s
dossje	t o s j ə
draam	t r ɔː m
draum	t r a ʊ̯ m
dreen	t r eː n
drehe	t r eː ə
drei	t r a ɪ̯
dreim	t r a ɪ̯ m
dreime	t r a ɪ̯ m ə
dreive	t r a ɪ̯ v ə
dreizen	t r a ɪ̯ t͡s ə n
drinke	t r i ŋ k ə
drock	t r o k
du	t uː
dulle	t u l ə
dun	t oː n
dunkelblau	t u ŋ k ə l p l a ʊ̯
dunkelgrien	t u ŋ k l̩ k r iː n
dunkelheed	t u ŋ k ə l h eː t
där	t ɛː
eb	eː p
ecker	e k a
eel	eː l
een	eː n
eenem	eː n ə m
eener	eː n a
eer	eː ɐ
eesterreich	eː ʃ t ə r a ɪ̯ ç
effche	e f ç ə
eher	eː ɐ
eherlich	eː ɐ l i ç
eherlichkeet	eː ɐ l i ç kʰ eː t
eherlichkeit	eː ɐ l i ç kʰ a ɪ̯ t
eich	a ɪ̯ ç
eis	a ɪ̯ s
eise	a ɪ̯ s ə
ellef	e l ə f
en	eː n
england	ɛ ŋ l a n t
enn	ɛ n
enne	ɛ n ə
enner	ɛ n a
ennre	ɛ n r ə
ent	ɛ n t
ente	ɛ n t ə
eppel	e p ə l
epple	e p l ə
er	ɛ ɐ
erreb	ɛ r ə p
es	e s
esponja	ə s p o n ʃ a
esse	e s ə
eu	ɔ ɪ̯
euer	ɔ ɪ̯ a
faan	f aː n
faare	f ɔː r ə
faarichsjoher	f ɔː r i ç s j oː a
fabrick	f a p r i k
fakong	f a k ɔ ŋ
fallek	f a l ə k
fasaunhinkel	f a s a ʊ̯ n h i ŋ k ə l
fatter	f a t a
faul	f a ʊ̯ l
faust	f a ʊ̯ ʃ t
februa	f eː p r u aː
februer	f eː p r u a
feghel	f eː ç ə l
feier	f a ɪ̯ a
feilche	f a ɪ̯ l ç ə
feind	f a ɪ̯ n t
fenster	f ɛ n ʃ t a
ferbasse	f ɐ p a s ə
ferzen	f ɛ t͡s ə n
fest	f e ʃ t
fetter	f e t a
fettre	f e t r ə
fiel	f iː l
fier	f iː a
finger	f i ŋ a
finnef	f i n ə f
finnefzen	f i n ə f t͡s n̩
finnland	f i n l a n t
fisch	f i ʃ
fix	f i k s
fixe	f i k s ə
fixem	f i k s ə m
fixer	f i k s a
fixes	f i k s ə s
fixest	f i k s ə ʃ t
fleet	f l eː t
fliss	f l i s
fluss	f l u s
foghel	f oː x ə l
fohl	f oː l
forreb	f ɔ r ə p
forz	f ɔ t͡s
fraa	f r ɔː
fraae	f r ɔː ə
frankreich	f r a ŋ k r a ɪ̯ ç
franzeesisch	f r a n t͡s eː s i ʃ
franzoos	f r a n t͡s oː s
freind	f r a ɪ̯ n t
freiwillich	f r a ɪ̯ v i l i ç
fresse	f r e s ə
frihling	f r iː l i ŋ
froh	f r oː
frohe	f r oː ə
frucht	f r u x t
fuer	f uː a
fufzen	f u f t͡s ə n
fum	f u m
fumm	f u m
fummstecker	f u m ʃ t e k a
fummstock	f u m ʃ t o k
fun	f u n
fusball	f uː s p a l
gaarde	k ɔː t ə
gaas	k ɔː s
gans	k a n s
gaul	k a ʊ̯ l
gedrenk	k ə t r ɛ ŋ k
geel	k eː l
gehn	k eː n
geld	k e l t
gelechenheed	k ə l e ç ə n h eː t
gelleb	k e l ə p
gellebrieb	k e l ə p r iː p
gemies	k ə m iː s
gern	k ɛ n
gescherr	k ə ʃ ɛ r
gesetzlich	k ə s e t͡s l i ç
gesicht	k ə s i ç t
gester	k e ʃ t a
gesund	k ə s u n t
gesundheed	k ə s u n t h eː t
getter	k e t a
gettin	k e t i n
gewisse	k ə v i s ə
gezwung	k ə t͡s v u ŋ
gift	k i f t
glaas	k l ɔː s
glaave	k l ɔː v ə
gleeser	k l eː s a
glick	k l i k
glicklich	k l i k l i ç
goiaab	k o j ɔː p
goiaave	k o j ɔː v ə
gold	k o l t
gott	k o t
graas	k r ɔː s
granitt	k r a n i t
graschaing	k r a ʃ a i ŋ
grau	k r a ʊ̯
grenz	k r ɛ n s
griecheland	k r iː ç ə l a n t
grien	k r iː n
gripp	k r i p
gros	k r oː s
grummbeer	k r u m p eː a
grummbeere	k r u m p eː r ə
grund	k r u n t
grávida	k r aː v i t a
gucke	k u k ə
gud	k uː t
gude	k uː t ə
gäärde	k ɛː t ə
haan	h ɔː n
hand	h a n t
handduch	h a n t t u x
hannes	h a n ə s
hans	h a n s
hauptstatt	h a u p t ʃ t a t
haus	h a ʊ̯ s
haut	h a ʊ̯ t
heft	h e f t
hehl	h eː l
hei	h a ɪ̯
heilich	h a ɪ̯ l i ç
heit	h a ɪ̯ t
hellblau	h ɛ l p l a ʊ̯
hellfe	h e l f ə
hellgrien	h e l k r iː n
hemm	h ɛ m
herr	h ɛ r
herrebst	h ɛ r ə p ʃ t
herz	h ɛ t͡s
hesslich	h e s l i ç
hex	h e k s
hexenacht	h e k s ə n a x t
hie	h iː
hier	h iː a
himd	h i m t
himmel	h i m ə l
hochzeit	h o x t͡s a ɪ̯ t
hon	h ɔ n
hospital	h o s p i t a l
hoss	h o s
hosse	h o s ə
hossje	h o s j ə
hund	h u n t
hundche	h u n t ç ə
hunger	h u ŋ a
hunn	h u n
hunnerd	h u n a t
hunsbucklisch	h u n s p u k l i ʃ
hunsrick	h u n s r i k
hunsrickisch	h u n s r i k i ʃ
ich	i ç
ihm	iː m
ihn	iː n
ihns	iː n s
immer	i m a
india	i n t i a
indonesia	i n t o n eː s i a
insel	i n s ə l
insle	i n s l ə
internet	i n t ə n e t
israel	i s r a eː l
italia	i t a l i a
italje	i t a l j ə
iwich	i v i ç
jakob	j aː k o p
januer	j a n u a
jesus	j eː s u s
johannes	j o h a n ə s
joher	j oː ɐ
johreszeid	j oː r ə s t͡s a ɪ̯ t
juli	j uː l i
juni	j uː n i
kaaf	kʰ ɔː f
kaarer	kʰ ɔː r a
kabock	k a p o k
kacki	kʰ a k i
kackibaam	kʰ a k i p ɔː m
kaffi	kʰ a f i
kaiser	kʰ a ɪ̯ s a
kalenner	kʰ a l ɛ n a
kamiong	k a m i ɔ ŋ
kamm	kʰ a m
kamp	kʰ a m p
kanal	k a n a l
kanale	k a n a l ə
kanecker	kʰ a n e k a
kanett	k a n e t
kanette	k a n e t ə
kanon	k a n oː n
kanone	k a n oː n ə
kapital	kʰ a p i t aː l
kapitel	kʰ a p i t l̩
kapsel	kʰ a p s l̩
kapsle	kʰ a p s l ə
kapunge	k a p u ŋ k ə
karaa	kʰ a r ɔː
karett	k a r e t
karette	k a r e t ə
karre	kʰ a r ə
kartoffel	kʰ a t o f ə l
kartoffle	kʰ a t o f l ə
kaste	kʰ a ʃ t ə
katee	kʰ a t eː
katz	kʰ a t͡s
katze	kʰ a t͡s ə
katëe	kʰ a t eː ə
kaue	kʰ a ʊ̯ ə
kech	k e x
keef	kʰ eː f
keefer	kʰ eː f ɐ
keen	kʰ eː n
keenich	kʰ eː n i ç
keenichin	kʰ eː n i ç i n
kees	kʰ eː s
keim	kʰ a ɪ̯ m
keime	kʰ a ɪ̯ m ə
keller	kʰ e l ɐ
kellich	kʰ e l i ç
kelt	kʰ e l t
kemme	kʰ ɛ m ə
kenne	kʰ ɛ n ə
kepp	kʰ e p
kerl	kʰ ɛ l
kerle	kʰ ɛ l ə
kern	kʰ ɛ n
kerne	kʰ ɛ n ə
kerner	kʰ ɛ n ɐ
kerreb	kʰ e r ə p
kerrich	kʰ ɛ r i ç
kerze	kʰ ɛ t͡s ə
kessel	kʰ e s l̩
kessle	kʰ e s l ə
kett	kʰ e t
kette	kʰ e t ə
kich	kʰ i ç
kiche	kʰ i ç ə
kiel	kʰ iː l
kiele	kʰ iː l ə
kih	kʰ iː
kilogramm	kʰ i l o k r a m
kilometer	kʰ i l o m eː t ɐ
kind	kʰ i n t
kinn	kʰ i n
kinner	kʰ i n ɐ
kiss	kʰ i s
kisse	kʰ i s ə
kist	kʰ i ʃ t
kiste	kʰ i ʃ t ə
kittel	kʰ i t ə l
kitzle	kʰ i t͡s l ə
klamm	k l a m
klamme	k l a m ə
klang	k l a ŋ
klappre	k l a p r ə
klarinett	k l a ɾ i n e t
klarinette	k l a r i n e t ə
klass	k l a s
klasse	k l a s ə
klatsche	k l a t͡ʃ ə
kleen	k l eː n
kleene	k l eː n ə
kleener	k l eː n a
kleenest	k l eː n ə ʃ t
kleiderschrank	k l a ɪ̯ r ɐ ʃ r a ŋ k
klemme	k l ɛ m ə
kleng	k l e ŋ
kles	k l eː s
klettre	k l e t r ə
klingel	k l i ŋ l̩
kloppe	k l o p ə
klos	k l oː s
knall	k n a l
knapp	k n a p
knecht	k n e ç t
knepp	k n e p
kneppe	k n e p ə
knie	k n iː
knipp	k n i p
knippe	k n i p ə
knoche	k n o x ə
knopp	k n o p
knupp	kʰ n u p
knuppe	kʰ n u p ə
koch	k o x
koche	kʰ o x ə
koffer	kʰ o f ɐ
kohl	kʰ oː l
kohle	kʰ oː l ə
kokes	kʰ oː k ə s
kolonie	kʰ o l o n iː
komisch	kʰ oː m i ʃ
komme	kʰ ɔ m ə
kommunion	kʰ o m u n i̯ oː n
kommunione	kʰ o m u n i̯ oː n ə
komputatoer	k o m p u t a t oː a
komputatore	k o m p u t a t oː r ə
konferenz	kʰ o n f ə r ɛ n t͡s
konferenze	kʰ o n f ə r ɛ n t͡s ə
konfus	kʰ o n f uː s
konkurrenz	kʰ o ŋ k u r ɛ n t͡s
konkurrenze	kʰ o ŋ k u r ɛ n t͡s ə
konsum	k o n s uː m
konsumiere	k o n s u m iː r ə
kontinent	kʰ ɔ n t i n ɛ n t
kontinente	kʰ o n t i n ɛ n t ə
konto	kʰ o n t o
kopp	kʰ o p
korn	kʰ ɔ n
korreb	kʰ ɔ r ə p
korst	kʰ ɔ ʃ t
korste	kʰ ɔ ʃ t ə
korz	kʰ ɔ t͡s
koste	kʰ o ʃ t ə
kotze	kʰ o t͡s ə
kraan	k r ɔː n
krach	k r a x
krache	k r a x ə
kraft	k r a f t
krall	k r a l
kralle	k r a l ə
kramm	k r a m
krank	k r a ŋ k
krankehaus	k r a ŋ k ə h a ʊ̯ s
krankheed	k r a ŋ k h eː t
kranz	k r a n s
kratze	k r a t͡s ə
kraule	k r a ʊ̯ l ə
kraut	k r a ʊ̯ t
kravatt	k r a v a t
krebs	k r e p s
krech	k r e x
krees	k r eː s
kreft	k r e f t
kreh	k r eː
kreische	k r a ɪ̯ ʃ ə
krem	k r eː m
kreme	k r eː m ə
kremp	k r ɛ m p
krempe	k r ɛ m p ə
krenz	k r ɛ n s
krenzje	k r ɛ n t͡s j ə
krepp	k r e p
kress	k r e s
kresse	k r e s ə
kriegh	k r iː ç
kripp	k r i p
krippe	k r i p ə
krist	k r i ʃ t
kristall	k r i ʃ t a l
kristalle	k r i ʃ t a l ə
kritisch	k r iː t i ʃ
kritisiere	k r i t i s iː r ə
krokodill	k ɾ o k o t i l
kron	k r oː n
krone	k r oː n ə
kropp	k r o p
kuh	kʰ uː
kuhmist	kʰ uː m i ʃ t
kuhstall	kʰ uː ʃ t a l
kui	kʰ u ɪ̯
kuiche	kʰ u ɪ̯ ç ə
kuie	kʰ u ɪ̯ ə
kulture	kʰ u l t uː r ə
kump	kʰ u m p
kumplett	kʰ u m p l e t
kunst	kʰ u n ʃ t
kupper	kʰ u p ɐ
kurve	kʰ u r v ə
kuss	kʰ u s
kuvert	kʰ u v ɛ t
käärer	kʰ ɛː r a
laab	l ɔː p
laade	l ɔː r ə
laafe	l ɔː f ə
laam	l ɔː m
lache	l a x ə
lagartisch	l a k a t i ʃ
lagartische	l a k a t i ʃ ə
lagartischje	l a k a t i ʃ j ə
lamm	l a m
lamp	l a m p
lampe	l a m p ə
land	l a n t
lande	l a n t ə
landkaart	l a n t kʰ ɔː t
lang	l a ŋ
lanz	l a n s
lascheaate	l a ʃ e ɔː t ə
lascheaatemesich	l a ʃ e ɔː t ə m eː s i ç
lasse	l a s ə
latein	l a t a ɪ̯ n
lateinisch	l a t a ɪ̯ n i ʃ
laterne	l a t ɛ n ə
laus	l a ʊ̯ s
laut	l a ʊ̯ t
lecher	l e x ɐ
lechle	l e ç l ə
lecke	l e k ə
leeb	l eː p
leed	l eː t
leef	l eː f
leefer	l eː f ɐ
leen	l eː n
leer	l eː a
leere	l eː r ə
leerer	l eː r ɐ
leffel	l e f ə l
lehe	l eː ə
lehm	l eː m
lehn	l eː n
lehne	l eː n ə
leib	l a ɪ̯ p
leicht	l a ɪ̯ ç t
leide	l a ɪ̯ r ə
leider	l a ɪ̯ t ɐ
leie	l a ɪ̯ ə
lein	l a ɪ̯ n
leine	l a ɪ̯ n ə
leis	l a ɪ̯ s
leist	l a ɪ̯ ʃ t
leiste	l a ɪ̯ ʃ t ə
leit	l a ɪ̯ t
lendche	l ɛ n t ç ə
leng	l ɛ ŋ
lenge	l ɛ ŋ ə
lengst	l ɛ ŋ ʃ t
lenke	l ɛ ŋ k ə
lenner	l ɛ n a
lerne	l ɛ n ə
lese	l eː s ə
leser	l eː s ɐ
letter	l e t a
leve	l eː v ə
lewer	l e v ɐ
licht	l i ç t
lichter	l i ç t a
lieb	l iː b
lied	l iː t
lieh	l iː
liehe	l iː ə
lieve	l iː v ə
lift	l i f t
lilje	l i l j ə
linje	l i n j ə
lins	l i n s
linse	l i n s ə
lipp	l i p
lippe	l i p ə
list	l i ʃ t
liste	l i ʃ t ə
litter	l i t ɐ
loch	l o x
lockre	l o k r ə
lohn	l oː n
lohne	l oː n ə
loja	l oː ʃ a
lojas	l oː ʃ a s
losse	l o s ə
lotterie	l o t e r iː
love	l oː v ə
luchs	l u k s
luft	l u f t
luftschiff	l u f t ʃ i f
lumpe	l u m p ə
lung	l u ŋ
lunge	l u ŋ ə
lupp	l u p
lust	l u ʃ t
lutsche	l u t͡ʃ ə
lutscher	l u t͡ʃ ɐ
luxemborrich	l u k s ə m p ɔ r i ç
läer	l eː a
lämmer	l ɛ m ɐ
maai	m ɔː i
maale	m ɔː l ə
mache	m a x ə
macher	m a x ɐ
makack	m a k a k
makacke	m a k a k ə
malaria	m a l aː r i a
malve	m a l v ə
mamma	m a m a
mammong	m a m ɔ ŋ
mammongbaam	m a m ɔ ŋ p ɔː m
manga	m a ŋ k a
mangabaam	m a ŋ k a p ɔː m
mangas	m a ŋ k a s
mange	m a ŋ k ə
maniok	m a n i oː k
mann	m a n
manschërikong	m a n ʃ e r i k ɔ ŋ
mantel	m a n t l̩
margarin	m a r k a r iː n
masch	m a ʃ
maschin	m a ʃ iː n
maschine	m a ʃ iː n ə
mask	m a ʃ k
maske	m a ʃ k ə
mass	m a s
masse	m a s ə
massiv	m a s iː f
massive	m a s iː v ə
matematik	m a t e m a t iː k
material	m a t e r i aː l
materiale	m a t e r i aː l ə
matratze	m a t r a t͡s ə
matriculas	m a t r i k u l a s
matrikla	m a t r i k l a
matrikula	m a t r i k u l a
matsch	m a t͡ʃ
matt	m a t
matte	m a t ə
mauer	m a ʊ̯ a
maul	m a ʊ̯ l
maure	m a ʊ̯ r ə
maurer	m a ʊ̯ r a
maus	m a ʊ̯ s
mechde	m e ç t ə
med	m eː t
mede	m eː r ə
medizin	m e t i t͡s iː n
meel	m eː l
meen	m eː n
meer	m eː a
meere	m eː r ə
meergrien	m eː ɐ k r iː n
meiler	m a ɪ̯ l ɐ
mein	m a ɪ̯ n
meis	m a ɪ̯ s
meister	m a ɪ̯ ʃ t a
melke	m e l k ə
menner	m ɛ n a
mennlich	m æ n l i ç
mensch	m ɛ n ʃ
menschlich	m ɛ n ʃ l i ç
mentel	m e n t l̩
menz	m ɛ n s
mer	m ɐ
merz	m ɛ t͡s
mess	m e s
messdiener	m e s t iː n a
messdienerin	m e s t iː n ə r i n
messe	m e s ə
messer	m e s a
meter	m eː t ɐ
meu	m ɔ ɪ̯
meue	m ɔ ɪ̯ ə
mexiko	m e k s i k o
mich	m i ç
mick	m i k
micke	m i k ə
mied	m iː t
miete	m iː t ə
mih	m iː
mihe	m iː ə
mihl	m iː l
mikrofon	m i k r o f oː n
milje	m i l j ə
miller	m i l a
millich	m i l i ç
millichflasch	m i l i ç f l a ʃ
millimeter	m i l i m eː t ɐ
million	m i l i̯ oː n
millione	m i l i̯ oː n ə
mils	m i l s
milse	m i l s ə
mineral	m i n ə r aː l
mineralwasser	m i n ə r aː l v a s a
minister	m i n i ʃ t ɐ
minutt	m i n u t
misse	m i s ə
mission	m i s i̯ oː n
missione	m i s i̯ oː n ə
mist	m i ʃ t
mit	m i t
mitbringe	m i t p ɾ i ŋ ə
mitglied	m i t k l iː t
mitkomme	m i t kʰ ɔ m ə
mitmache	m i t m a x ə
mitsinge	m i t s i ŋ ə
mitspiele	m i t ʃ p iː l ə
mittach	m i t a x
mitte	m i t ə
mittelfinger	m i t l̩ f i ŋ ɐ
mitter	m i t a
mittwoch	m i t v o x
mitz	m i t͡s
modern	m o t ɛ n
moie	m o ɪ̯ ə
mol	m oː
momente	m o m ɛ n t ə
monarkie	m o n a r k iː
monat	m oː n a t
monate	m oː n a t ə
monatlich	m oː n a t l i ç
mond	m oː n t
monde	m oː n t ə
mone	m oː n ə
montach	m oː n t a x
moos	m oː s
mos	m oː s
mote	m oː t ə
motoer	m o t oː a
motore	m o t oː r ə
motze	m o t͡s ə
moviment	m o v i m ɛ n t
mule	m uː l ə
mulunguh	m u l u ŋ k uː
mund	m u n t
munde	m u n t ə
munizipp	m u n i t͡s i p
munizippal	m u n i t͡s i p aː l
munter	m u n t a
muschel	m u ʃ ə l
muskel	m u ʃ k l̩
muskitt	m u ʃ k i t
muskitte	m u ʃ k i t ə
muster	m u ʃ t ɐ
mut	m uː t
mutter	m u t a
mëdalja	m e t a l j a
mëlon	m e l oː n
mërkaat	m e r k ɔː t
mërkaate	m e r k ɔː t ə
mëtall	m e t a l
naaghel	n ɔː x l̩
naame	n ɔː m e
naas	n ɔː s
naast	n ɔː ʃ t
nacht	n a x t
nackich	n a k i ç
nass	n a s
nativ	n a t iː f
natuer	n a tʰ uː ɐ
naus	n a ʊ̯ s
nawel	n a ʊ̯ l̩
nazi	n aː t͡s i
nazion	n a t͡s i̯ oː n
nazione	n a t͡s i̯ oː n ə
nazisdisch	n a t͡s i s t i ʃ
nazismus	n a t͡s i s m u s
necht	n e ç t
ned	n eː t
nedich	n eː r i ç
nee	n eː
neere	n eː r ə
neh	n eː
nehe	n eː ə
neher	n eː ɐ
nei	n a ɪ̯
neid	n a ɪ̯ t
nein	n a ɪ̯ n
neint	n a ɪ̯ n t
neinzen	n a ɪ̯ n t͡s n̩
neinzich	n a ɪ̯ n t͡s i ç
nemme	n ɛ m ə
nenne	n ɛ n ə
neongrien	n eː ɔ n k r iː n
nest	n e ʃ t
net	n e t
netz	n e t͡s
newel	n e v l̩
nichter	n i ç t ɐ
nickel	n i k l̩
nie	n iː
nier	n iː ɐ
niere	n iː r ə
niese	n iː s ə
nin	n i n
niss	n i s
nist	n i ʃ t
nister	n i ʃ t ɐ
nitter	n i t ɐ
nitterlande	n i t a l a n t ə
noch	n o x
nochber	n o x p a
nod	n oː t
nodwennich	n oː t v ɛ n i ç
nommol	n ɔ m oː
norde	n ɔ t ə
nordkorea	n ɔ t kʰ o r eː a
nore	n oː r ə
normal	n o r m aː l
not	n oː t
note	n oː t ə
notel	n oː t ə l
november	n oː v ɛ m p a
nuff	n u f
null	n u l
nummer	n u m a
nunner	n u n ɐ
nuss	n u s
nutel	n uː t l̩
nutze	n u t͡s ə
ob	oː p
obwohl	oː p v oː l
ochs	o k s
ochse	o k s ə
odder	o r ɐ
oder	oː r ɐ
oft	o f t
ohne	oː n ə
ohre	oː r ə
oktover	o k t oː v a
oliv	o l iː f
olive	o l iː v ə
omelett	o m e l e t
onkel	ɔ ŋ k l̩
onnibus	ɔ n i p u s
ool	oː l
oostre	oː ʃ t r ə
ooze	oː t͡s ə
opfer	o p f ɐ
opfre	o p f r ə
orde	ɔ t ə
ordne	ɔ t n ə
ordnung	ɔ t n u ŋ
oste	o ʃ t ə
ove	oː v ə
ovend	oː m t
paar	pʰ ɔː
paater	pʰ ɔː t a
packe	pʰ a k ə
paliasse	p a l i̯ a s ə
pallem	pʰ a l ə m
palme	pʰ a l m ə
palëstina	p a l e ʃ t iː n a
pann	pʰ a n
panne	pʰ a n ə
panz	pʰ a n s
papier	p a p iː ɐ
papiere	p a p iː r ə
paranaa	p a r a n ɔː
parent	p a r ɛ n t
parente	p a r ɛ n t ə
partikulaar	pʰ a t i k u l ɔː
partikular	p a t i k u l aː r
pasda	p a s t a
patent	p a t ɛ n t
patente	p a t ɛ n t ə
patt	pʰ a t
pausa	p a ʊ̯ s a
pause	p a ʊ̯ s ə
peck	pʰ e k
peepst	pʰ eː p ʃ t
peffer	pʰ e f ɐ
peffermenz	pʰ e f ɐ m ɛ n s
peif	pʰ a ɪ̯ f
peil	pʰ a ɪ̯ l
peiler	pʰ a ɪ̯ l ɐ
pein	pʰ a ɪ̯ n
peine	pʰ a ɪ̯ n ə
perl	pʰ ɛ l
perle	pʰ ɛ l ə
persche	pʰ ɛ ʃ ə
person	pʰ ɛ s oː n
persone	pʰ ɛ s oː n ə
pest	pʰ e ʃ t
petze	pʰ e t͡s ə
piano	p i a n o
pianos	p i a n o s
picke	pʰ i k ə
piff	pʰ i f
pihl	pʰ iː l
pill	pʰ i l
pille	pʰ i l ə
pinguin	pʰ i ŋ k u iː n
pisin	p i s iː n
piss	pʰ i s
pisse	pʰ i s ə
pitange	p i t a ŋ k ə
pitangebaam	p i t a ŋ k ə p ɔː m
pitsch	pʰ i t͡ʃ
pizza	p i t͡s a
pizzas	p i t͡s a s
planet	p l a n eː t
planete	p l a n eː t ə
planz	p l a n s
platt	p l a t
platte	p l a t ə
platz	p l a t͡s
platze	p l a t͡s ə
pnëu	p n e ʊ̯
polack	p o l a k
polacke	p o l a k ə
pole	pʰ oː l ə
polente	p o l ɛ n t ə
poliere	p o l iː r ə
politik	p o l i t iː k
politiker	p o l iː t i k ɐ
politisch	p o l iː t i ʃ
polnisch	p o l n i ʃ
pomata	p o m aː t a
portugal	p o r t u k a l
portugees	p o r t u k eː s
portugeese	p o r t u k eː s ə
portugies	p o r t u k iː s
portugiese	p o r t u k iː s ə
portugiesin	p o r t u k iː s i n
portugiesisch	p o r t u k iː s i ʃ
possdeantes	pʰ o s t ə a n t ə s
poste	pʰ o ʃ t ə
praia	p r a ɪ̯ a
praias	p r a ɪ̯ a s
praktisch	p r a k t i ʃ
preis	p r a ɪ̯ s
preso	p r eː s o
priester	p r iː ʃ t a
prim	p r iː m
prime	p r iː m ə
prinz	p r i n s
prinzessin	p r i n t͡s e s i n
prisong	p r i s ɔ ŋ
problem	p r o p l eː m
problematisch	p r o p l ə m aː t i ʃ
profeet	p r o f eː t
pronome	p r o n oː m ə
prozent	p r o t͡s ɛ n t
prozess	p r o t͡s e s
prunkel	p r u ŋ k ə l
puer	pʰ uː a
puff	pʰ u f
puffe	pʰ u f ə
puhl	pʰ uː l
puliss	p u l i s
pulisse	p u l i s ə
pulver	pʰ u l v ɐ
pumpe	pʰ u m p ə
punkt	pʰ u ŋ k t
putsch	pʰ u t͡ʃ
putting	p u t i ŋ
quarz	k w a t͡s
quatsche	k w a t͡ʃ ə
quatti	k w a t iː
quele	k w eː l ə
quelle	k w e l ə
radio	r aː t i̯ o
radios	r aː t i̯ o s
rand	r a n t
rang	r a ŋ
range	r a ŋ ə
rangel	r a ŋ ə l
rangle	r a ŋ l ə
ransch	r a n ʃ
ranschegelleb	r a n ʃ ə k e l ə p
rappe	r a p ə
rass	r a s
rasse	r a s ə
ratt	r a t
ratte	r a t ə
rau	r a ʊ̯
raub	r a ʊ̯ p
rauche	r a ʊ̯ x ə
raucher	r a ʊ̯ x a
raum	r a ʊ̯ m
raume	r a ʊ̯ m ə
rausche	r a ʊ̯ ʃ ə
reb	r eː p
rechne	r e ç n ə
rechnung	r e ç n u ŋ
recht	r e ç t
rechts	r e ç t͡s
reck	r e k
rees	r eː s
reese	r eː s ə
reffe	r e f ə
reh	r eː
rehn	r eː n
rehne	r eː n ə
rei	r a ɪ̯
reiche	r a ɪ̯ ç ə
reichre	r a ɪ̯ ç r ə
reide	r a ɪ̯ r ə
reif	r a ɪ̯ f
reife	r a ɪ̯ f ə
reim	r a ɪ̯ m
reis	r a ɪ̯ s
reise	r a ɪ̯ s ə
reive	r a ɪ̯ v ə
renne	r ɛ n ə
renner	r e n ɐ
repple	r e p l ə
rest	r e ʃ t
rester	r e ʃ t ɐ
rette	r e t ə
retter	r e t ɐ
rettung	r e t u ŋ
richte	r i ç t ə
richter	r i ç t ɐ
richtung	r i ç t u ŋ
ricke	r i k ə
rieche	r iː ç ə
rind	r i n t
rindfleisch	r i n t f l a ɪ̯ ʃ
ring	r i ŋ
ringfinger	r i ŋ f i ŋ a
rinner	r i n ɐ
rio	r iː o
rios	r iː o s
ripp	r i p
rippe	r i p ə
riss	r i s
ritz	r i t͡s
ritze	r i t͡s ə
riwle	r i v l ə
rock	r o k
rod	r oː t
rode	r oː r ə
rodomee	r o t o m eː
rodwein	r oː t v a ɪ̯ n
roh	r oː
roll	r o l
rolle	r o l ə
romantik	r o m a n t i k
roppe	r o p ə
ros	r oː s
rosch	r o ʃ
rose	r oː s ə
rosell	r o s e l
roselle	r o s e l ə
roserod	r oː z ə r oː t
ross	r o s
rosse	r o s ə
rost	r o ʃ t
rotz	r o t͡s
ruf	r uː f
rufe	r uː f ə
ruh	r uː
ruhe	r uː ə
ruin	r u i n
ruine	r u i n ə
russ	r u s
russe	r u s ə
russisch	r u s i ʃ
russland	r u s l a n t
rut	r uː t
rute	r uː t ə
rëghiere	r e ç iː r ə
rëghierung	r e ç iː r u ŋ
rëghion	r e ç i oː n
rëghione	r e ç i oː n ə
rëlighion	r e l i ç i̯ o n
rëmorss	r e m ɔ s
rëstrinschiere	r e ʃ t r i n ʃ iː r ə
saan	s ɔː n
sach	s a x
sache	s a x ə
sack	s a k
sacolas	s a k o l a s
safran	s a f r a n
sakrament	s a k r a m ɛ n t
sals	s a l s
salse	s a l s e
salsich	s a l s i ç
sammle	s a m l ə
sammlung	s a m l u ŋ
sand	s a n t
sandaalja	s a n t ɔː l j a
sandfloh	s a n t f l oː
sardin	s a t iː n
sardine	s a t iː n ə
satellit	s a t ə l iː t
satellite	s a t ə l iː t ə
sattel	s a t l̩
satz	s a t͡s
sau	s a ʊ̯
sauer	s a ʊ̯ a
saufe	s a ʊ̯ f ə
saure	s a ʊ̯ r ə
sauver	s a ʊ̯ v ɐ
scha	ʃ aː
schaal	ʃ ɔː l
schaam	ʃ ɔː m
schaaref	ʃ ɔː r ə f
schabuticaave	ʃ a p u t i k ɔː v ə
schabutikaab	ʃ a p u t i k ɔː p
schach	ʃ a x
schachtel	ʃ a x t ə l
schaffe	ʃ a f ə
schakaree	ʃ a k a r eː
schakoh	ʃ a k oː
schakrakack	ʃ a k r a k a k
schakrakacke	ʃ a k r a k a k ə
schall	ʃ a l
schalle	ʃ a l ə
schaponees	ʃ a p o n eː s
schaponeese	ʃ a p o n eː s ə
schapong	ʃ a p ɔ ŋ
scharack	ʃ a r a k
scharacke	ʃ a r a k ə
schatte	ʃ a t ə
schatz	ʃ a t͡s
schaum	ʃ a ʊ̯ m
scheed	ʃ eː t
scheele	ʃ eː l ə
scheen	ʃ eː n
scheene	ʃ eː n ə
scheenem	ʃ eː n ə m
scheener	ʃ eː n a
scheenes	ʃ eː n ə s
scheenest	ʃ eː n ə ʃ t
schein	ʃ a ɪ̯ n
scheine	ʃ a ɪ̯ n ə
scheis	ʃ a ɪ̯ s
scheise	ʃ a ɪ̯ s ə
schell	ʃ e l
schelle	ʃ e l ə
scheme	ʃ eː m ə
schenke	ʃ ɛ ŋ k ə
schenker	ʃ ɛ ŋ k ɐ
scherz	ʃ ɛ t͡s
scherze	ʃ ɛ t͡s ə
sches	ʃ eː s
schesje	ʃ e s j ə
schetz	ʃ e t͡s
schicht	ʃ i ç t
schichte	ʃ i ç t ə
schicke	ʃ i k ə
schiff	ʃ i f
schild	ʃ i l t
schiller	ʃ i l a
schimarong	ʃ i m a r ɔ ŋ
schipp	ʃ i p
schippe	ʃ i p ə
schiraff	ʃ i r a f
schiraffe	ʃ i r a f ə
schiss	ʃ i s
schissel	ʃ i s l̩
schisser	ʃ i s ɐ
schissle	ʃ i s l ə
schlaa	ʃ l ɔː
schlachte	ʃ l a x t ə
schlachtung	ʃ l a x t u ŋ
schlang	ʃ l a ŋ
schlange	ʃ l a ŋ ə
schlank	ʃ l a ŋ k
schlapp	ʃ l a p
schlappe	ʃ l a p ə
schlau	ʃ l a ʊ̯
schlecht	ʃ l e ç t
schleier	ʃ l a ɪ̯ a
schleim	ʃ l a ɪ̯ m
schlepp	ʃ l e p
schleppe	ʃ l e p ə
schlesser	ʃ l e s a
schlick	ʃ l i k
schlicke	ʃ l i k ə
schliese	ʃ l iː s ə
schlitz	ʃ l i t͡s
schlitze	ʃ l i t͡s ə
schlof	ʃ l oː f
schlofe	ʃ l oː f ə
schloss	ʃ l o s
schlott	ʃ l o t
schluck	ʃ l u k
schmaal	ʃ m ɔː l
schmecke	ʃ m e k ə
schmelze	ʃ m e l t͡s ə
schmetterling	ʃ m e t ɐ l i ŋ
schmier	ʃ m iː ɐ
schmitt	ʃ m i t
schmuck	ʃ m u k
schmutz	ʃ m u t͡s
schnall	ʃ n a l
schnalle	ʃ n a l ə
schnaps	ʃ n a p s
schneck	ʃ n e k
schnecke	ʃ n e k ə
schnee	ʃ n eː
schneemann	ʃ n eː m a n
schnees	ʃ n eː s
schneid	ʃ n a ɪ̯ t
schneide	ʃ n a ɪ̯ r ə
schneider	ʃ n a ɪ̯ r ɐ
schnell	ʃ n e l
schnelle	ʃ n e l ə
schneller	ʃ n e l a
schnellest	ʃ n e l ə ʃ t
schnips	ʃ n i p s
schnire	ʃ n iː r ə
schnitt	ʃ n i t
schnorres	ʃ n ɔ r ə s
schnuer	ʃ n uː a
schnuffle	ʃ n u f l ə
schnuppe	ʃ n u p ə
schnut	ʃ n uː t
schnute	ʃ n uː t ə
schof	ʃ oː f
schokolaat	ʃ o k o l ɔː t
schone	ʃ oː n ə
schopp	ʃ o p
schoppe	ʃ o p ə
schos	ʃ oː s
schot	ʃ oː t
schote	ʃ oː t ə
schrank	ʃ r a ŋ k
schrappe	ʃ r a p ə
schraub	ʃ r a ʊ̯ p
schreck	ʃ r e k
schrecke	ʃ r e k ə
schrecklich	ʃ r e k l i ç
schrift	ʃ r i f t
schritt	ʃ r i t
schritte	ʃ r i t ə
schuh	ʃ uː
schul	ʃ uː l
schuld	ʃ u l t
schule	ʃ uː l ə
schun	ʃ u n
schundiaa	ʃ u n t i ɔː
schuping	ʃ u p i ŋ
schuppe	ʃ u p ə
schuss	ʃ u s
schuster	ʃ u ʃ t ɐ
schutz	ʃ u t͡s
schutze	ʃ u t͡s ə
schutzengel	ʃ u t͡s ɛ ŋ l̩
schwaart	ʃ v ɔː t
schwaarte	ʃ v ɔː t ə
schwach	ʃ v a x
schwamm	ʃ v a m
schwanger	ʃ v a ŋ a
schwanz	ʃ v a n s
schwarz	ʃ v a t͡s
schwarzbier	ʃ v a t͡s p iː ɐ
schwefel	ʃ v eː f l̩
schwein	ʃ v a ɪ̯ n
schweinerei	ʃ v a ɪ̯ n ə r a ɪ̯
schweiz	ʃ v a ɪ̯ t͡s
schweizer	ʃ v a ɪ̯ t͡s a
schwelle	ʃ v e l ə
schwellung	ʃ v e l u ŋ
schwetze	ʃ v e t͡s ə
schwimme	ʃ v i m ə
schwimmer	ʃ v i m a
schwitz	ʃ v i t͡s
schwitze	ʃ v i t͡s ə
schwong	ʃ v o ŋ
schwäer	ʃ v ɛː ɐ
sechs	s e k s
sechseck	s e k s e k
sechzen	s e ç t͡s n̩
sechzich	s e ç t͡s i ç
seck	s e k
seckel	s e k l̩
see	s eː
seel	s eː l
seele	s eː l ə
seh	s eː
sehe	s eː ə
sehn	s eː n
sei	s a ɪ̯
seid	s a ɪ̯ t
seie	s a ɪ̯ ə
seif	s a ɪ̯ f
seife	s a ɪ̯ f ə
sein	s a ɪ̯ n
seit	s a ɪ̯ t
seite	s a ɪ̯ t ə
sekund	s e k u n t
send	s ɛ n t
senger	s ɛ ŋ ɐ
september	s eː p t ɛ m p a
setz	s e t͡s
setze	s e t͡s ə
sibzen	s i p t͡s n̩
sichel	s i ç l̩
sicher	s i ç a
sicherlich	s i ç ɐ l i ç
sicht	s i ç t
sichte	s i ç t ə
sie	s iː
siedkorea	s iː t kʰ o r eː a
siegh	s iː ç
sies	s iː s
siete	s iː t ə
sieve	s iː v ə
siffer	s i f ɐ
sihn	s iː n
silver	s i l v ɐ
simbol	s i m p o l
simp	s i m p
sin	s i n
sind	s i n t
sinfonie	s i n f o n iː
sinfonisch	s i n f oː n i ʃ
singe	s i ŋ ə
sinke	s i ŋ k ə
sinne	s i n ə
sinner	s i n ɐ
sinonim	s i n oː n i m
siria	s iː r i a
sirje	s iː r j ə
sistem	s i s t eː m
sitze	s i t͡s ə
skelett	ʃ k e l e t
skorpion	ʃ k o r p i oː n
soda	s oː t a
sofa	s o f aː
sofas	s o f aː s
sofá	s o f aː
sohl	s oː l
sohle	s oː l ə
sohn	s oː n
soja	s oː ʃ a
soje	s oː ʃ ə
soldaat	s o l t ɔː t
solle	s o l ə
some	s oː m ə
sommer	s ɔ m a
sonn	s ɔ n
soot	s oː t
sorte	s ɔ t ə
sorvett	s o r v e t
sos	s oː s
sose	s oː s ə
sozieteet	s o t͡s i ə t eː t
spaad	ʃ p ɔː t
spaan	ʃ p ɔː n
spanje	ʃ p a n j ə
spanne	ʃ p a n ə
sparre	ʃ p a r ə
spass	ʃ p a s
spatze	ʃ p a t͡s ə
speck	ʃ p e k
sped	ʃ p e t
speen	ʃ p eː n
speicher	ʃ p a ɪ̯ ç ɐ
sperre	ʃ p ɛ r ə
spess	ʃ p e s
spiel	ʃ p iː l
spiele	ʃ p iː l ə
spieler	ʃ p iː l ɐ
spinn	ʃ p i n
spinne	ʃ p i n ə
spiss	ʃ p i s
spitaal	ʃ p i t ɔː l
spitz	ʃ p i t͡s
spitze	ʃ p i t͡s ə
spoer	ʃ p oː ɐ
spott	ʃ p o t
spreche	ʃ p r e ç ə
sprecher	ʃ p r e ç ɐ
sprecherei	ʃ p r e ç ə r a ɪ̯
sprich	ʃ p r i ç
spring	ʃ p r i ŋ
springe	ʃ p r i ŋ ə
spritz	ʃ p r i t͡s
spritze	ʃ p r i t͡s ə
sproch	ʃ p r o x
spruch	ʃ p r u x
sprung	ʃ p r u ŋ
spuck	ʃ p u k
spucke	ʃ p u k ə
spul	ʃ p uː l
spule	ʃ p uː l ə
staab	ʃ t ɔː p
staal	ʃ t ɔː l
staat	ʃ t ɔː t
staate	ʃ t ɔː t ə
stachel	ʃ t a x l̩
stall	ʃ t a l
stamm	ʃ t a m
stampe	ʃ t a m p ə
stamper	ʃ t a m p ɐ
stang	ʃ t a ŋ
stange	ʃ t a ŋ ə
stanze	ʃ t a n t͡s ə
statt	ʃ t a t
statts	ʃ t a t͡s
steche	ʃ t e ç ə
steck	ʃ t e k
stecke	ʃ t e k ə
steel	ʃ t eː l
steen	ʃ t eː n
steenich	ʃ t eː n i ç
steere	ʃ t eː r ə
stehle	ʃ t eː l ə
stehn	ʃ t eː n
steie	ʃ t a ɪ̯ ə
steier	ʃ t a ɪ̯ a
steif	ʃ t a ɪ̯ f
stell	ʃ t e l
stelle	ʃ t e l ə
stempel	ʃ t ɛ m p l̩
stengel	ʃ t ɛ ŋ ə l
stern	ʃ t ɛ n
sterne	ʃ t ɛ n ə
sterrve	ʃ t ɛ r v ə
sterz	ʃ t ɛ t͡s
sterze	ʃ t ɛ t͡s ə
stett	ʃ t e t
stetter	ʃ t e t ɐ
stich	ʃ t i ç
stick	ʃ t i k
sticke	ʃ t i k ə
sticker	ʃ t i k ɐ
stiefbruder	ʃ t iː f p r uː r ɐ
stiefkind	ʃ t iː f kʰ i n t
stiefmutter	ʃ t iː f m u t a
stiefsohn	ʃ t iː f s oː n
stiel	ʃ t iː l
stier	ʃ t iː ɐ
stift	ʃ t i f t
stihl	ʃ t iː l
still	ʃ t i l
stimme	ʃ t i m ə
stinkdier	ʃ t i ŋ k t iː ɐ
stinke	ʃ t i ŋ k ə
stock	ʃ t o k
stolper	ʃ t o l p ɐ
stolpre	ʃ t o l p r ə
stols	ʃ t o l s
stoppe	ʃ t o p ə
storz	ʃ t ɔ t͡s
strauch	ʃ t r a ʊ̯ ç
straus	ʃ t r a ʊ̯ s
streck	ʃ t r e k
strecke	ʃ t r e k ə
streiche	ʃ t r a ɪ̯ ç ə
streicher	ʃ t r a ɪ̯ ç ɐ
streichle	ʃ t r a ɪ̯ ç l ə
streife	ʃ t r a ɪ̯ f ə
strem	ʃ t r eː m
strich	ʃ t r i ç
strick	ʃ t r i k
stricke	ʃ t r i k ə
strimp	ʃ t r i m p
strof	ʃ t r oː f
strofe	ʃ t r o f ə
stroh	ʃ t r oː
strom	ʃ t r oː m
strome	ʃ t r oː m ə
stros	ʃ t r oː s
stross	ʃ t r o s
strump	ʃ t r u m p
struz	ʃ t r uː t͡s
studente	ʃ t u t ɛ n t ə
stuhl	ʃ t uː l
stumm	ʃ t u m
stump	ʃ t u m p
suche	s u x ə
suckle	s u k l ə
suco	s u k o
sump	s u m p
sunn	s u n
supp	s u p
suppe	s u p ə
suttle	s u t l ə
sërvett	s e r v e t
sërviere	s e r v iː r ə
talent	tʰ a l ɛ n t
tamburin	tʰ a m p u r iː n
tante	tʰ a n t ə
tappes	tʰ a p ə s
tasch	tʰ a ʃ
tasche	tʰ a ʃ ə
tass	tʰ a s
tasse	tʰ a s ə
tattu	tʰ a t u
tausend	tʰ a ʊ̯ s ə n t
tausendfus	tʰ a ʊ̯ s n̩ t f uː s
taxi	tʰ a k s i
taxis	tʰ a k s i s
tee	tʰ eː
teekann	tʰ eː kʰ a n
teekanne	tʰ eː kʰ a n ə
teepump	tʰ eː pʰ u m p
tema	tʰ eː m a
teme	tʰ eː m ə
tempel	tʰ ɛ m p l̩
terreno	tʰ e r eː n o
terrenos	tʰ e r eː n o s
text	tʰ e k s t
texte	tʰ e k s t ə
tickutick	tʰ i k u t i k
tigher	tʰ iː ç a
tint	tʰ i n t
tinte	tʰ i n t ə
tirol	tʰ i r oː l
tirolisch	tʰ i r oː l i ʃ
tomatt	t o m a t
tomatte	t o m a t ə
torrem	tʰ ɔ r ə m
torte	tʰ ɔ t ə
toych	t ɔ j x
traira	t r a iː r a
traire	t r a iː r ə
trample	t r a m p l ə
traub	t r a ʊ̯ p
traue	t r a ʊ̯ ə
trede	t r eː r ə
treffe	t r e f ə
trenne	t r ɛ n ə
treppe	t r e p ə
trieb	t r iː p
trieve	t r iː v ə
tritt	t r i t
troost	t r oː ʃ t
trupp	t r u p
truppe	t r u p ə
tumoer	t u m oː a
tunke	tʰ u ŋ k ə
tëlevisong	t e l ə v i s ɔ ŋ
uersach	uː ɐ s a x
uerwald	uː ɐ v a l t
uff	u f
uffem	u f ə m
uffs	u f s
uher	uː a
uherzeid	uː ɐ t͡s a ɪ̯ t
uhre	uː r ə
um	u m
umfalle	u m f a l ə
umsonst	u m s ɔ n ʃ t
un	u n
unbekannt	u n p ə kʰ a n t
unfall	u n f a l
ungesund	u n k ə s u n t
unglick	u n k l i c k
uns	u n s
unschuld	u n ʃ u l t
unsicher	u n s i ç ɐ
unzufried	u n t͡s u f r iː t
urin	u r iː n
vaas	v ɔː s
vasos	v aː s o s
velorio	v ə l o r ɪ̯ o
violin	v i o l iː n
violine	v i o l iː n ə
viëtnam	v i e t n a m
waal	v ɔː l
waan	v ɔː n
waar	v ɔː
wach	v a x
wache	v a x ə
wachs	v a k s
wachse	v a k s ə
wackle	v a k l ə
waff	v a f
waffe	v a f ə
waffle	v a f l ə
walse	v a l s ə
wand	v a n t
wann	v a n
was	v a s
wasser	v a s a
wassre	v a s r ə
watt	v a t
watte	v a t ə
wech	v e ç
weche	v e ç ə
wechsle	v e k s l ə
weck	v e k
wecker	v e k a
weele	v eː l ə
weeler	v eː l a
weelerin	v eː l ə r i n
ween	v eː n
weert	v eː ɐ t
weh	v eː
weib	v a ɪ̯ p
weiblich	v a ɪ̯ p l i ç
weid	v a ɪ̯ t
weider	v a ɪ̯ r ɐ
weie	v a ɪ̯ ə
wein	v a ɪ̯ n
weinachte	v a ɪ̯ n a x t ə
weinachtsbaam	v a ɪ̯ n a x t s p ɔː m
weinflasche	v a ɪ̯ n f l a ʃ ə
weinrod	v a ɪ̯ n r oː t
weis	v a ɪ̯ s
weisbrod	v a ɪ̯ s p r oː t
weise	v a ɪ̯ s ə
weisem	v a ɪ̯ s ə m
weiser	v a ɪ̯ s a
weises	v a ɪ̯ s ə s
weisest	v a ɪ̯ s ə ʃ t
weize	v a ɪ̯ t͡s ə
well	v e l
welle	v e l ə
wellef	v e l ə f
welt	v e l t
welte	v e l t ə
wend	v e n t
wenichstens	v eː n i ç ʃ t ə n s
wenn	v ɛ n
wer	v ɛ ɐ̯
werklich	v ɛ r k l i ç
werklichkeet	v e r k l i ç kʰ eː t
werre	v ɛ r ə
werst	v ɛ ʃ t
werter	v ɛ t a
wesch	v e ʃ
wesche	v e ʃ ə
wespe	v e ʃ p ə
weste	v e ʃ t ə
wette	v e t ə
wetter	v e t ɐ
weve	v eː v ə
wever	v eː v ɐ
wichs	v i k s
wichse	v i k s ə
wichtich	v i ç t i ç
wicke	v i k ə
wickle	v i k l ə
wie	v iː
wiest	v iː ʃ t
wild	v i l t
wille	v i l ə
willich	v i l i ç
wimper	v i m p ɐ
wind	v i n t
windmihl	v i n t m iː l
winsche	v i n ʃ ə
winter	v i n t a
wische	v i ʃ ə
wisse	v i s ə
wittichnannerrenne	v i t i ç n a n a r ɛ n ə
witz	v i t͡s
wo	v oː
woch	v o x
woche	v o x ə
wocheenn	v o x ə ɛ n
woh	v oː
wohe	v oː ə
woherheet	v oː ɐ h eː t
woherheit	v oː ɐ h a ɪ̯ t
wohne	v oː n ə
woll	v o l
wolle	v o l ə
wollef	v o l ə f
wollek	v o l k
worst	v ɔ ʃ t
wort	v ɔ t
worte	v ɔ t ə
wortschatz	v ɔ t ʃ a t͡s
wuchs	v u k s
wund	v u n t
wunner	v u n a
wunsch	v u n ʃ
wut	v uː t
wutz	v u t͡s
wutze	v u t͡s ə
wäär	v eː a
xloych	ʃ l ɔ j x
zaal	t͡s ɔː l
zaam	t͡s ɔː m
zaan	t͡s ɔː n
zaart	t͡s ɔː t
zang	t͡s a ŋ
zange	t͡s a ŋ ə
zanke	t͡s a ŋ k ə
zaum	t͡s a ʊ̯ m
zaun	t͡s a ʊ̯ n
zebra	t͡s eː p r a
zebras	t͡s eː p r a s
zeche	t͡s e ç ə
zecke	t͡s e k ə
zeen	t͡s eː n
zeh	t͡s eː
zehe	t͡s eː ə
zehn	t͡s eː n
zeich	t͡s a ɪ̯ ç
zeichne	t͡s a ɪ̯ ç n ə
zeichnung	t͡s a ɪ̯ ç n u ŋ
zeid	t͡s a ɪ̯ t
zeidich	t͡s a ɪ̯ r i ç
zein	t͡s a ɪ̯ n
zell	t͡s e l
zelle	t͡s e l ə
zentraal	t͡s n̩ t r ɔː l
zentrum	t͡s ɛ n t r u m
zepp	t͡s e p
zettel	t͡s e t l̩
ziehe	t͡s iː ə
ziel	t͡s iː l
zimmer	t͡s i m a
zimmermann	t͡s i m ɐ m a n
zimmet	t͡s i m ə t
zink	t͡s i ŋ k
zinn	t͡s i n
zins	t͡s i n s
zinse	t͡s i n s ə
zipp	t͡s i p
zippe	t͡s i p ə
zitron	t͡s i t r oː n
zitrone	t͡s i t r oː n ə
zittre	t͡s i t r ə
zopp	t͡s o p
zu	t͡s uː
zucker	t͡s u k a
zuckre	t͡s u k r ɐ
zufried	t͡s u f r iː t
zum	t͡s uː m
zumache	t͡s uː m a x ə
zung	t͡s u ŋ
zunge	t͡s u ŋ ə
zwanzich	t͡s v a n t͡s i ç
zweck	t͡s v e k
zweifel	t͡s v a ɪ̯ f ə l
zweifle	t͡s v a ɪ̯ f l ə
zwellef	t͡s v e l ə f
zwern	t͡s v ɛ n
zwett	t͡s v e t
zweu	t͡s v ɔ ɪ̯
zwieback	t͡s v iː p a k
zwilling	t͡s v i l i ŋ
zwing	t͡s v i ŋ
zwingd	t͡s v i ŋ t
zwinge	t͡s v i ŋ ə
zwingst	t͡s v i ŋ ʃ t
zwiwel	t͡s v i v l̩
äerd	ɛː a t
äerdbeer	ɛː a t p eː a
äerdbeere	ɛː a t p eː r ə
äerde	ɛː a t ə
äärem	ɛː r ə m
äärsch	ɛː ʃ
ëukalipt	e ʊ̯ k a l i p t
ëukaliptbaam	e ʊ̯ k a l i p t p ɔː m
ëuropa	e ʊ̯ r oː p a
ëuropäer	e ʊ̯ r o p ɛː a
ëuropäisch	e ʊ̯ r o p ɛː i ʃ
ëuropäische	e ʊ̯ r o p ɛː i ʃ ə
ëuropäischem	e ʊ̯ r o p ɛː i ʃ ə m
ëuropäischer	e ʊ̯ r o p ɛː i ʃ a
ëuropäisches	e ʊ̯ r o p ɛː i ʃ ə s
