a	a
ablegøyer	ɑ b l ə ² ɡ œ ʏ ə r
abonnera	ɑ b ʊ n eː r ɑ
abortiv	ɑ b ɔ ʁ t iː ʋ
abraham	² aː b r a a m
absolutisme	ɑ b s ʊ l ʉ t ɪ s m ə
acre	æ ɪ k ə r
adalhending	² aː a l h ɛ n d ɪ ŋ
adel	¹ aː d ə l
adelgod	² aː ə l ɡ uː
adept	ɑ d ɛ p t
adla	² aː d l a
adle	² a d l ə
administrasjon	ɑ d m ɪ n ɪ s t r ɑ ʂ uː n
afrikansk	ɑ f r i k ɑː n s k
aftan	ɑ̂ f t ɑ n
agder	² a ɡ d ə r
age	² ɑː j ə
ageleg	² ɑː ɡ ə l ɛ
agg	ɑ ɡː
agje	² ɑː j ə
agjen	² ɑː j ə n
agn	ɑ ŋ n
agurk	a ɡ ʉ r k
agurktid	a ɡ ʉ r k t iː
aillj	a ʎː
ailltj	ɑ ɬ c
ainnføtes	a ɲː f œː t e s
ainnjsles	a ɲ ʂ l ɛ s
ainnpusten	a ɲː p ʉ s t n̩
ainnsles	a ɲ ʂ l ɛ s
aka	² a k a
ake	² ɑː k ə
akjån	² ɑː ç oː n
akka	² ɑ k k ɑ
akkar	² ɑ kː ɑ r
akke	² ɑ k k ə
akkorart	a k k u r a ʂ t
akkord	ɑ k ɔ r d
aksel	² ɑ k s ɛ l
akselerasjon	a k s l r a ʃ uː n
aksent	ɑ k s ɑ ŋ
aksla	² ɑ k s l ɑ
aktiv	ɑ k t ɪ ʋ
aktsam	² a k t s a m
aktør	ɑ k t øː r
alaskar	a l a s k a r
alaskisk	a l a s k i s k
alde	² ɑ l d ə
alder	ɑ l d ɛ r
aldri	² ɑ l d r ɪ
alfabet	a l f a b eː t
alke	² a l k ə
all	a d l
alle	a l l eː
alltid	ɑ l t ɪ
allting	ɑ l t ɪ ŋ
allvitande	² ɑ lː ʋ iː t ɑ n d ə
alm	ɑ l m
almen	ɑ l m ə n
alna	² a l n a
alt	ɑ l t
altso	ɑ l t s ɔ
altså	ɑ l t s ɔ
alver	² a l v e r
alvera	a l v æː r a
alvorleg	ɑ l ʋ oː r l ɛ
ambassadør	ɑ m b ɑ s ɑ d øː r
ambisjon	ɑ m b ɪ ʂ uː n
ambolt	a m b o̞ ʎ̥ c
amerikanar	aː m ə r i k aː n aː r
ammetåke	² ɑ m m ə t oː k ə
ananas	ɑ nː ɑ n ɑ s
anarki	ɑ n ɑ r k iː
and	a n
anda	² ɑ n d ɑ
andebu	² a nː ə b ʉ
andektig	ɑ n d ɛ k t ɪ
andlet	² ɑ n l eː t
ane	ɑː n ə
anga	² ɑ ŋ ŋ ɑ
angar	² ɑ ŋ ŋ ɑ r
ange	² ɑ n j ə
angje	² ɑ n j eː
angjen	² ɑ ŋ j ə n
angripa	ɑ n ɡ r iː p ɑ
ankel	² ɑ ŋ k ə l
anmarsj	² ɑ n m ɑ ʂ
annan	² ɑ nː ɑ n
annjsles	a ɲ ʂ l ɛ s
annleis	² a nː l ɛ ɪː s
ansikt	² ɑ n s ɪ k t
ansleis	a ɲ ʃ l ɛ s
anten	a n t ɛ n
antibiotikum	a n t i b i uː t i k ʉ m
antilope	ɑ n t ɪ ² l uː p ə
apal	² aː p a l
apald	² aː p a l
apokalypse	a p u k a l y p s ə
arbeid	² a r b ɛ ɪː
arbeida	² a r b ɛ ɪː a
arbeidsmann	² a r b ɛ ɪː s m a nː
arena	ɑ r eː n ɑ
argument	ɑ r ɡ ʉ m ɛ n t
arkja	ɑ r ç ɑ
arm	ɑ r m
arme	² ɑ r m ə
arming	² ɑ r m ɪ ŋ
arn	a n
arnbjørn	a m b j œ n
arndor	² a n d u
arne	aː ɳ ə
arnfinn	² a n f ɪ nː
arnstein	² a n s t ɛ ɪː n
arntor	² a n t u r
arnved	² a n v ə
arnvid	² a n v ɪ
arrdelfin	² ɑ r d ɛ l f iː n
arv	ɑ r ʋ
arva	² a r v a
arved	² a r v ə
arvid	² a r v i d
ase	² ɑː s ə
asgeir	² a s j ɛ ɪ r
ask	ɑ s k
aslak	ɑː s l ɑ k
asperen	² a s p ə ɳ
astrid	² a s t r ɪ
at	ɑ tː
atal	² ɑː t ɑ l
ateist	ɑ t ə ɪ s t
atomvåpen	aː t uː m ʋ ɒː p ɛ n
atride	² a t r ə
att	ɑ tː
attan	² ɑ t t ə n
attanfor	a t a n f ɔ r
attantil	² ɑ tː ɑ n t ɪ l
atten	ɑ t n̩
attende	ɑ t ² ɛ n d ɛ
atter	ɑ tː ɛ r
attmed	² ɑ t m eː
attom	² a tː ʊ m
au	œ ʊː
aud	œ ʊː
auda	² œ ʊː a
aude	² œ ʊː ə
audgeir	² œ ʊː j ɛ ɪ r
audmund	² œ ʊː m ʊ n
audun	² œ ʊː d ʉ n
audvard	² œ ʊː v a r
auga	² æ ʉ̯ ɑ
auge	² æ ʉ̯ ɡ ə
augestikkar	ø ʉ ɡ ə s t i k a r
auget	² æ ʉ̯ ɡ ə
auka	² œ ʊː k a
auke	² œ ʊː k ə
aur	æ ʉ̯ r
aure	² œ ʊː r ə
aurride	² œ ʊː r ə
aust	œ ʊ̯ s t
austmann	² œ ʊ̯ s t m a nː
austmarkmus	² æ ʉ s t m ɑ r k m ʉ s
austover	œ ʊ s t oː v ə r
austre	² æ ʉ s t r ə
austrheim	² œ ʊ s t r ɛ ɪː m
automat	æ ʉ t ʊ m ɑː t
av	ɑː ʋ
avbragdsleg	ɑ ʋ b r ɑ ɡ ʂ l ɛ
avgjera	ɑː ʋ j eː r ɑ
avgjerd	² ɑː ʋ j eː r
avhengig	ɑː ʋ h ɛ ŋː ɪ
avhoppar	aː ʋ h ɔ p a r
avis	ɑ ʋ iː s
avisa	ɑ ʋ iː s ɑ
avisene	ɑ ʋ iː s n̩ ə
aviser	ɑ ʋ iː s ə r
avkastning	ɑː ʋ k ɑ s t n ɪ ŋ
avl	ɑ ʋ l
avla	a ʋ l a
avstand	aː ʋ s t a n
avund	² ɑː ʋ ʉ n
avundsjuk	ɑː ʋ u ɲː ʃ ʉː k
b	b
bacon	b eː k ə n
bad	b ɑː
badstove	² b a s s t oː v ə
bainn	b ɑ ɲː
bak	b ɑː k
bakbord	b aː k b uː r
bakhall	² b ɑː k h ɑ l
bakke	² b a kː ə
bakkje	² b ɑ ç ç ə n
bakkjen	² b ɑ ç ç ə n
bal	b ɑː l
balje	² b ɑ l j ə
ball	b a lː
banan	b a n aː n
band	b æ n d
bank	b ɑ ŋ k
bankkvelv	b ɑ ŋ k k ʋ ɛ l ʋ
banne	² b a n n e
bannlyse	b a nː ² l yː s e
bar	b ɑː ɾ
bard	b aː r
barkje	² b ɑ r ç ə
barkjen	² b ɑ r ç ə n
barkjuke	b a r ɕ ʉ k
barlind	² b a lː ɪ n
barm	b ɑ r m
barn	b aː n
barnehage	² b ɑ r n ə h ɑˑ j ə
bart	b a r t
be	b eː
beda	² b eː ɑ
bede	² b eː ə
begge	² b ɛ ɡː ə
begynne	b j ʏ nː ə
behageleg	b ə h ɑː ɡ ə l ɛ ɡ
behalda	b eː h a l d a
bein	b ɛ ɪː n
beina	b ɛ ɪː n a
beine	² b ɛ ɪː n ə
beingrind	b ɛ ɪː n ɡ r ɪ n
beingrinnj	b ɛ ɪː n ɡ r ɪ ɲ
beita	² b ɛ ɪː t a
beite	² b ɛ ɪː t ə
beitstad	² b ɛ s t a
beitstaden	² b ɛ s t a n
bekk	b ɛ kː
bekken	b ɛ kː ə n
bendelorm	b ɛ n d ə l ɔ r m
benektelse	b ɛ n ɛ k t ɛ l s ɛ
benk	b ɛ ŋ k
bera	² b ɛ r a
bere	² b ɛː r ə
berg	b ɛ r j
bergen	b æ r n
berget	b ɛ r j ə
bergmann	b æ r ɡ m ɑ n
bergta	b ɛ r ɡ t a
bergugleberget	b ɛ r ɡ ʉ ɡ l e b ɛ r ɡ ɛ
bergvegg	² b ɛ r ɡ ʋ ɛ ɡː
berre	² b ɛ rː ə
bestandig	b ə s t ɑ n d ɪ
besøk	b eː s øː k
besøkja	b ə s øː ç a
betala	b ə t aː l a
betlehem	b eː t l ə h ɛ m
bety	b eː t y
bever	b eː ʋ ɛ r
bibliotek	b ɪ b l j u t eː k
biblioteka	b ɪ b l j u t eː k ɑ
bide	b i d eː
bider	b i r
bidja	² b iː a
bie	² b iː ə
bikkje	² b ɪ çː ə
bil	b iː l
bilda	b ɪ l d ɑ
bilde	b ɪ l d ə
bildet	b ɪ l d ə
bile	² b iː l ə
bilen	b iː l e n
billeg	² b ɪ lː ɛ
bindal	² b ɪ nː d aː l
bindande	² b ɪ n d ɑ n d ə
bingo	b ɪ ŋ u
bingoblokk	b ɪ ŋ u b l œ kː
binær	b i n æː r
biri	b iː r i
biskop	b ɪ s k ʊ p
bisol	b i s u l
bisp	b ɪ s p
bit	b iː t
bita	² b iː t ɑ
bitdal	² b i dː aː l
biti	b iː t ɪ
bivrost	² b ɪ v r o s t
bjarne	² b j a r n ə
bjerne	² b j ɛ d n ə
bjøinn	b j œ ɲː
bjønnfett	b j œ ɲ f e tː
bjørgvin	² b j ø r ɡ v ɪ n
bjørk	b j œ r k
bjørka	b j œ r k ɑ
bjørkemus	² b j œ r k ɛ m ʉː s
bjørn	b j œ d n
bjørnebær	b j øː r n ə b æː r
bjørnekam	b j œ ɳ e k ɑ mː
bjørnli	b j œ ɳ l i
bjørnøya	² b j œ nː œ ʏː a
bjørvika	² b j ø r v iː k a
blande	b l a ɲ
blank	b l ɑ ŋ k
blant	b l ɑ n t
blaut	b l œ ʊː t
blautt	b l œ ʊ tː
bleik	b l ɛ ɪː k
blemme	b l e m m e
blenkja	² b l ɛ ŋ ç ɑ
bli	b l iː
blind	b l ɪ n d
blinda	² b l ɪ n d ɑ
blindebukk	b l ɪ nː b ʊ kː
blinka	² b l ɪ ŋ k ɑ
bljug	b l j ʉː ɡ
blod	b l uː
blodskam	b l uː s k a m
blodvatn	b l uː ʋ ɐ t n̩
blokkfløyte	b l ɔ k f l œ ʏ t ə
blom	b l uː m
blome	² b l uː m ə
blomkål	b l u m k ɔˑ l
blomstrete	² b l ʊ m s t r ɛ t ə
blyant	b l yː ɑ n t
blå	b l oː
blåkval	² b l ɔː k ʋ ɑː l
blåmann	² b l ɔː m a nː
blåmeis	² b l ɔː m ɛ ɪː s
blåst	b l ɔ s t
blåtann	² b l ɔː t a nː
bløffe	b l ø f f e
bløma	² b l øː m ɑ
boargeit	b oː a r j æ ɪː t
bod	b ɔː
bodø	² b uː d øː
boen	² b uː ə n
bog	b uː ɡ
bok	b uː k
bokavl	² b uː k ɑ ʋ l
bokja	b uː ç a
bokjå	b uː ç o
bokmål	² b uː k m ɔː l
bokstav	b u k s t aː v
bokstavleg	b uː k s t aː ʋ l eː ɡ
bol	b uː l
bolk	b ɔ l k
bolle	² b ɔ lː ə
boms	b u m s
bomsikker	b u m s ɪ kː ə r
bon	b uː n
bona	b uː n ɑ
bonde	² b u n d ə
bong	b o ŋ
bongotromme	b u n ɡ u t r u m m e
boni	b uː n ɪ
bonn	b o n
bonom	² b uː n ʊ m
bord	b uː r
bordduk	² b uː ɽ d ʉː k
bordøy	² b uː r œ ʏː
borg	b o r ɡ
borgarleg	b ɔ r ɡ ɑ r l eː ɡ
borgynd	² b o r j ɪ n d
borkjen	b ɔ r ç ə n
bort	b u ʁ t
borte	² b ʊ r t ə
bortkasta	b ʊ r t k a s t a
bos	b oː s
boss	b ɔ sː
bostkast	b o s t k ɑ s t
botn	b ɔ t n̩
brage	² b r aː ɡ e
bragernes	² b r aː n e s
brainnj	b r ɑ ɲ
braud	b r œ ʊ̯ː
bre	b r eː
brei	b r ɛ ɪː
breia	² b r ɛ ɪː a
breidd	b r ɛ ɪ dː
breiflabb	b r æ ɪ f l ɑ b
breisle	² b r ɛ ɪ s l ə
brek	b r eː k
breka	b r eː k ɑ
breke	² b r ɛː k ə
brekja	² b r ɛː ç ɑ
brekje	² b r eː ç ə
brekkjarn	b r ɛ k j aː r n
brekt	b r eː k t
brekte	² b r eː k t ə
brenna	² b r ɛ nː a
brennmanet	b r ɛ n m aː n eː t
brennuttu	b r ɛ ɲː h ʉ tː ʉ
brev	b r eː ʋ
brigde	² b r ɪ ɡ d ə
brisling	² b r ɪ s l ɪ ŋ
brodd	b r ɔ dː
brok	b r uː k
brokkoli	b r ɔ k ɔː l i
bronse	b r u n s ə
bror	b r uː r
brosme	² b r ɔ s m ə
brot	b r o t
broten	² b r oː t n̩
brotsverk	b r ɔː t s v ɛ r k
bru	b r ʉː
bruk	b r ʉː k
bruka	b r ʉː k ɑ
bruna	b r ʉ n a
brunbjørn	b r uː n b j œ ɲː
bruni	b r ʉ n ɪ
brunn	b r ʊ nː
brunost	² b r ʉː n o s t
brunrotte	² b r ʉː n r ɔ t ə
brusa	² b r ʉː s ɑ
bryllaup	b r y l ø ʉ p
brynje	² b r ʏ n j ə
bryta	² b r yː t ɑ
bryting	² b r yː t ɪ ŋ
brå	b r oː
bråket	b r oː k ə
bråna	² b r oː n ɑ
brød	b r øː
brødet	b r øː ə
brødskive	² b r øː ʃ iː ʋ ə
brøti	² b r ø t i
bu	b ʉː
buddhist	b ʉ d ɪ s t
buddhisten	b ʉ d ɪ s t n̩
bukk	b ʊ kː
bukkeblad	² b ʊ kː ɛ b l ɑː
bukse	² b ʊ k s ə
bula	b ʉː l a
bullshit	b ʉ lː ʃ iː t
bumann	b ʉː m ɑ ɲː
bunad	² b ʉː n a
buras	b ʉ r a s
burda	² b uː r a
burde	² b uː r ə
burka	b ʉ r k ɑ
burot	² b ʉː r uː t
busette	² b ʉː s ɛ tː ə
buskerud	² b ʉ s k ə r ʉ
buss	b ʉ sː
bustad	² b ʉː s t ɑː
butl	b ʉ ɬ l
by	b yː
bye	² b yː ə
bygd	b ʏ ɡ d
bygdin	² b ʏ ɡ d i n
bygel	² b ʏː j ə l
byggja	² b ʏ ʝː ɑ
byggjekloss	² b ʏ jː ə k l ɔ sː
bygning	² b ʏ ɡ n ɪ ŋ
byksa	b ʏ k s ɑ
bylgje	² b ʏ l j ə
byrge	² b ʏ r j ə
byrja	² b ʏ r j a
bystat	b yː s t aː t
både	b oː d ə
båe	b ɒ ə
bån	b oː n
båna	b oː n ɑ
bånet	b oː n ə
båra	² b oː r ə
bård	b ɔː r
båt	b a ʊ t
bænk	b æ ŋ k
bær	b eː r
bæra	b æː r ɑ
bæsja	b æ ʃː a
bøhmergaten	b œː m e ʁ ɡ aː t n̩
bøk	b øː k
bøle	² b øː l ə
bølge	² b œ l ɡ ə
bølgje	² b œ l j ə
bøn	b œː n
bønder	b ø n d ə r
bønn	b œ nː
bønner	² b œ n ə r
bør	b øː r
børge	² b ø r j ə
børste	² b œ ʂ t ə
bøttebong	b œ tː ə b o ŋ
bøya	² b œ ʏ ɑ
casane	² k æ ɪ̯ s ɑ n ə
casar	² k æ ɪ̯ s ɑ
case	k æ ɪ̯ s
casen	k æ ɪ̯ s n̩
caset	k æ ɪ̯ s ə
cellofan	s ɛ l l ʊ f ɑː n
chat	t͡ʃ æ tː
chattar	² t͡ʃ æ tː ɑ r
chatte	² t͡ʃ æ tː ə
cykel	s yː k l̩
cymbal	s ʏ m b ɑː l
cymbel	s ʏ m b l̩
d	d
da	d ɑː
daa	d oː
dag	d ɑː
dagblad	² d aː ɡ b l aː
dagevis	² d ɑː ɡ ə ʋ iː s
dagjen	d ɑː j ə n
dal	d ɑː l
dalar	² d ɑː l ɑ r
dale	² d aː l i
dalvik	² d aː l v iː k
dana	² d aː n a
dane	² d ɑː n ə
danmark	d a n m a ʂ k
dans	d ɑ n s
dansa	d a ɲ s
dansar	² d ɑ n s ɑ r
dansk	d ɑ n s k
dansken	d ɑ n s k ɛ n
data	d ɑː t ɑ
datamus	d aː t a m ʉː s
dataspel	d aː t a s p eː l
dataspeling	d aː t a s p eː l i ŋ ɡ
date	d æ ɪ̯ t
dativ	d ɑː t ɪ ʋ
datum	d ɑː t ʉ m
daud	d œ ʊ̯ː
daud'e	d æ ʉː d ə
daude	² d æ ʉ ə
dauder	d œ ʉ d ə r
de	d eː
definera	d ə f i n eː r a
definisjon	d ə f i n i ʂ uː n
deg	d eː ɡ
dei	d ɛ ɪ
deig	d ɛ ɪː ɡ
deim	d ɛ m
deira	d ɛ ɪ r a
deker	d eː k ə r
dekk	d ɛ kː
dekkja	d ɛ ç a
del	d eː l
delfin	d ɛ l f iː n
demo	d e m u
demokratisk	d ɛ m ʊ k r ɑː t ɪ s k
den	d ɛ nː
denne	² d ɛ nː ə
der	d eː r
dere	d eː ɾ ə
deretter	d ɛ r ɛ t ɛ r
derfor	d æ r f ɔ r
derifrå	d æː r ɪ f r oː
dermed	d ɛ r m ə
derre	d æ r r ə
dess	d ɛ sː
desse	² d ɛ sː ə
dessutan	d ɛ sː ² ʉː t ɑ n
dessverre	d ɛ s ʋ ɛ rː ɛ
det	d eː
detta	² d ɛ tː ɑ
dette	² d ɛ tː ə
di	d iː
diabetes	d ɪ ɑ b eː t e s
dialyse	d ɪ ɑ ² l yː s ə
difor	d iː f ɔ r
dikt	d ɪ k t
diktat	d ɪ k t ɑː t
dime	d ɑ ɪ̯ m
dimed	d iː m e
dimen	d ɑ ɪ̯ m ə n
dimes	d ɑ ɪ̯ m s
din	d i n
dine	d iː n ə
diplomaten	d i p l u m aː t n̩
dirka	² d ɪ r k ɑ
diskotek	d i s k u t eː k
ditt	d i t
diva	d iː ʋ ɑ
diverre	d i ʋ ɛ rː ɛ
djerv	d j ɛ r v
djevel	² d j ɛː v ə l
djup	j ʉː p
djupt	j ʉ f t
do	d oː
dobbel	d ɔ bː ɛ l
dobbelt	d ɔ bː ɛ l t
dogg	d ɔ ɡː
dokkas	d ɔ k k ɑ s
dokker	d ɔ k k ə r
dokument	d ʊ k ʉ m ɛ n t
dora	² d uː r a
dott	d ɔ tː
dovendyr	d oː v e n d yː r
dovre	² d o v r ə
dra	d r ɑː
drag	d r ɑː ɡ
draga	² d r a ɡ a
dragkiste	² d r aː ɡ ç ɪ s t ə
drake	² d r a k ə
drama	d r ɑː m ɑ
drammen	d r a mː n̩
dramn	d r a m n
drapsmann	d r ɑː p s m ɑ nː
drapsmannen	d r ɑː p s m ɑ nː ə n
drapsmenn	d r ɑː p s m ɛ nː
drapsmennene	d r ɑː p s m ɛ nː ə n ə
draug	d r æ ʉ ɡ
draum	d r œ ʊː m
dregi	² d r ɛ ɪː ɪ
dreker	d r eː k ə r
dreng	d r ɛ ŋː
drepa	² d r ɛː p a
drift	d r ɪ f t
drikka	² d r ɪ kː a
drikke	² d r ɪ kː ə
drit	d r iː t
drite	² d r ɪ t ə
driva	² d r iː ʋ ɑ
drivis	d r iː ʋ iː s
drjupa	² d r j ʉː p a
drone	d r uː n ə
dronning	² d r o nː ɪ ŋ
drope	² d r oː p ə
drosje	d r o ʂ e
drott	d r o tː
drotten	² d r o tː ə n
drottning	² d r u t n ɪ ŋ
druggu	² d r ʉ ɡː ʉ
drukna	² d r ʊ k n a
dryle	² d r yː l e
drypa	² d r yː p ɑ
dræker	d r eː k ə r
drøbak	¹ d r ø b a kː
drøfta	d r ø f t a
drøypa	² d r œ ʏː p a
du	d ʉː
due	² d ʉː ə
duga	d ʉː ɡ a
duggul	² d ʉ ɡː ʉ ɽ
dugul	² d ʉ ɡ ɡ ʉ ɽ
dugurd	² d ʉ ɡ ɡ ʉ r
dukka	² d ʊ kː ɑ
duld	d ʉ l d
dum	d u mː
dumbe	² d ʊ m b ə
dumming	d u m m i ŋ
dumpsterdiving	d œ m p s t e ɖ a ɪ̯ v ɪ ŋ
dunge	² d ʊ n j ə
dunk	d ʊ ŋ k
dvalen	² d v aː l ə n
dvd	d eː ʋ ə d eː
dvelja	² d ʋ ɛ l j ɑ
dverg	d v æ r j
dvergplanet	d ʋ ɛ r ɡ p l aː n eː t
dvergspissmus	² d ʋ æ r ɡː s p ɪ s m ʉ s
dyffel	d ʏ fː ɛ l
dykk	d ʏ kː
dyne	² d ʏː n ə
dynja	d ʏ n j ɑ
dyr	d ʏː r
dysleksi	d y s l e k s iː
dyster	¹ d ʏ s t ə r
då	d oː
dådyr	d oː d yː r
dåen	² d ɔː ə n
dåhjort	d oː j ʊ ʁ t
dåp	d oː p
dår	d oː r
dårleg	d oː ɭ e
dårskap	d oː ʁ s k ɑː p
dått	d ɔ tː
død	d øː
døger	d øː ɡ ə r
døgn	d ø ɡ n
døkk	d œ kː
dølja	² d œ l j ɑ
døma	² d œː m ɑ
døme	² d øː m ə
dør	d øː r
døy	d œ ʏ̯ː
døyande	d ø y a n d ə
døyda	d œ ʏ a
e	e
edderkopp	¹ ɛ dː ə r k o pː
edgar	¹ ɛ dː ɡ a r
eg	e iː
egg	e ɡː
eid	ɛ ɪː
eidfjord	a̝ ɪː f j uː r
eidsborg	ɛ sː p o r
eigen	² ɛ ɪː ə n
eigentleg	ɛ ɪː ə n t l ɛ
eik	ɛ ɪː k
eika	² æ ɪ k ɑ
eikenskjalde	² ɛ ɪː ç ə n s ç a l d ə
eikeren	² ɛ ɪː k e r n
eiliv	² ɛ ɪː l ɪ f
eim	ɛ ɪː m
eimyrje	² ɛ ɪː m ʏ r j ə
ein	ɛ ɪː n
einannan	ɛ i n a nː a n
einar	² ɛ ɪː n a
einaste	² ɛ ɪː n a s t ə
eindride	² ɛ ɪ n d r ə
eine	² ɛ ɪː n ə
eineståande	ɛ iː n ə s t ɒ a n d ə
einføtt	² ɛ ɪː n f œ tː
eingong	ɛ i n ɡ ɔ ŋ
einherje	² ɛ ɪ n h ɛ r j e
einhyrning	² ɛ ɪː n h ʏ r n ɪ ŋ
einig	² ɛ ɪː n ɪ
einsam	² ɛ ɪː n s a m
einskap	ɛ iː n s k aː p
einslestes	² ɛ ɪ n s l e s t ə s
einstøing	² ɛ ɪː n s t øː ɪ ŋ
eiste	² ɛ ɪ s t ə
eit	ɛ ɪ t
eiter	ɛ ɪː t ə r
eiteret	æ ɪ̯ t ə r ə
eitra	ɛ ɪ t r a
eitret	ɛ ɪ t r ə
eitri	ɛ ɪ t r ɪ
eitt	ɛ ɪ tː
eivind	² ɛ ɪː v ɪ n
ekorn	ɛ kː ʊ ɳ
eksplodera	ɛ k s p l uː d eː r a
ekstra	e k s t r a
ekstrem	ɛ k s t r eː m
ekstremist	ɛ k s t r e m i s t
ekstremt	ɛ k s t r eː m t
ekte	æ k t e
ekteskap	² ɛ k t ə s k ɑː p
el	eː l
elbil	ɛ l b iː l
eld	ɛ l d
eldføre	ɛ ʎː f ɛː r
elev	ɛ l eː ʋ
elg	ɛ l ɡ
elgen	² ɛ l j ə n
elgskilt	æ ɽ ʃ i ʎ̥ c
eller	ɛ lː ə ɾ
elles	ɛ lː ə s
elton	¹ ɛ l t o n
elv	æ l ʋ
elverum	æ l ʋ r u m
embla	² ɛ m b l a
ende	² ɛ n d ə
endeleg	² ɛ n d l ɛ
endå	² ɛ n d ɔ
endåtil	² ɛ n d ɔ t ɪ lː
eng	ɛ ŋː
england	ɛ ŋ l ɑ n
engsteleg	ɛ ŋ s t ə l eː
enkel	æ ŋ k ɛ l
enn	æ n
enno	² ɛ nː ʊ
enorm	eː n ɔ r m
enormt	eː n ɔ r m t
enquête	ɑ ŋ k eː t
enten	æ n t n̩
eple	² ɛ p l ə
eplepai	e p l e p a j
er	eː
erfaring	ɛ r f aː r i ŋ ɡ
erklæring	e r k l æː r i ŋ
erle	æː ɭ e
erobra	eː r uː b r a
erobringskrig	e ɾ ùː b ɾ i ŋ s k ɾ iː ɡ
ert	æ ʈː
ertene	æ ʈ n̩ ə
erter	æ ʈ ʈ ə r
ertra	æ ʈ r ɑ
espe	² ɛ s p ə
eta	² eː t ɑ
etande	² eː t a n d ə
etikk	ɛ t ɪ kː
etter	² ɛ tː ɛ ɾ
ettermann	² ɛ tː ɛ r m ɑ nː
etterpå	² ɛ tː ɛ r p oː
eventuell	² ɛ ʋ ɛ n t ʉ ɛ lː
evig	² eː ʋ ɪ
evne	² ɛ v n ə
fa	f ɑː
fable	f ɑː b l ə
fader	² f aː d e r
faderen	² f aː d e r e n
fagidiot	f aː ɡ i d i uː t
fakta	f ɑ k t ɑ
faktisk	f a k t i s k
falkeblikk	f a l k ə b l i k
falkjen	f ɑ l ç ə n
fall	f ɑ lː
fallskjermhopping	f a l ʂ e r m h o p p i ŋ
fan	f æ n
fange	² f ɑ ŋː ə
fant	f a n t
fanteri	f a n t e r i
far	f ɑː r
farar	f ɑː r ɑː r
fardaug	² f ɑː ɽ œ ʉ ɡ
fardug	² f ɑː r ʉ ɡ
faren	f ɑː r n̩
farge	² f ɑ r ɡ ə
farleg	² f ɑː ɭ ɛ
farris	² f a rː ɪ s
farsken	f a ʂ k e n
fasan	f a s aː n
fasinera	f a s iː n eː r a
fasinerande	f a s iː n eː r a n ə
fat	f ɑː t
fata	f ɑː t ɑ
fedje	f ɛ ɪː ə
fege	² f ɛ ɪː ə
fegge	² f ɛ ɡː ə
feil	f ɛ ɪː l
feira	² f ɛ ɪː r a
feita	f ɛ ɪː t a
fele	f eː l e
fellah	f ɛ l l ɑ
felle	² f ɛ lː ə
femling	f ɛ m l i ŋ ɡ
femtan	f ɛ m t a
femten	f ɛ m t n̩
fennek	f e n n e k
fenner	f ɛ n n ə r
ferd	f æː r
ferdamål	f ɛ r d a m ɒː l
ferdast	² f æː r ɑ s t
ferdaug	² f æː r æ ʉ̯
ferdig	f æ ɖː i
ferdug	f æː ɭ o ɡ
ferie	f eː r j ə
ferje	² f ɛ r j ə
ferske	f e ʁ s k e
fester	¹ f ɛ s t ə r
festning	² f ɛ s t n ɪ ŋ
fiendtleg	² f iː ɛ n t l ɛ
fil	f iː l
filar	² f iː l ɑ
filen	f iː l n̩
filleonkel	f i lː ə u ŋ k ə l
fillerista	f ɪ l ə r i s t a
filletante	f i lː ə t a n t ə
fimbulvetter	² f ɪ m b ʊ l v ɛ t r̩
fin	f iː n
fina	² f iː n ɑ
fingre	² f ɪ ŋ r ə
finn	f i nː
finna	f i ɲː
finnast	² f ɪ nː ɑ s t
finnball	f i nː b a lː
finnmark	² f ɪ nː m ɑ r k
finst	f i ɲː s t
fire	f iː ɾ ə
firling	f iː r l i ŋ ɡ
fisi	² f iː s ɪ
fitjar	² f i t j a r
fivel	² f iː ʋ ə l
fivreld	² f ɪ ʋ r ɛ l
fjedl	f j ɛ d l
fjell	f j æ ʎː
fjellrev	² f j ɛ l r eː v
fjerna	f j ɛ r n a
fjernkontroll	f j æ ɳ k ʊ n t r ɔ lː
fjernsyn	f j æ ɳ s yː n
fjona	f j uː n ɑ
fjonet	f j uː n ə
fjord	f j uː r
fjortan	² f j u r t a
fjorten	f j u ʈ n̩
fjortå	f j u ʃ t oː
fjorår	f j uː r ɒː r
fjorårsgras	f j uː r ɒː ʂ ɡ r ɑː s
fjota	f j uː t a
fjære	f j æː r e
fjøder	f j œː r
fjøl	f j œː l
fjør	f j œː r
fjøs	f j øː s
flagg	f l a ɡ
flaksa	² f l ɑ k s ɑ
flaske	² f l a s k ə
flatdal	² f l a dː aː l
flaum	f l œ ʊː m
flege	² f l eː ɡ ə
fleinsopp	² f l ɛ ɪː n s ɔ pː
fleire	² f l ɛ ɪː r ə
fleirtal	f l æ ɪ r t ɑː l
flekk	f l ɛ kː
fles	f l eː s
fli	f l iː
fljuga	² f l j ʉː ɡ a
flo	f l uː
flokete	² f l uː k ɛ t ə
florida	f l o rː i d a
flote	f l o t ə
flu	f l ʉː
flua	f l ʉː ɑ
fluar	² f l ʉː ɑ
flue	² f l ʉː ə
flugu	² f ɽ ʉˑ ɡ ʉ
flui	f l ʉː ɪ
fly	f l yː
flyga	² f l yː ɡ ɑ
flykta	f l y k t a
flyktning	f l y k t n i ŋ ɡ
flå	f l oː
flått	f l o t
fløyte	² f l œ ʏ t ə
fniset	f n iː s ə
fogn	¹ f ɔ ɡ ə n
foillsjuk	f u ʎː ʃ ʉː k
fokk	f ɔ kː
folk	f ɔ l k
folka	f ɔ l k ɑ
folke	² f o l k ə
folkens	f ɔ l k e n s
folket	f ɔ l k ə
folkje	f ɔ l ç ə
folkjet	f ɔ l ç ə
folkjo	f ɔ l ç ʊ
folkjå	f ɔ l ç o
fomle	f ʊ m l ə
fomlen	² f ʊ m l ə n
fomlet	f ʊ m l ə
fomlete	² f ʊ m l ɛ t ə
fommel	f ʊ m l̩
fommelen	f ʊ m m ə l n̩
fommelet	f ʊ m m ə l ə
fonn	f ɔ nː
for	f ɔ rː
forakte	f o r à k t e
forbløffa	f ɔ r b l ø f a
forbløffande	f ɔ r b l ø f a n ə
forelder	f ɔ r ɛ l d ɛ r
foreldre	f o r ɛ l d r ə
forfall	f ɔ r f ɑ lː
forfallen	f ɔ r f ɑ lː n̩
forkasta	f ɔ r k a s t a
formål	² f o r m ɔː l
fornyrdeslag	² f o r n ʏː r ə s l aː ɡ
fornøgd	f ɔ r n œ ɡ d
forsiktig	f ɔ r s i k t i ɡ
forsvar	f ɔ r s v ɑː r
forsvara	f ɔ r s v aː r a
forsøk	f ɔ r s øː k
fort	f u r t
fortena	f ɔ r t eː n ɑ
fortid	f ɔ r t iː
forvirra	f ɔ r v i r a
fosna	¹ f u s n a
foss	f o sː
fotbaill	f u t b a ʎː
fotball	² f u pː a l
framand	² f r aː m a n
framdrift	f r a m d r i f t
framfor	² f r ɑ m f ɔ r
framføre	f r ɑ m ² f øː r ə
framgang	² f r ɑ m ɡ ɑ ŋ
frammoinn	f r a mː u ɲː
framsynt	f r ɑ mː s yː n t
fransk	f r a n s k
franske	f r a n s k ə
frau	f r œ ʊ̯ː
fredeleg	f r eː d e l eː ɡ
fredsdue	f r eː d s d ʉ ə
freista	² f r ɛ ɪː s t a
freke	² f r ɛː k ə
fremja	f r ɛ m j a
fremre	² f r ɛ m r ə
fri	f r iː
fridtjov	f r i t j o f
frilans	f r iː l ɑ n s
frilansar	f r iː l ɑ n s ɑ r
frillsjøen	f r i l ʃ œː e n
friviljug	² f r iː v ɪ l j ʉ
frivillig	f r iː ʋ l ɪ
frod	f r uː
frode	² f r uː d ə
frogn	f r o ŋ n
frosen	² f r oː s n̩
fru	f r ʉː
frykt	f r ʏ k t
frykteleg	f r y k t ə l eː ɡ
fryser	f r yː s ə r
frysning	f r ŷː s n i ŋ
fråssar	² f r ɔ s s ɑ r
fråtsar	² f r ɔ t s ɑ r
fråtse	² f r ɔ t s ə
frøya	² f r œ ʏː a
fud	f ʊː
fugl	f ʉ ɡ l
fugleinfluensa	f ʉ ɡ l ə i n f l ʉ ə n s a
fuglekonge	² f ʊ ɡ l ə k ɔ ŋ ə
fuglen	f ʊ ɡ l ə n
fugløy	² f ʊ ɡ l œ ʏː
fukka	² f ʊ kː a
full	f ʊ lː
fumla	f ʊ m l ɑ
fumle	f ʊ m l ə
fumlen	² f ʊ m l ə n
fumlet	f ʊ m l ə
fumli	f ʊ m l ɪ
fummel	f ʊ m m ə l
fummelen	f ʊ m m ə l n̩
fummelet	f ʊ m m ə l ə
fundamentalist	f ʉ n d a m ɛ n t a l i s t
fura	² f uˑ r a
fure	² f uː r ə
furu	² f uː r u
fut	f ʉː t
futhark	f ʉ t a r k
fyka	² f yː k ɑ
fylgja	² f ʏ l j ɑ
fylke	² f ʏ l k ə
fylkeleg	² f ʏ l k ə l ɛ
fylking	² f ʏ l k i ŋ
fylkja	² f ʏ l ç a
fyr	f yː r
fyrst	f ʏ s t
få	f oː
fårikål	f oː r i k o l
fødselsdag	f œ t ʃ ə l s d ɑː ɡ
føggel	f œ ɡː ə ɽ
føgl	f œ ɡ l
føra	² f øː r ɑ
førar	² f øː r ɑ r
førde	² f ø r d ə
føre	² f øː r ə
førebels	f øː r ə b eː l s
førebu	f øː r eː b ʉː
førelegg	f ø̂ː r e l e ɡ
førelesing	² f øː r ɛ l eː s ɪ ŋ
føremon	² f øː r ə m uː n
føremål	f øː r ə m ɒː l
føyr	f œ ʏ̯ r
føyra	² f œ ʏ̯ r ɑ
føyre	² f œ ʏ̯ r ə
gaddj	ɡ a ɟː
gaidd	ɡ a ɟː
gainnj	ɡ ɑ ɲː
gala	² ɡ ɑː l ɑ
galdlur	ɡ a ʎː l ʉː r
galen	² ɡ ɑː l ə n
gallstein	ɡ a lː s t ɛ ɪ n
galt	ɡ ɑ l t
galtar	² ɡ ɑ l t ɑ r
galte	² ɡ ɑ l t ə
galten	² ɡ ɑ l t n̩
gamal	² ɡ ɑː m ɑ l
gamla	¹ ɡ a m l a
gamlebyen	² ɡ a m ɽ ə b yː n
gamlen	¹ ɡ a m l ə n
gammal	² ɡ ɑ mː ɑ l
ganda	² ɡ ɑ n d ɑ
gandalv	² ɡ a n a l v
gang	ɡ ɑ ŋː
ganske	² ɡ ɑ n s k ə
gapet	² ɡ ɑː p ə t
gard	ɡ ɑː r
gardhard	ɡ ɑː r h ɑː r
gardvord	² ɡ aː r v uː r
garn	ɡ a r n
gasspedal	ɡ a s p eː d aː l
gatekjøken	ɡ aː t e ç øː k e n
gatekjøkken	ɡ aː t e ç ø k e n
gauk	ɡ æ ʉ k
gaukjen	ɡ æ ʉ̯ ç ə n
gauksyre	ɡ æ ʉ k s yː r ɛ
gaula	² ɡ œ ʊː l a
gauldal	² ɡ œ ʊː l d aː l ə n
gaule	² ɡ œ ʊː l ə
gaum	ɡ œ ʊː m
gautsk	ɡ œ ʊ s k
gautstav	² ɡ œ ʊ s t a v
geil	j ɛ ɪː l
geila	j ɛ ɪː l a
geile	² j ɛ ɪː l ə
geilen	j ɛ ɪː l ə n
geiler	² j ɛ ɪː l ə r
geili	j ɛ ɪː l ɪ
geir	j ɛ ɪː r
geiren	j ɛ ɪː r ə n
geirfugl	² j ɛ ɪː r f ʊ ɡ l
geirmund	² j ɛ r m ʊ n
geirtrud	² j ɛ r t r ʉ
geit	j ɛ ɪː t
geiter	j ɛ ɪː t ə r
geitsleip	j eː t ʂ l eː p
generasjon	ɡ e n eː r a ʃ uː n
gild	j ɪ lː
gilda	² j ɪ l d ɑ
gildar	² j ɪ lː ɑ r
gilde	² j ɪ l d ə
gildet	² j ɪ l d ə
gildra	² j ɪ l d r ɑ
gimmer	j ɪ mː ɛ r
ginte	² j i n t ə
gira	ɡ i r a
giratar	ʃ ɪ r ɑ t ɑː r
gisna	j i s n a
gissa	² j ɪ sː ɑ
gissel	ɡ i s s e l
gisseltakar	ɡ i s ə l t aː k aː r
gitar	ɡ i t a r
gje	j eː
gjel	j æː l
gjende	² j æ n d e
gjennom	j ɛ nː ʊ m
gjennomføra	j ɛ nː ʊ m f øː r ɑ
gjennomsnittsfart	j e n n u m s n i t s f a r t
gjenom	j ɛː n u m
gjente	² j ɛ n t ə
gjera	² j æ rː a
gjerandslaus	j ɛː r a nː s l æ ʉ s
gjere	² j ɛː r ə
gjerne	² j ɛ d n ə
gjerningsmann	j e r n i ŋ ɡ s m a n
gjertrud	j a t r ʉ
gjestbod	j æ sː b uː
gjester	j ɛ s t ə r
gjeva	² j eː v a
gjevillvatnet	j i vː i l v a t n e
gjorde	² j uː r ə
gjær	j æː r
gjæv	j eː ʋ
gjø	j øː
gjøde	j øː d ə
gjødsel	j œ d s e l
gjørme	² j œ r m ə
gjøvik	² j iː v i k
gladkristen	ɡ l ɑː k r ɪ s t n̩
glas	ɡ l ɑː s
glasmanet	ɡ l aː s m aː n eː t
glede	² ɡ l eː d ə
glimt	ɡ l ɪ m t
glimtar	² ɡ l ɪ m t ɑ r
gloret	² ɡ l uː r ə t
glymja	² ɡ l ʏ m j ɑ
glymje	² ɡ l ʏ m j ə
gløgg	ɡ l œ ɡː
gnik	ɡ n iː k
gnika	² ɡ n iː k ɑ
gniken	² ɡ n iː k ə n
gniki	² ɡ n iː k ɪ
god	ɡ oː
gode	² ɡ oː ə
godfar	ɡ u f a r
godgjest	² ɡ oː j ɛ s t
godkjenna	ɡ u ç ɛ nː ɑ
godlukt	ɡ u l u k t
gold	ɡ ɔ lː
golv	ɡ ɔ l ʋ
gomli	¹ ɡ o m l ɪ
googla	ɡ ʉː ɡ l a
gote	² ɡ oː t ə
gran	ɡ r aː n
granmeis	ɡ r aː n m ɛ i s
granvin	² ɡ r aː n v ɪ n
grapset	² ɡ r ɑ p s ə t
grateng	ɡ r a t e ŋ
grava	² ɡ r ɑː ʋ ɑ
gravi	² ɡ r ɑː ʋ ɪ
gravla	ɡ r aː ʋ l aː
gravlaks	² ɡ r aː v l a k s
gravleggja	ɡ r aː ʋ l ɛ ʝ a
grebbe	² ɡ r ɛ bː ə
grebben	² ɡ r ɛ bː ə n
grede	² ɡ r ɛː ə
grei	ɡ r ɛ ɪː
greia	² ɡ r ɛ ɪː a
greie	² ɡ r ɛ ɪː ə
grein	ɡ r ɛ ɪː n
greitt	ɡ r e cː
grend	ɡ r ɛ n d
grenland	¹ ɡ r ɛ n l a n
grevling	² ɡ r ɛ v l ɪ ŋ
grim	ɡ r iː m
grima	² ɡ r iː m ɑ
grime	² ɡ r iː m ə
grina	² ɡ r iː n ɑ
grind	ɡ r ɪ n d
grindkval	² ɡ r ɪ n d k v aː l
griner	ɡ r iː n ə r
grinet	² ɡ r iː n ə t
grini	² ɡ r iː n ɪ
gripa	² ɡ r iː p ɑ
gripe	² ɡ r iː p ə
grisgrendt	ɡ r i s ɡ r ɛ n t
grizzlybjørn	ɡ r i ʂ l i b j œ ɳ
gro	ɡ r uː
groblad	ɡ r uː b l aː
grop	ɡ r uː p
grov	ɡ r oː ʋ
grunn	ɡ r ʉ nː
grunnleggja	² ɡ r ʉ nː l ɛ jː ɑ
grunnleggjande	ɡ r ʉ n l ɛ ʝ a n d ə
grunnlov	ɡ r ʉ n l ɔ ʋ
gruppe	² ɡ r ʉ pː ə
grut	ɡ r ʉː t
gruvedrift	ɡ r ʉː v e d r i f t
gråbein	ɡ r ɔː b ɛ ɪː n
grådig	ɡ r oː d i
grågårn	ɡ r o ɡ o ɳ
gråt	ɡ r oː t
gråta	² ɡ r oː t ɑ
grøft	ɡ r œ f t
grøn	ɡ r øː n
grønland	¹ ɡ r ø n l a n
grønske	² ɡ r ø n s k ə
gud	ɡ ʉː
gudbrand	² ɡ ʊ b r ɑ n
gudbrandsdalen	² ɡ ʊ b r ɑ n s d ɑː l ə n
gudskjelov	ɡ ʉ tː s i l oː v
gudtorm	² ɡ ʉ tː o r m
gulen	² ɡ ʉː l ə n
gullalder	ɡ ʉ l a l d ɛ r
gulrot	² ɡ ʊ l r uː t
gulsott	² ɡ ʊː ɽ s u tː
gungne	² ɡ ʊ ŋ n ə
gunnar	² ɡ ʉ nː a r
gunnrød	² ɡ ʊ n d r œ
guvernør	ɡ ʉ ʋ ɛ r n øː r
gydje	² ʝ yː ə
gyger	¹ j ʏ ɡ ə r
gygr	j ʏ ɡ r
gå	ɡ a ʊ
gåmålerken	² ɡ ɔ m ɔ ɽ e ʂ k n̩
gås	ɡ oː s
gåte	² ɡ oː t ə
gælen	² ɡ æː ɽ ə n
gørret	² ɡ œ r r ə t
ha	h ɑː
haaland	¹ h ɔː l a n
haffjord	² h a fː j uː r
hafrsfjord	² h a fː j uː r
haga	² h ɑː ɡ ɑ
hage	² h aː ɡ ə
hagi	² h aː ʝ ɪ
hagje	² h aː ʝ ə
hagjen	² h ɑː j ə n
haika	² h ɑ ɪ̯ k ɑ
haike	² h ɑ ɪ̯ k ə
haiku	h ɑ ɪ̯ k ʉ
haill	h a ʎː
hainnbåggå	h a ɲː b o ɡː o
hainnfenn	h ɑ ɲ f ɛ ɲ
hainnj	h a ɲ
hajeren	² h a j e ɳ
haka	h ɑː k ɑ
hall	h ɑ lː
halldor	² h a lː d u
halldora	² h a lː d u r a
hallgeir	² h a lː j ə r
hallik	h a l l i k
hallo	h a l uː
hallrid	² h a l d r i
halltor	² h a lː t u r
hallvord	² h a dː v u r
halm	h a l m
hals	h a l s
halsa	² h a l s a
halvdan	h a l f d a n
halvferdig	² h ɑ lː f ɛ r d ɪ
halvøy	h ɑ l œ j
hamar	² h a m a r
hamarhai	h aː m a r h a i
hamlet	² h a m l eː t
han	h ɑ nː
hand	h ɑ n d
handlevogn	h â n l e v o ɡ n
hann	h a n
hans	h ɑ n s
har	h ɑː r
harald	² h a rː a l
hard	h ɑː r
hardanger	h a r ¹ d a ŋː ə r
hardare	² h ɑː r ɑ r ə
hardast	h ɑː r ɑ s t
hardaste	² h ɑː r ɑ s t ə
harde	² h ɑː r ə
hardingmål	² h aː r ɪ ŋ m ɔː l
hardt	h ɑ ʁ t
hare	² h ɑː r ə
harstad	² h a r s t a
hatefull	h aː t ə f ʉ l
hatten	h a t n̩
haud	h a ʉ d
hauen	h æ ʉ̯ ə n
haug	h æ ʉ̯
hauk	h œ ʊː k
haukjen	h æ ʉ̯ ç ə n
haurde	h æ ʉ̯ r ə
haure	² h æ ʉ̯ r ə
haurt	h æ ʉ̯ r t
haust	h œ ʊ s t
hautoillin	h æ ʉ̯ t u ʎː i ɲː
hav	h ɑː ʋ
havfru	h aː v f r ʉː
heddal	² h ɛ dː aː l
hedmark	² h eː d m a r k
hedrum	h eː d r ʉ m
hegg	h ɛ ɡː
hegre	² h ɛ ɡ r ə
hei	h ɛ ɪː
heiddal	² h ɛ ɪ dː aː l
heider	h ɛ ɪː d ə r
heidmark	² h ɛ ɪː m a r k
heidrun	² h ɛ ɪː r ʉː n
heil	h ɛ ɪː l
heilag	h ɛ i l aː ɡ
heilag’u	² h a ɪː l a ɡ ʊ
heilo	² h ɛ ɪː l uː
heim	h ɛ ɪː m
heima	² h ɛ ɪː m a
heimanfrå	h ɛ iː m a n f r ɔː
heimbrent	h ɛ m b r e ɲ c
heime	² h ɛ ɪː m ə
heimebrent	² h ɛ ɪː m ə b r ɛ n t
heimel	² h ɛ ɪː m ə l
heimland	² h ɛ ɪː m l a n
heimover	h ɛ ɪː m oː v ə r
heimsøkja	² h ɛ ɪː m s øː ç a
heimsøkt	² h ɛ ɪː m s ø k t
heita	² h ɛ ɪː t a
heitdal	² h ɛ dː aː l
hekka	h ɛ k a
hekla	² h ɛ k l a
hekta	h ɛ k t ɑ
hekte	² h ɛ k t ə
helg	h ɛ l ɡ
helgeland	² h æ l ɡ ə l a ɲ
helgen	² h æ ɽ j a
helgeren	² h ɛ l j e r ə n
helheim	² h ɛː l h ɛ ɪ m
helj	h æ ɽ j
helleland	² h ɛ d l a nː
heller	h ɛ lː ɛ r
helsetrøye	² h ɛ l s ə t r œ ʏː ə
helsig	² h ɛ l s ɪ
helsott	² h æː ɽ s u tː
helst	h ɛ l s t
helsug	² h ɛ l s ʉ ɡ
helsutt	² h æ̞ː ɽ ʂ ʉ tː
helvt	h ɛ l f t
heme	² h eː m ə
hemmeleg	h ɛ mː ə l ɛ ɡ
hemn	h ɛ m n
hems	h ɛ m s
henda	h ɛ nː ɑ
hending	h ɛ n d i ŋ ɡ
hendt	h ɛ n t
hengslet	h ɛ ŋ s l ə
hengsli	h ɛ ŋ s l ɪ
henne	h ɛ n ə
hent	h ɛ n t
henta	h ɛ ɲ c
hente	² h ɛ n t ə
her	h eː r
herad	² h ɛ r a
herbjørg	² h ɛː r b j œ r
herborg	² h ɛː r b o r
herd	h æː r
herda	² h ɛ rː ɑ
herding	² h ɛ r i ŋ
hergjest	² h ɛ r j ɛ s t
herjedalen	² h ɛ r j ə d aː l ə n
herjådal	² h ɛ r j ɔ d aː l
herjådalen	² h ɛ r j ɔ d aː l ə n
herleg	h ɛː r l eː ɡ
herme	h e r m e
herpa	h æ ʂ p
herre	h æ r r ə
herregud	h ɛ r ə ɡ ʉː d
herse	² h ɛ r s ə
hes	h eː s
hesje	² h ɛ ʃː ə
hesle	² h ɛ s l ə
hesleg	h æ ʂ l ɛ
hest	h ɛ s t
hestkuk	² h æ s t k ʉː k
hest’e	h ɛ s t ə
hetland	² h ɛ t l a nː
hettitt	h eː t i t
hettittisk	h eː t i t i s k
hevda	² h ɛ ʋ d ɑ
hi	h iː
hidsjab	h iː d ʂ ɑ b
hijab	h iː d ʂ ɑ b
him	h iː m
hima	² h iː m ɑ
hin	h ɪ nː
hindra	h ɪ n d r ɑ
hindu	h ɪ n d ʉ
hinduisme	h ɪ n d ʉ ɪ s m ə
hine	² h iː n ə
hird	h i r d
historikar	h i s t u r i k a r
hit	h iː t
hitt	h ɪ tː
hjalt	j a l t
hjaltland	² j a l t l a n
hjarte	² j ɑ r t ə
hjelm	j ɛ l m
hjelpa	j ɛ l p ɑ
hjeltefjorden	² j ɛ l t ə f j uː r ə n
hjerkinn	j æː ʃ k i ɲ
hjord	j uː r
hjort	j ʊ r t
hjørdis	² j œ r d i s
ho	h uː
ho'en	h uː ə n
hod	h oː
hoe	h uː ə
hogga	² h ɔ ɡː ɑ
hogold	² h o ɡː o l
hoill	h ɔ ʎː
hoinnj	h u ɲ
hok	h uː k
hokke	h ɔ k k ə
hokken	² h ɔ k k ə n
hol	h uː l
holand	² h u lː a ɲ
holete	² h oː l ɛ t ə
holmsbu	¹ h o l m s b ʉː
homma	² h ɔ m m ɑ
homme	² h o mː ə
hommelvik	h u mː e l v iː k
homofili	h u m u f i l iː
homstean	¹ h o m s t eː a n
hond	h o n d
hord	h oː r
hordaland	h oː r a l a n
horet	h uː r ə
horisont	h u r i s u n t
horn	h o d n
hornbore	h o r n b oː r ə
horngjel	h ɔ r n j eː l
hornindal	h ɔ ɲː d ɑː l
hosso	² h u sː u
hosta	h o ʊ s t a
hosten	² h ʊ s t n̩
hostovatn	h u s t u ʋ a t n̩
hov	h oː v
hovdyr	² h uː v d yː r
hove	² h o ʋ ə
hovud	² h oː v u
hovuddel	² h o v ʉ d eː l
hovudinngang	² h o v ʉ i n ɡ a ŋ
hovudstad	² h o v ʉ s t aː
hovudøya	² h o v ʉ œ ʏː a
hubro	h ʉː b r ʊ
hue	² h ʉː ə
hug	h ʉː
hugen	² h ʊː ɡ ə n
hugheil	² h ʊː ɡ h ɛ ɪː l
hugsa	h ʉ sː
hugud	² h ʉˑ ɡ ʉ
hugudet	² h ʉˑ ɡ ʉ ə
hukkukul	h ʉ kː ʉ k ʉː l
hulder	h ʉ l d ə r
huldra	h ʊ l d r a
hummar	h ʊ m a r
humpete	² h ʊ m p ɛ t ə
hund	h ʉ n d
hundemat	h ʉ n n e m aː t
hundrad	² h u n d r ɑ
hundrevis	h ʊ n d r ə v iː s
hundreår	² h ʉ n d r ə oː r
hundvåg	² h u nː v ɔː ɡ
huning	² h ʊ n ɪ ŋ
hus	h ʉː s
husfred	h ʉː s f r eː
huttemegtu	h ʉ t əː m eː ɡ t ʉː
huttetu	h ʉ t əː t ʉː
huve	² h ʉː ə
huvud	² h uː v u
hvaler	² v aː ɽ æ r
hygga	² h ʏ ɡ ɡ ɑ
hygge	² h ʏ ɡ ɡ ɑ
hyggjeleg	h y ʝ e l eː ɡ
hylke	² h ʏ l k ə
hyllestad	² h ʏ lː ə s t a
hyrd	h ʏː r
hyse	² h yː s ə
hå	h oː
håa	h oː ɑ
håe	² h ɔː ə
håen	h oː ə n
håg	h ɔː ɡ
håkkå	h o kː o
håko	² h a uː k o u
håkon	² h a uː k o n
håland	² h ɔː l a n
håpa	h ɒː p a
hår	h oː r
hått	h ɔ tː
hæl	h eː l
hæls	h æ ɽ s
hæstkuk	h æ s t k ʉː k
hóv	h uː ʋ
hø	h øː
høg	h øː ɡ
høgd	h œ ɡ d
høge	² h øː ɡ ə
høgnorsk	² h øː ɡ n o r s k
høgre	h øː ɡ r ə
høi	h øː ɪ
høne	² h øː n ə
hørpe	h œ r p ə
høvel	h œ ʋ e l
høyrast	h ø y r a s t
høyre	² h œ ʏ̯ r ə
i	iː
iallfall	j a f a l
id	iː d
ida	iː d ɑ
idbjørg	² ɪː b j œ r
ide	² i d ə
idiot	ɪ d ɪ uː t
idrett	iː d r ɛ t
idunn	² ɪː d ʉ n
ifrå	ɪ f r oː
ikki	² i çː i
ikkj	i cː
ikkje	² ɪ çː ə
ikring	ɪ k r ɪ ŋː
ilder	ɪ l d ɛ r
ilsken	² ɪ l s k ɛ n
image	ɪ m ɪ d ʂ
imedan	ɪ ² m ɛː a
imellom	ɪ m ɛ lː ɔ m
imperium	i m p eː r i ʉ m
imponera	i m p uː n eː r a
indianar	i n d i aː n aː r
industriland	i n d ʉ s t r iː l a n
ingefrid	² ɪ n ʝ ə f r iː
ingegjerd	² ɪ n ʝ ə j ɛː r
ingen	² ɪ ŋː ɛ n
ingenting	² ɪ ŋː ɛ n t ɪ ŋ
ingerid	² ɪ n ʝ ə r iː
ingfrid	² ɪ ŋː f r iː
ingrid	² ɪ ŋ r i
inkje	² ɪ n ç ə
inn	i nː
innanfor	² ɪ nː ɑ n f ɔ r
innavl	i n a ʋ l
innbrot	i n b r ɔː t
inne	² ɪ nː ə
innehalda	ɪ nː ə h ɑ l d ɑ
inngang	² ɪ ŋ ɡ ɑ ŋ
innherad	² i nː h ɛ r a
innleiing	ɪ nː l ɛ ɪː ɪ ŋ
innom	i n u m
innsjå	i n ʃ ɒː
innvandra	i n ʋ a n d r a
innvandrar	i n ʋ a n d r aː r
innvandring	i n ʋ a n d r i ŋ ɡ
innvending	ɪ nː ʋ ɛ n d ɪ ŋ
innverknad	² ɪ nː v ɛ r k n a
inspirerande	i n s p i r eː r aː n ə
institusjon	ɪ n s t ɪ t ʉ ʂ uː n
inte	² e n t ə
intens	ɪ n t ɛ n s
interessant	ɪ n t r ə s a ŋ
interesse	ɪ n t r ɛ sː ə
internasjonal	i n t ɛ r n aː ʃ uː n aː l
intim	i n t iː m
intj	i ɲ cː
invadera	i n ʋ aː d eː r a
invasjon	i n ʋ a ʃ uː n
invitera	i n ʋ iː t eː r a
is	iː s
isbjørn	² iː s b j œ n
isfjell	iː s f j ɛ l
islam	ɪ s l ɑː m
island	¹ iː s l a n
isme	² ɪ s m ə
itj	i cː
itte	² e tː ə
ivar	² iː v a
ivrig	² ɪ ʋ r ɪ
ja	j ɑː
jaga	² j ɑː ɡ ɑ
jake	² j aː k ə
jakt	j a k t
jakta	j a k t a
jaktar	j a k t aː r
jamteland	² j a m t ə l a n
jamtland	¹ j a m t l a n
japanar	j ɑ p ɑː n ɑ r
jarl	j ɑ r l
jarn	j a d n
jase	² j ɑː s ə
jasen	² j ɑː s ə n
je	j eː
jedn	j ɛ d n
jerpe	j æ ʂ p
jessheim	² j e sː u m
jest	j ɛ s t
jester	j ɛ s t ə r
jesus	j eː s ʉ s
joar	² j uː a r
jol	j uː l
jolaftan	² j uː l ɑ f t ɑ n
jolekveld	² j uː l ə k ʋ ɛ l d
jolenissen	² j uː l ə n ɪ sː ə n
joletid	j uː l e t i
joletre	² j uː l ə t r eː
joletuften	² j uː l ə t ʊ f t ə n
jolle	² j ɔ lː ə
jon	j u nː
jonsok	j uː n s o k
jord	j uː r
jorda	j uː r ɑ
jordan	² j uː r d a n
jordbær	j u r b æː r
jorde	² j uː r ə
jordeple	² j uː r ɛ p l ə
jordnær	² j uː r n æː r
jorunn	² j uː r ʊ n
journalist	ʃ u r n a l i s t
jovial	j u v i aː l
juletre	² j ʉː l ə t r eː
jungel	j ʊ ŋ ɡ ə l
juv	j ʉː ʋ
jysk	j ʏ s k
jæren	j æː r ə n
jævel	² j æː ʋ ə l
jøbbørsdag	j œ bː œ ʂ d ɑː ɡ
jøde	j øː d ə
jødedom	j øː d ə d ɔ m
jødisk	j øː d i s k
jønn	j ø nː
jøsok	² j ø sː ɔ k
ka	k ɑː
kabylsk	k ɑ b yː l s k
kaffi	k a f i
kaie	² k ɑ ɪ ə
kaill	k a ʎː
kainnj	k a ɲ
kakskiv	k aː k ʃ iː v
kalde	² k ɑ l d ə
kalla	² k ɑ lː ɑ
kallsøy	² k a l s œ ʏː
kam	k ɑ mː
kameleon	k ɑ m ə l ə uː n
kandidatur	k ɑ n d ɪ d ɑ t ʉː r
kanon	k a n uː n
kant	k a ɲ c
kapre	² k ɑː p r ə
kar	k ɑː r
karboksylsyre	k a r b u k s yː l s yː r e
kark	k a ʂ k
karle	² k a lː ə
karmt	k a r m t
karmøy	² k a r m œ ʏː
karsk	k a ʂ k
kartanka	k a ʈ ɑ ŋ k ɑ
katastrofal	k a t a s t r u f aː l
katastrofalt	k a t a s t r u f aː l t
katla	² k a t l a
katolsk	k a t uː l s k
katt	k ɑ tː
katteklo	k a tː e k l uː
katten	k a t n̩
kaupanger	² k æ uː p a u ŋ ɡ
kause	² k æ ʉ̯ s ə
kausen	² k æ ʉ̯ s ə n
kautokeino	k œ ʊː t u k ɛ ɪː n u
ke	k eː
kebab	k eː b ɑ b
keip	ç ɛ ɪː p
keipa	² ç ɛ ɪː p a
keipe	² ç ɛ ɪː p ə
keipen	² ç ɛ ɪː p ə n
keisam	² ç ɛ ɪː s a m
keisar	² ç ɛ ɪː s a r
keisarpingvin	² ç ɛ ɪː s a r p ɪ ŋ v iː n
keisemd	ç ɛ ɪː s ɛ m d
keton	k e t uː n
kiel	k iː l
kikert	ç iː k ɛ r t
kikkert	ç i k ɛ r t
kile	² ç iː l ə
kilo	ç iː l u
kilocykel	ç iː l ʊ s yː k l̩
kima	² ç iː m ɑ
kimar	² ç iː m ɑ
kime	² ç iː m ə
kimming	² ç ɪ m m ɪ ŋ
kimsa	² ç ɪ m s ɑ
kinn	ç ɪ nː
kinna	² ç ɪ n n ɑ
kinne	² ç ɪ n n ə
kinner	² ç ɪ n n ə r
kiva	² ç iː ʋ ɑ
kive	² ç iː ʋ ə
kiwi	k iː ʋ i
kjalke	² ç a l ç ə
kjalki	² ç a l ç i
kje	ç eː
kjeft	ç æ f t
kjekk	ç ɛ kː
kjekken	ç ɛ k k ə n
kjeks	ç ɛ k s
kjel	ç eː l
kjelar	² ç eː l ɑ r
kjelde	² c͡ç ɛ l d ə
kjele	ç eː l e
kjelen	² ç eː l n̩
kjelk	² ɕ ɛ l k
kjelke	² ç ɛ l k ə
kjellar	ɕ ɛ lː a r
kjelvd	ç æ ɽ d
kjem	ç eː m
kjend	ç ɛ n d
kjenna	t͡ʃʰ ɛ nː a
kjepp	ç ɛ p
kjering	² c͡ç ɛː r ɪ ŋ ɡ
kjerke	ç e r k
kjerne	ç ɛ r n ə
kjernefysikk	ç ɛ r n ə f yː s i k
kjerre	² ç ɛ rː ə
kjersk	ɕ e ʂ k
kjevla	² ç ɛ v l a
kjortel	ç ʊ r t ə l
kjukling	² ç ʉ k l ɪ ŋ
kjå	t ʃ oː
kjålke	² ç ɔ l ç ə
kjålki	² ç ɔ l ç i
kjærleik	² ɕ æː ɽ l ɛ ɪː k
kjêlar	² ç eː l ɑ r
kjêlen	² ç eː l n̩
kjøken	ç øː k e n
kjølke	² ç œ ɽ k ə
kjølki	² ç œ ɽ ç ɪ
kjønn	ç œ nː
kjøpa	² ç øː p a
kjøpe	² ç øː p ə
kjøpenhamn	ç øː p ə n h a m n
kjørkje	² ɕ œ r ɕ ə
kjøt	ç øː t
kjøtmeis	² ç œ t m ɛ ɪː s
kjøttmeis	² ç œ tː m ɛ ɪː s
klaka	² k l ɑː k ɑ
klaksvik	² k l a k s v iː k
klare	² k l ɑː r ə
klassekamerat	k l a s s e k a m m e r aː t
klauv	k l œ ʊ̯ː
klauvdyr	² k l œ ʊː d yː r
klede	² k l eː ə
klegg	k l e ɟː
klekkja	² k l ɛ ç ç ə
klimaendring	k l iː m a ɛ n d r i ŋ ɡ
kline	² k l iː n ə
klint	k l iː n t
klinte	² k l iː n t ə
klo	k l uː
klote	k l uː t ə
klubbe	k l u b b e
kløtsje	² k l œ c ʃ ə
kløyva	² k l œ ʏː v a
knaillhal	k n a ʎː h aː ɭ
kne	k n eː
knea	k n eː ɑ
knebel	k n eː b e l
knee	k n eː ə
knersk	k n e ʂ k
knisar	² k n iː s ɑ r
kniset	k n iː s ə
kniste	² k n iː s t ə
kniv	k n iː ʋ
knivstikk	k n iː v s t i k
knopp	k n ɔ pː
knort	k n o ʂ t
knota	k n uː t a
knut	k n ʉː t
knutsok	¹ k n ʉ s o k
knutsson	¹ k n ʉ sː a
knyttneve	k n y t n eː v ə
kobe	² k uː b ə
koffert	k ʊ fː ɛ r t
kokain	k u k a iː n
kokos	k u k u s
kol	k ɔː l
kolbotn	² k o l b o t n̩
kole	k o l ə
kolkos	k o l k o s
kolsvart	k ɔː l s ʋ a r t
kolsyre	² k oː l s yː r ə
kom	k ɔ mː
kommune	k o mː ʉ n ə
kommunisme	k o mː ʉ n ɪ s m ə
koner	² k uː n ə r
kong	k o ŋ
kongeleg	k ɔ ŋ ɡ ə l eː ɡ
kongje	² k ɔ ŋ j ə
kongjen	² k ɔ ŋ j ə n
konkurranse	k u n k ʉ r a n s ə
konkurrera	k u n k ʉː r eː r a
kons	k ɔ n s
konsa	k u n s a
konsentrera	k u n s ɛ n t r eː r a
konung	² k o n ʊ ŋ
kopar	² k oː p ɑ r
kor	k u
kora	k uː r ɑ
korar	² k uː r ɑ r
korkje	² k ɔ r ç ə
korleis	k u lː ɛ ɪː s
korn	k o d n
kornmo	k o ɳ m uː
kornskrike	² k o nː s k r iː k e
korp	k o r p
korsvika	k o ʂ v i k a
korthus	k ɔ r t h ʉː s
kos	k oː s
kosa	k uː s a
koscher	k o ʂ e r
koseleg	k uː ʂ ə l e
kosjer	k o ʂ e r
kosmisk	k u s m i s k
koss	k ɔ sː
kosta	² k ɔ s t ɑ
kotto	k u tː u
kove	k oː v e
krake	² k r aː k ə
krangla	k r ɑ ŋ l ɑ
kratt	k r a t
kreft	k r e f t
krekkje	k r æ ɕː ə
krevja	² k r ɛ ʋ j ɑ
krig	k r iː
krige	k r iː ɡ e
krigserklæring	k r iː ɡ s e r k l æː r i ŋ
krikane	² k r eː k a ɲ ə
kring	k r ɪ ŋː
kringom	² k r ɪ ŋː ʊ m
kristen	k r ɪ s t n̩
kristiansand	k r ɪ s t j a n s a n
kristiansund	k r ɪ s t j a n s ʉ ɲː
krjupa	² k r j ʉː p a
kro	k r uː
krokodilletåre	k r u k u d i l l e t oː r e
krokordig	k r u k u ɖ i
krone	² k r uː n ə
kronhjort	k r uː n j u r t
krotekake	k r uː t ə k ɑː k ə
krubbrat	k r ʉ bː r aː t
krump	k r u m p
krus	k r ʉː s
krydder	k r y d e r
krypa	² k r yː p ɑ
kryptovaluta	k r y p t u v a l ʉ t a
kråke	² k r oː k ə
kråkesølv	k r oː k e s ø lː
krøderen	k r øː d ɛ r ə n
krødsherad	k r ø sː h æ r a
ku	k ʉː
kubbe	² k ʉ bː ə
kug	k ʉː ɡ
kukhovud	² k ʉː k h oː v ʊ
kukur	k ʉː k ʉː r
kule	² k ʉː l ə
kulu	k ʉ l ʉ
kum	k u m
kungar	² k ʊ ŋ ŋ ɑ
kungje	² k ʊ ŋ j ə
kungjen	² k ʊ ŋ j ə n
kunne	² k ʉ nː ə
kunst	k ʉ n s t
kunsten	k ʉ n s t n̩
kunøy	² k ʊː n œ ʏː
kurdar	k ʉ r d a r
kusma	² k ʊ s m a
kusme	² k ʊ s m ə
kva	k v aː
kvakk	k ʋ ɑ kː
kvakka	k ʋ ɑ k k ɑ
kvakkar	² k ʋ ɑ k k ɑ
kvakke	² k ʋ ɑ k k ə
kvakket	k ʋ ɑ k k ə
kval	k ʋ ɑː l
kvalrav	² k v aː l r aː v
kvanngardsnes	k v a n ɡ a r s ¹ n æː s
kvantefysikk	k v a n t e f y s i k k
kvapp	k ʋ ɑ pː
kvar	k ʋ ɑː r
kvarandre	k ʋ ɑ r ² ɑ n d r ə
kvardag	² k ʋ ɑː r d ɑː ɡ
kvass	k ʋ ɑ sː
kveda	k v ɛː a
kvede	² k v eː ə
kvedje	² k v ɛ ɪː e
kvekk	k ʋ ɛ kː
kvekka	k ʋ ɛ k k ɑ
kvekkar	² k ʋ ɛ k k ɑ
kvekke	² k ʋ ɛ k k ə
kvekken	k ʋ ɛ k k ə n
kvekker	k ʋ ɛ k k ə r
kvekki	k ʋ ɛ k k ɪ
kvekkjen	k ʋ ɛ ç ç ə n
kvekne	² k ʋ ɛ k n ə
kvel	k ʋ eː l
kvelds	k v e l s
kveldskingle	² k ʋ ɛ lː ʃ ɪ ŋ l ə
kvelp	k ʋ æ ɽ p
kvelv	k ʋ æ ɽ ʋ
kvepp	k ʋ ɛ pː
kveppe	² k ʋ ɛ p p ə
kvepper	k ʋ ɛ p p ə
kverke	k ʋ æ ʃ k
kverksott	k ʋ ɛ r k s u cː
kvern	k ʋ e d n
kvi	k ʋ iː
kvide	k ʋ iː ə
kvik	k v iː k
kvila	² k ʋ iː l ɑ
kvina	¹ k v iː n a
kvine	² k ʋ iː n ə
kvinesdal	² k v eː n ə s d aː l
kvinne	² k ʋ ɪ nː ə
kvinnfolk	k ʋ i n f ɔ l k
kvinnherad	² k v i d n h æ r a
kviskra	² k v ɪ s k r a
kvisling	² k v ɪ s l i ŋ
kvit	k ʋ iː t
kvitare	k ʋ iː t aː r ə
kvitast	k ʋ iː t a s t
kvitaste	k ʋ iː t a s t ə
kvite	² k ʋ iː t ə
kvitebjørn	² k v iː t ə b j œ n
kviteseid	k ʋ iː t e s ɛ ɪ̯ː
kvithai	² k ʋ iː t h a ɪ
kvitt	k ʋ ɪ tː
kvæde	² k v eː ə
kvæn	k v eː n
kvænsk	k v eː n s k
kvít’e	k ʋ iː t ə
kynikar	ç yː n i k aː r
kynisk	ç yː n i s k
kynisme	ç yː n i s m ə
kyr	ç yː r
kyrkja	² ç ʏ r ç ɑ
kyrkje	² ç ʏ r ç ə
kyrkjenes	² ç ʏ r ç ə n e s
kyrr	ç ʏ rː
kyrre	ç ʏ rː ə
kå	k oː
kål	k oː l
kålles	k o lː e s
kåppår	k o pː o r
kòs	k oː s
københavn	ç øː b ə n h a v n
kønn	k ø nː
køyne	² ç œ ʏ̯ n ə
køyrde	ɕ œ ʏ ɖː ə
køysa	² ç œ ʏ̯ s ɑ
køyse	² ç œ ʏ̯ s ə
lag	l ɑː ɡ
laga	² l ɑː ɡ ɑ
lagnad	² l ɑː ɡ n ɑ
lainnj	l ɑ ɲ
lamon	² l aː m uː n
land	l a n d
lande	l â n n e
landsbygd	l a n s b y ɡ d
landsmål	l a n s m ɔː l
landsmøte	l a n s m øː t ə
landssvik	l a n s s ʋ iː k
landssvikar	l a n s s ʋ iː k aː r
lang	l ɑ ŋː
lardal	² l aː d æː ɽ
lars	l aː r s
larvik	² l a r v iː k
latskap	l aː t s k aː p
latterleg	l a t ə r l eː ɡ
laug	l œ ʊː ɡ
lauga	² l œ ʊː ɡ ɑ
lauk	l ø ʉ k
laup	l æ ʉ p
laupa	l æ ʉ̯ p ɑ
laus	l æ ʉː s
lausunge	l œ ʊ̯ː s ʊ ŋ ŋ ə
lauv	l œ ʊ̯ː
le	l eː
ledd	l ɛ dː
ledmus	l ɛː m ʉː s
lefoder	² l eː f oː r
lege	l eː ɡ ə
lei	l ɛ ɪː
leia	² l ɛ ɪː a
leiar	² l ɛ ɪː a r
leidang	² l ɛ ɪː a ŋ
leidning	² l ɛ ɪː d n ɪ ŋ
leidulv	² l ɛ ɪ d ʊ l ʋ
leie	² l ɛ ɪː ə
leik	l ɛ ɪː k
leike	² l ɛ ɪː k ə
leiken	l æ ɪ̯ k ə n
leikjen	l ɛ ɪː ç ə n
leilegheit	l ɛ ɪː l ə ɡ h ɛ ɪː t
leire	² l ɛ ɪː r ə
leiret	l ɛ ɪː r ə
leit	l ɛ ɪː t
leita	² l ɛ ɪː t a
lekt	l eː k t
lekte	² l ɛ k t ə
lell	l ɛ lː
lemen	² l ɛ mː ə n
lemja	² l ɛ m j ɑ
lender	l ɛ n d ə r
lenge	² l ɛ n ʝ ə
lerke	² l ɛ r k ə
lesa	² l eː s ɑ
lese	² l eː s ə
lett	l e tː
levande	² l eː ʋ ɑ n ə
lever	l e ʋː ə r
li	l iː
lid	l iː
lida	² l iː ɑ
lidandesnes	² l iː a n d ə s n ɛː s
lidskjalv	² l ɪː s ç a l v
liggja	² l ɪ jː ɑ
lik	l iː k
lika	l iː k ɑ
like	² l iː k ə
liksom	l ɪ k s ɔ m
lillesand	² l i lː ə s a n
limar	² l iː m ɑ r
lime	l ɑ ɪ̯ m
lindesnes	l ɪ n d ə s n eː s
lita	l iː t ɑ
litande	² l iː t a n d ə
lite	² l iː t ə
liten	l iː t n̩
liter	l iː t ɛ r
litjfinger	l i ɬ f i ŋ æ r
liva	l iː ʋ ɑ
live	l ɑ ɪ̯ ʋ
livvakt	l iː ʋ ʋ a k t
ljabru	¹ j aː b r ʉː
ljan	j aː n
ljod	j uː
ljodahått	² j uː a h ɔ tː
ljona	² j uː n ɑ
ljore	² j uː r ə
ljosi	j uː s ɪ
ljosår	l j uː s oː r
ljuga	j ʉː ɡ a
ljå	j ɔː
ljådogg	j ɔː d ɔ ɡː
lo	l uː
loden	² l o dː ə n
lodur	² l uː ʉ r
lodve	² l oː v ə
loffar	² l ʊ f f ɑ
lofoten	² l u f u t ə n
lofotfiske	l u f u t f ɪ s k ə
lofotværing	² l uː f u t v æː r ɪ ŋ
log	l oː ɡ
loga	² l uː ɡ a
loge	² l oː ɡ ə
logi	l ʊ ʃ iː
lokk	l ɔ kː
lommeur	l u mː e ʉː r
lompe	² l ʊ m p ə
lon	l uː n
longyearbyen	l ɔ ŋ j eː r b yː n
lort	l ʊ ʈː
losji	l ʊ ʃ iː
losvåttån	l uː s v o tː o n
lova	l oː ʋ ɑ
lovund	² l o vː ʊ n
luftforsvar	l ʉ f t f ɔ ʂ ʋ aː r
lukke	² l ʊ k e
lun	l ʉː n
lunde	² l ʉ n d ə
lundehund	l ʉ n d e h ʉ n
lunn	l ʉ nː
lunsj	l œ n ʂ
lur	l ʉː r
lus	l ʉː s
lut	l ʉː t
lyd	l yː
lye	² l yː ə
lyft	l ʏ f t
lyfta	l ʏ f t ɑ
lyga	l yː ɡ a
lyge	l yː ɡ ə
lykel	² l ʏ ç ə l
lykke	l y k e
lyn	l yː n
lyna	l yː n ɑ
lyne	² l yː n ə
lyng	l ʏ ŋː
lyster	l ʏ s t ə r
lystra	² l ʏ s t r ɑ
lyta	² l yː t ɑ
lyte	² l yː t ə
lyter	l yː t ə r
låge	² l oː ɡ ə
låsa	l oː s ɑ
låta	l oː t ɑ
låte	² l oː t ə
låti	l oː t ɪ
låtteleg	l ɒ t ə l eː ɡ
lægd	l e ɡ d
læger	l eː ɡ ə r
lægra	l eː ɡ r ɑ
lægre	² l eː ɡ r ə
lægri	l eː ɡ r ɪ
lækje	l eː ç ə
lærad	² l eː r a
lærepeng	l æː r ə p ɛ ŋ ɡ
lærepenge	l æː r ə p ɛ ŋ ɡ ə
læta	² l eː t ɑ
læte	² l eː t ə
læter	l eː t ə r
lætet	² l eː t ə
lét	l eː t
lóve	² l uː ʋ ə
løk	l øː k
løynsk	l œ ʏ̯ n s k
løysa	² l œ ʏ s ɑ
løyst	l œ ʏ̯ s t
løytnant	l ø yː t n a n t
madrass	m ɑ d r ɑ sː
magan	² m ɑ ɡ ɑ n
mage	² m ɑː j ə
mager	m ɑː ɡ ɛ r
magje	² m ɑː j ə
magjen	² m ɑː j ə n
mainnj	m ɑ ɲː
majoritet	m a j uː r iː t eː t
makrell	m ɑ k r ɛ lː
malene	m a l l eː n e
mali	² m ɑː l ɪ
malm	m ɑ l m
mamma	m a m a
mammut	m a mː ʉ t
mammuttann	m a mː ʉ t t ɑ nː
mandolin	m a n d u l iː n
manet	m a n eː t
mangleta	m a ŋ l eː t a
manke	² m ɑ ŋ k ə
mann	m a nː
mannete	² m a nː eː t e
mannfolk	m a n f ɔ l k
mareritt	m âː r e r i t
marflo	m a r f l uː
mark	m ɑ r k
markja	m ɑ r ç ɑ
markjer	² m ɑ r ç ə
markjo	m ɑ r ç ʊ
markjå	m ɑ r ç o
marknad	m a r k n aː
mars	m a ʂː
marsipan	m a r s i p aː n
martnad	m a ʈ n a
maset	m ɑː s ə
masfjorden	² m a sː f j uː r n̩
massasje	m aː s aː ʃ əː
massemord	m a s ə m u r d
mast	m ɑ s t
matematikk	m a t e m a t i k
maten	m aː t n̩
matpakke	m aː t p a k e
maula	² m æ ʉ̯ l ɑ
maule	² m æ ʉ̯ l ə
maur	m æ ʉ̯ r
maurtue	m æ ʉ ɾ t ʉː ə
me	m eː
mea	² m eː ɑ
medan	m ɛ a
meddarn	m e dː a ɳ
medisin	m ɛ d ɪ s iː n
meg	m eː ɡ
megge	² m ɛ ɡː ə
mei	m ɛ ɪː
mein	m ɛ ɪː n
meina	m ɛ ɪː n a
meine	² m ɛ ɪː n ə
meinet	m ɛ ɪː n ə
meini	m ɛ ɪː n ɪ
meining	² m ɛ ɪː n ɪ ŋ
meir	m ɛ ɪː r
meis	m ɛ ɪː s
meister	m ɛ ɪː s t ə r
meitel	² m ɛ ɪː t ə l
men	m ɛ nː
menneske	² m ɛ nː ɛ s k ə
menneskeleg	m ɛ n ə s k l eː ɡ
merd	m ɛː r
merkeleg	m ɛ ʂ k l ɛ
metresse	m ɛ t ² r ɛ s s ə
mi	m iː
mid	m ɪː
middagskvil	m i d a ɡ s k v iː l
middagskvild	m i d a ɡ s k v i l
middelalderlitteratur	m i d e l a l d e r l i t e r a t ʉː r
midnattssol	m i d n a t s uː l
mige	² m iː ɡ ə
mild	m ɪ l d
militær	m i l i t æː r
miljøvernar	m i l j øː ʋ ɛ r n a r
miltbrann	m i l t b r a nː
mime	² m iː m ə
min	m iː n
mina	² m iː n ɑ
mindre	m ɪ n d r ə
mindretal	m i n d r ə t aː l
mindreverd	m i n d r ə ʋ ɛ r d
mine	² m iː n ə
minoritet	m i n oː r i t eː t
minst	m ɪ n s t
missa	m ɪ sː a
misunneleg	m i s u ɲː e l e
mitt	m ɪ tː
mjød	m j øː
mjøden	m j øː d n̩
mjødvitne	² m j œː v ɪ t n ə
mjølen	² m j œː l ə n
mjølet	m j øː l ə
mjølka	m j ø l c͡ç ɑ
mjøndal	² m j ø n d a ɳ
modgud	² m uː ɡ ʊː
modgunn	² m uː ɡ ʊ nː
modig	m uː d i
mogop	m uː ɡ ɔ p
moinnj	m u ɲ
moka	² m o k a
mol	m oː l
mold	m ɔ lː
molde	² m o l d ə
moll	m ɔ lː
molte	² m o l t ə
mor	m uː r
mord	m oː r
morderska	² m u r d ə r s k ɐ
morderske	² m u r d ə r s k ə
morderskene	² m u r d ə r s k ə n ə
mordersker	² m u r d ə r s k ə r
morfar	¹ m u fː a
morgna	² m ɔ r n ɑ
morgning	² m oː ɳ ɪ ŋ
morgon	² m o r ɡ u
morkna	m o r k n a
mormor	² m u mː u
morn	m ɔ ɳ
morning	² m oː ɳ ɪ ŋ
moro	m u r u
morosam	² m uː r uː s a m
morsan	m u ʂː a n
mose	² m oː s ə
mosegrodd	m uː s e ɡ r u dː
mosjøen	m u s s yˑ n̩
moske	m o s k eː
mossyen	¹ m u s s yː ə n
mot	m uː t
motgift	m uː t j i f t
motor	m u t u r
motoren	m u tː u ɳ
motorsykkel	m u t u ʂ ʏ kː e l
motstand	m uː t s t a n
mottakar	m uː t aː k aː r
mule	² m ʉː l ə
munen	² m uː n ə n
munk	m ʊ ŋ k
munn	m ʉ nː
mur	m ʉː r
mure	² m ʉː r ə
muren	m ʉː ɳ
murmeldyr	m ʉ r m e l d y r
mus	m ʉː s
muse	m ʉ s eː
museum	m ʉ s eː ʉ m
muslim	² m ʉ ʂ l i m
muslimen	m ʉː s l iː m ə n
musling	m ʉ s l i ŋ
musé	m ʉ s eː
muttern	m ʉ tː æ ɳ
mye	² m yː ə
mygje	² m yː j ə
myglet	m ʏ ɡ l ə
myken	² m yː ç ə n
myket	² m yː ç ə
mykje	² m yː ç ə
myklagard	² m ʏ k l a ɡ aː r
mylja	² m ʏ l j ɑ
mylnar	² m ʏ l n a r
mynt	m y n t
mynta	m ʏ n t ɑ
mynti	m ʏ n t ɪ
myr	m yː r
myrdun	² m yː r d ʉː n
myrfivel	² m yː r f iː ʋ ə l
myrull	m yː r u ʎː
mål	m a oː l
måle	² m oː l ə
mållag	² m ɔː ɽ l aː ɡ
måltid	² m ɔː ɽ t iː
månad	² m ɔː n a
måne	² m oː n ə
månefisk	² m oː n ə f ɪ s k
mår	m oː r
måtta	² m ɔ tː ɑ
måtte	² m ɔ tː ə
mæga	² m æ ɡ ɑ
mækje	² m eː ç ə
mæla	² m eː l ɑ
mæle	² m eː l ə
mòl	m oː l
møre	² m øː r ə
møy	m ø j
nagle	² n ɑ ɡ l ə
naken	² n aː k ə n
nakin	² n aː ç i n
nakke	² n a kː ə
nakne	² n a k n ə
nakning	² n a k n ɪ ŋ
namnedag	n a m n e d aː ɡ
nanna	² n a nː a
nardo	² n a ɖː u
narkotika	n ɑ r k uː t ɪ k ɑ
narvik	n ɑ r ʋ iː k
natt	n ɑ tː
naturleg	n aː t ʉː r l eː ɡ
naudsynleg	n a ʉː s yː n l eː ɡ
naudsynt	n a ʉː s yː n t
nautet	n æ ʉ̯ t ə
nazi	n a s i
nazien	n a s i n
nazisme	n a s i s m ə
nazist	n a s i s t
nazistisk	n a s i s t i s k
ne	n eː
ned	n eː
nei	n eː ɪ
neia	² n ɛ ɪː a
neit	n ɛ ɪː t
nek	n eː k
nemleg	n ɛ m l eː ɡ
neppe	² n ɛ p p ə
nerdrum	² n æː ɽ r u m
nesna	² n æ s n æ
nesnar	² n e s n a
netle	n ɛ ɬ l ɛ
netter	n ɛ t t ə r
nettside	n ɛ t s i ə
nettstad	n ɛ t s t aː
nettvett	n e t v e t
nevetavl	² n ɛː v ə t a v l
nibad	² n iː b ɑː
nibe	² n iː b eː
nibed	² n iː b eː
niber	² n iː b eː r
nidareid	² n iː d a r ɛ ɪː
nidaros	² n iː d a r u s
nidsk	n i s k
nidstong	² n iː s t o ŋ
nifs	n ɪ f s
nigger	¹ n ɪ ɡː ə r
nikjån	² n iː ç oː n
niks	n ɪ k s
nikud	² n ɪː k u
niles	² n iː l eː s
nilese	² n iː l eː s ə
nisse	² n ɪ sː ə
nit	n iː t
nita	n iː t ɑ
nite	² n iː t ə
nittan	² n ɪ tː a
nitten	n ɪ t n̩
njoda	² n j uː d ɑ
njode	² n j uː d ə
njærheim	² n j æː r ɛ ɪː
no	n uː
node	² n uː d ə
noia	² n ɔ ʏ̯ j ɑ
noko	² n o k u
nokolunde	n ɔː k uː l ʉ n ə
nokre	² n ɔ k r ə
nolsøy	² n uː l s œ ʏː
nora	² n uː r a
nord	n uː r
nordan	² n uː r a
nordanfjells	² n uː r a f j ɛ l s
nordkapp	² n uː r k a pː
nordland	n uː ɭ ɑ ɲː
nordmann	² n uː r m a nː
nordmannsslepe	n u r m a n s ʂ l eː p ə
nordmøre	² n uː r m øː r ə
nordnorsk	n uː r n ɔ ʂ k
nordover	n uː r ɔː ʋ ɛ r
nore	² n uː r ə
noreg	n o rː ə
norig	¹ n o rː ɪ
norne	² n o r n ə
norsk	n o r s k
not	n uː t
noti	n uː t ɪ
nubiar	n ʉː b i a r
nubisk	n ʉː b i s k
nugat	n ʉ ɡ ɑː
nummer	n ʉ m ə r
ny	n yː
nyheit	n yː h ɛ ɪː t
nykel	² n ʏ k ə l
nykk	n ʏ kː
nynazist	n yː n aː s i s t
nynne	² n y n n e
nynorsk	² n yː n o r s k
nype	² n yː p ə
nyre	² n yː r ə
nysgjerrigper	n y ʂ æ r i p eː r
nysta	² n ʏ s t ɑ
nyste	² n ʏ s t ə
nå	n oː
når	n oː r
nær	n æː r
nærleik	n æː r l ɛ ɪː k
nót	n uː t
nóta	n uː t ɑ
nóti	n uː t ɪ
nótt	n u tː
nøgd	n œ ɡ d
nøkkel	² n œ kː ə l
nørd	n øː ɽ
nørdre	² n ø r d r ə
nøre	² n øː r ə
nøtt	n œ tː
nøtter	n œ t t ə r
obs	ɔ p s
observant	ɔ p s ɛ r ʋ ɑ n t
obyinn	u b y i ɲ
odal	² uː a l
odda	o dː a
oddernes	² o dː ə r n ɛː s
oddvar	² o dː v aː r
oddvard	² o dː v aː r
odel	¹ uː d ə l
oden	² uː d ə n
odla	² uː d l ɑ
oen	² uː ə n
ofesk	u f e s k
offentleg	ɔ f ə n t l eː ɡ
offer	ɔ f ɛ r
ofra	o f r a
ofsa	² ɔ f s ɑ
ofse	² ɔ f s ə
ofte	² ɔ f t ə
og	ɔ
ohm	uː m
oill	u ʎː
ok	uː k
okka	² ɔ k k ɑ
okke	² ɔ k k ə
okla	² ɔ k l ɑ
okle	² ɔ k l ə
oksid	u k s iː d
ol	uː e l
olav	² oː l aː v
olavskjelda	u l a v s ɕ e lː a
olbogerom	ô l b o ɡ e r u m
olje	ɔ l j ə
olsok	u l s o k
olsson	u l s a
om	uː m
ombo	² u m b u
omgivnad	u m j iː v n aː
omgjevnad	u m j eː v n aː
omn	ɔ m n
omsorgsfull	u m s o r ɡ s f ʉ l
omsyn	u m s yː n
omsynslaus	u m s yː n s l ø u s
ongje	² ʊ ŋ j ə
onomatopoetikon	u n u m a t u p u eː t i k o n
onsaker	¹ u n s aː k ə r
onsøy	² u n s ə
open	² oː p ə n
openberring	ɔː p ɛ n b ɛ r i ŋ ɡ
opp	ɔ pː
oppdaga	u p d aː ɡ a
oppdrag	ʊ p d r aː ɡ
oppgåve	ʊ p ɡ ɒː ʋ ə
opphav	² ʊ pː h ɑː ʋ
oppland	² u pː l a n
oppsiktsvekkjande	u p s i k t s ʋ ɛ ç a n ə
optikar	u p t i k aː r
or	o
ord	uː ɭ
ordbok	² uː r b uː k
ordentleg	o ɳ t l e
ordna	o ɳ
ordre	ɔ r d r ə
ordstilling	uː r s t i l l i ŋ
orga	² ɔ r ɡ ɑ
orka	ɔ r k a
orke	ɔ r k ə
orkla	o k l a
orkland	ɔ ʂ k l ɑ ɲː
ornes	² u d n ɛ s
ornitolog	u r n i t u l ɔː ɡ
orrfugl	ɔ r f ʉ ɡ l
orrhane	ɔ r h aː n ə
orrhøne	ɔ r h øː n ə
orsaka	uː r s aː k a
orsaking	² oː r s aː k ɪ ŋ
orskurd	² uː r s k ʉː r
oslo	² u s l u
osp	ɔ s p
oss	ɔ sː
ost	o s t
ostehøvel	u s t e h œ ʋ e l
oter	¹ o t ə r
oto	uː t u
otre	² o t r a
otrenes	² o t r ə n ɛː s
otros	² o t r uː s
otta	² u tː a
ouncar	² æ u̯ n s ɑ
ounce	æ ʉ̯ n s
ouncen	æ ʉ̯ n s n̩
ovan	² oː v a
ovanpå	² o ʋ ɑ n p oː
overdriven	ɔː ʋ ɛ r d r iː ʋ ɛ n
overleva	ɔː ʋ ɛː r l eː v a
overraskande	ɔː ʋ ə r a s k a n ə
overtyda	ɔː ʋ ɛ r t yː a
par	p aː r
partnar	p aː r t n a r
pence	p ɛ n s
peng	p ɛ ŋː
penge	² p ɛ ŋː ə
penny	p ɛ n n ɪ
pensjon	p ɑ ŋ ʃ uː n
pepar	p eː p a r
per	p eː r
perle	p æː ɭ e
persar	p ɛ r sː a r
persok	¹ p e r s o k
person	p æ r s uː n
personleg	p ɛ r s uː n l eː ɡ
persson	p e r s a
pigghå	p i ɡː h ɔ
pike	p ɪ k eː
pilleskrukketroll	p i l l e s k r u k k e t r o l l
pinleg	p iː n l eː ɡ
pipi	p iː p ɪ
pissa	² p ɪ sː ɑ
pizza	p i t s a
plan	p l aː n
plant	p l ɑ n t
plissé	p l ɪ s s eː
plutseleg	p l ʉ t s e l eː ɡ
podl	p ɔ d l
poinni	p u ɲː i
pol	p uː l
polet	p uː l e
poll	p ɔ d l
populær	p u p ʉ l æː r
porno	p uː r n ʊ
porsgrunn	p o sː ɡ r ʉ nː
pose	² p uː s ə
posisjon	p ʊ s ɪ ʃ uː n
primær	p r i m æː r
psykiater	s yː k i aː t ɛː r
psykiatri	s yː k i a t r i
pult	p ʉ l t
pund	p u ɲː
punk	p ø ŋ k
punt	p u ɲ c
pure	p ʉ r eː
purim	p ʉ r i m
purke	² p ʉ r k ə
pus	p ʉː s
pussa	² p ʉ s s ɑ
pusse	² p ʉ s s ə
påfugl	p ɒː f ʉ ɡ l
påverka	p oː ʋ ɛ r k ɑ
påverknad	p ɒː ʋ ɛ r k n a
pæsj	p æː ʂ
pøls	p œː ʂ
pønk	p ø ŋ k
quisling	² k v ɪ s l i ŋ
radikal	r a d i k aː l
radikalar	r a d i k aː l a r
ragnar	² r a ŋ n a r
raja	r ɑ d ʃ ɑ
ramn	r a m n
ranrike	² r aː n r iː k ə
rart	r a ʈ
rasist	r a s i s t
raud	r œ ʊ̯ː
raudost	² r œ ʊː n o s t
raudruss	r ø ʉ r ʉ s
raudspette	² r æ ʉ s p ɛ t ə
raun	r œ ʊː n
rauna	r æ ʉ̯ n ɑ
raunar	² r æ ʉ̯ n ɑ
raunen	r æ ʉ̯ n n̩
raunene	² r æ ʉ̯ n ə n ə
rauner	² r æ ʉ̯ n ə r
re	r eː
real	² r eː ɑ l
redd	r ɛ dː
redda	r ɛ d a
regen	² r ɛ ɪː ə n
regn	r ɛ ɡ n
regna	² r ɛ ŋ n ɑ
regnbogeaure	² r ɛ ɡ n b ɔ ɡ ə æ ʉ r ə
reidar	² r ɛ ɪː a r
reil	r ɛ ɪː l
reila	² r ɛ ɪː l a
reilar	² r ɛ ɪː l a r
reile	² r ɛ ɪː l ə
reilen	r ɛ ɪː l ə n
rein	r ɛ ɪː n
reindrift	r ɛ ɪː n d r ɪ f t
reinsbukk	² r ɛ ɪː n s b ʊ kː
reinsdyr	r ɛ ɪː n s d yː r
reise	² r ɛ ɪː s ə
reising	² r ɛ ɪː s ɪ ŋ
reiskap	² r ɛ ɪː s k aː p
reit	r ɛ ɪː t
reita	r ɛ ɪː t a
reite	² r ɛ ɪː t ə
reiten	r ɛ ɪː t n̩
reiter	r ɛ ɪː t ə r
reiti	r ɛ ɪː t ɪ
reklame	r e k l aː m e
rekning	² r ɛ k n ɪ ŋ
rektig	r e k t i
remna	² r ɛ m n a
reng	² r ɛ ɲ
renner	r ɛ n n ə r
renneskit	r e nː e ʃ iː t
rese	² r eː s ə
retning	² r ɛ t n ɪ ŋ
retreat	r ɪ t r iː t
rett	r e tː
rettkomen	r ɛ t k ɔː m e n
rettkommen	r ɛ t k ɔ m e n
rev	r eː v
revebjølle	r eː v ə b j ø l ə
revehi	r eː v e h iː
revolusjon	r eː ʋ u l ʉː ʃ uː n
reykjavik	² r œ ʏ ç a v iː k
ri	r iː
rikdom	² r iː k d o m
rike	² r iː k ə
rikinge	² r iː k ɪ ɲ j ə
rime	r iː m e
rip	r iː p
ripe	² r iː p ə
ris	r iː s
rise	² r ɪː s ə
rjukan	r j ʉː k a n
rjånes	² r j ɔː n ɛː s
ro	r uː
roald	² r uː a l
rod	r oː
rodgeir	² r uː j ɛ ɪ r
rogaland	² r uː ɡ a l a n
rogn	r ɔ ŋ n
rointj	r u ɲ c
rokko	² r u kː u
rollag	r ɔ lː a ɡ
rolle	² r ɔ lː ə
rolv	r o l v
romsdal	² r u m s d aː ɽ
romsleg	r u m ʂ l ɛ
romvesen	r u m v eː s e n
ronkall	r u n k a ʎː
ropa	² r u pː a
rorbu	r uː r b ʉː
ros	r oː s
rosa	r oː s ɑ
rose	² r oː s ə
rosi	r oː s ɪ
rot	r uː t
rota	r uː t ɑ
rotte	² r ɔ t t ə
rovdyr	² r oː v d yː r
rug	r ʉː
rullestol	r ʉ l ə s t uː l
rullings	r ʉ lː ɪ ŋ s
rumen	r ʉ m eː n
run	r ʉː n
runa	² r ʉː n a
rundt	r u ɲ c
rune	² r ʉː n ə
runer	² r ʉː n ə r
rus	r ʉː s
rusa	² r ʉː s ɑ
russ	r ʉ s
russland	r ʉ s l ɑ n
rust	r ʉ s t
rusten	r ʉ s t n̩
rute	² r ʉː t ə
ryd	r ʏː
rydja	² r yː a
ryfylke	¹ r yː f ʏ l k ə
ryger	² r yː ə r
rygge	² r ʏ ɡː ə
ryggja	² r ʏ ɟ͡ʝː ɑ
rygjafylke	² r yː a f ʏ l ç ə
rygjarbit	² r yː a r b ɪ t
rykke	² r ʏ k k ə
ryp	r yː p
rype	² r yː p ə
rå	r oː
råd	r oː
rådgivar	r oː d j iː ʋ a r
rådgjevar	² r ɔː d j ɛː v a r
rådig	r oː d i
rådyr	r oː d yː r
råv	r oː ʋ
rædyr	² r æː d yː r
røntgen	¹ r ø n t k ə n
rør	r øː r
røros	² r øː r u s
rørsle	² r œ r s l ə
røvar	² r øː ʋ ɑ r
røvarkjøp	r øː ʋ aː r ç øː p
røyk	r œ ʏ k
røykjanes	² r œ ʏː ç a n ɛː s
røykjavik	² r œ ʏː ç a v iː k
røyksopp	r ø y k s ɔ p
røyros	² r œ ʏː r u s
saga	s ɑː ɡ ɑ
saka	s ɑː k ɑ
sake	² s aː k ə
sakna	² s a k n a
saksen	s ɑ k s ə n
saksofon	s a k s u f u n
sakte	² s ɑ k t ə
sal	s ɑː l
salaten	s a l a t n̩
samanlikna	s aː m aː n l i k n a
samarbeida	² s a mː a r b ɛ ɪː a
samd	s a m d
samfunn	² s ɑ m f ʉ n
samtidleg	s ɑ m t iː l ɛ
samvit	² s ɑ m ʋ ɪ t
samyrkelag	² s a m ʏ r ç ə l aː ɡ
sand	s ɑ n d
sandmale	² s ɑ nː m ɑː l ə
sandøy	² v ɪː œ ʏː
sanning	² s ɑ nː ɪ ŋ
sannsyn	s a n s yː n
sannsynleg	s a n s yː n l eː ɡ
sarp	s a r p
sarpen	¹ s a r p ə n
sarpsborg	s a r p s b o r
satan	s aː t a n
satt	s a tː
sau	s œ ʊ̯ː
sauar	² s æ ʉ̯ ɑ r
sauda	² s œ ʊː a
sauð	s œ ʉː ð
script	s k r ɪ p t
scripta	s k r ɪ p t ɑ
sede	s eː d ə
seg	s eː ɡ
sege	² s ɛ ɡ ə
segja	² s ɛ ɪ ɑ
sei	s ɛ ɪː
seia	² s ɛ ɪː a
seie	² s ɛ ɪː ə
seikval	² s ɛ ɪː k v aː l
sein	s ɛ ɪː n
seks	s æ k s
seksling	s ɛ k s l i ŋ ɡ
sekstan	² s ɛ k s t a
seksten	s æ k s t n̩
sekstå	² s æ k s t ɔ
seksuell	s ɛ k s ʉ ɛ l
seksuelt	s ɛ k s ʉ ɛ l t
sel	s eː l
selbu	s æ ɽ b ʉː
selfoss	² s ɛː l f o sː
selje	² s ɛ l j a
selle	s e l l e
senda	s ɛ ɲː
sendar	s ɛ n d aː r
sende	² s ɛ n d ə
senja	² s ɛ n j a
sensor	s e n s u r
separatisme	s ə p a r a t i s m e
separatist	s ə p a r a t i s t
separatistisk	s ə p a r a t i s t i s k
ser	s eː r
serska	s e ʂ k a
sete	s eː t ə
setesdal	² s ɛː t ə s d aː l
setja	² s ɛ çː a
shah	ʃ ɑː
show	ʂ ɔ u
showa	ʂ ɔ ʋ ɑ
showet	ʂ ɔ ʋ ə
si	s iː
sia	² s iː ɑ
sidan	² s iː d ɑ
siddis	s i d i s
side	² s iː d ə
sidesyn	s iː d e s yː n
siger	s iː ɡ ɛ r
sigmund	² s iː m ʊ n
siki	s iː k ɪ
sikker	s ɪ kː ə r
sikksakk	s i k s a k
sild	s ɪ l d
sin	s ɪ nː
sine	² s iː n ə
sionisme	s i u n ɪ s m ə
sirka	s i r k a
sist	s ɪ s t
sitja	² s ɪ çː a
sitron	s i t ɾ uː n
sitt	s ɪ tː
sivi	s iː ʋ ɪ
sivil	s iː ʋ iː l
sivilisasjon	s i ʋ i l i s aː ʃ uː n
sjah	ʃ ɑː
sjappa	² ʃ ɑ p p ɑ
sjarmera	ʃ a r m eː r a
sjau	ʃ æ ʉ̯
sjauar	² ʃ æ ʉ̯ ɑ
sjauen	² ʃ æ ʉ̯ ə n
sjel	² ʃ eː l
sjeldan	² ʃ ɛ l a
sjelv	² ʃ æ ɽ ʋ ə
sjevron	ʂ ɛ ʋ r uː n
sjitt	ʃ i tː
sjoa	ʂ uː a
sjoda	² s j uː a
sju	s j ʉː
sjuk	s j ʉː k
sjuttu	ʃ ʉ tː ʉ
sjy	ʃ yː
sjå	s j ɔː
sjåar	ʃ ɒː aː r
sjålv	² ʃ ɔ l ʋ ə
sjø	s j øː
sjødåp	² ʃ øː d oː p
sjølv	ʃ øː l
sjølv'u	ʃ ø l v u
sjølve	² ʃ œ l ʋ ə
sjølvsagt	² ʃ œː l s a k t
sjølvstende	² ʃ øː l s t ɛ n d ə
sjølvtillit	ʃ ø l ʋ t ɪ l ɪ t
sjørøye	ʃ øː r ø y ə
skaga	s k aː ɡ a
skaka	² s k ɑː k ɑ
skaket	s k ɑː k ə
skaki	s k ɑː k ɪ
skald	s k ɑ l d
skaldyr	s k aː l d yː r
skalle	² s k ɑ lː ə
skamma	s k ɑ m m ɑ
skammar	² s k ɑ m m ɑ r
skanki	s k ɑ ŋ k ɪ
skapning	s k aː p n i ŋ
skar	s k ɑː r
skard	s k ɑː r
skatt	s k ɑː t
skatteflyktning	s k a t ə f l y k t n i ŋ ɡ
skaut	s k æ ʉ t
skedsmo	ʃ e sː m uː
skeint	ʃ ɛ ɪ n t
skeise	² ʃ ɛ ɪː s ə
skeiserenn	² ʃ ɛ ɪː s ə r ɛ nː
skeiv	s ç ɛ ɪː v
skeivt	s ç ɛ ɪ f t
ski	s ç iː
skid	ʃ iː
skidskjoting	¹ s ç iː s ç uː t ɪ ŋ
skien	² ʂ eː ə n
skigard	ʃ iː ɡ ɑː r
skikkeleg	ʃ i k e l eː ɡ
skil	ʃ iː l
skila	² ʃ iː l ɑ
skilja	² s ç ɪ l j a
skilnad	ʃ ɪ l n aː
skilt	ʃ i l t
skilta	ʃ i l t a
skilting	ʃ i l t i ŋ ɡ
skinet	ʃ iː n ə
skinnbukse	ʃ i nː b ʊ k s ə
skinnstakk	² s ç ɪ nː s t a kː
skinnvengje	² ʃ ɪ nː ʋ ɛ n j ə
skiptvet	² ʃ æ t ʋ e
skirne	² s ç i r n e
skiskjoting	¹ s ç iː s ç uː t ɪ ŋ
skiskyting	¹ s ç iː s ç yː t ɪ ŋ
skit	s ç iː t
skite	² ʃ ɪ t ə
skiterempe	² s ç ɪː t ə r ɛ m p ə
skjegg	s ç ɛ ɡː
skjegl	ʃ ɛ ɡ l̩
skjegle	² ʃ ɛ ɡ l ə
skjeglen	² ʃ ɛ ɡ l ə n
skjeke	² ʃ ɛː k ə
skjeken	² ʃ ɛː k ə n
skjeker	ʃ eː k ə r
skjeki	² ʃ eː k ɪ
skjekne	² ʃ ɛ k n ə
skjeldmøy	² s ç ɛ l d m œ ʏː
skjelven	² ʃ æ ɽ ʋ ə n
skjema	ʃ eː m ɑ
skjemd	ʃ ɛ m d
skjemda	ʃ ɛ m d ɑ
skjemde	² ʃ ɛ m d ə
skjemma	² ʃ ɛ m m ɑ
skjemmast	² ʃ ɛ m m ɑ s t
skjemme	² ʃ ɛ m m ə
skjemt	ʃ ɛ m t
skjemta	² ʃ ɛ m t ɑ
skjemte	² ʃ ɛ m t ə
skjenka	² ʃ ɛ ŋ k ɑ
skjenkar	² ʃ ɛ ŋ k ɑ r
skjenke	² ʃ ɛ ŋ k ɑ
skjenkene	² ʃ ɛ ŋ k ə n ə
skjenker	² ʃ ɛ ŋ k ə r
skjenkja	² ʃ ɛ ɳ ç ɑ
skjenkjar	² ʃ ɛ ɲ ç ɑ r
skjenkje	² ʃ ɛ ɳ ç ə
skjenkjer	² ʃ ɛ ɳ ç ə r
skjenkte	² ʃ ɛ ŋ t ə
skjenna	² ʃ ə n n ɑ
skjenne	² ʃ ɛ n n ə
skjer	ʃ eː r
skjera	s ç ɛː r a
skjere	² s ç ɛː r ə
skjerm	ʃ ɛ r m
skjerv	ʃ æ r ʋ
skjerven	ʃ æ r ʋ ə n
skjold	s ç o l
skjoldmøy	² s ç o l d m œ ʏː
skjor	s ç uː r
skjote	ʃ uː t
skjule	² ʃ ʉː l ə
skjå	s ç ɔː
skjæker	ʃ eː k ə r
skjødna	² ʃ œ d n ɑ
skjøna	² ʃ øː n a
skjøne	² ʃ øː n ə
skjør	ʃ øː r
sko	s k uː
skodde	² s k ɔ dː ə
skodje	² s k œ ʏː e
skog	s k uː ɡ
skogjen	s k uː j ə n
skoi	s k uː ɪ
skoill	s k u ʎː
skoillj	s k u ʎː
skottland	s k ɔ t l ɑ n
skotår	s k ɔː t oː r
skral	s k r ɑː l
skrella	s k r ɛ lː ɑ
skremma	s k r ɛ mː a
skremmande	s k r ɛ mː a n d ə
skrift	s k r ɪ f t
skrifte	² s k r ɪ f t ə
skrika	s k r iː k ɑ
skrike	² s k r ɪː k ə
skrikja	² s k r iː ç ɑ
skrikje	² s k r iː ç ə
skript	s k r ɪ p t
skriva	s k r iː ʋ ɑ
skrive	² s k r iː ʋ ə
skrota	s k r uː t a
skru	s k r ʉː
skrå	s k r oː
skræling	² s k r eː l ɪ ŋ
skuffa	² s k ʊ fː ɑ
skuffe	² s k ʉ fː ə
skugge	² s k ʊ ɡː ə
skuggsjå	² s k ʊ ɡː s j ɔː
skuld	s k ʊ l
skvadron	s k ʋ a d r uː n
skvett	s k ʋ æ tː
skvette	² s k ʋ ɛ t t ə
skvetten	s k ʋ ɛ t n̩
skvetter	s k ʋ ɛ t t ə
skvåsj	s k ʋ ɔ ʂ
sky	ʃ yː
skyla	² ʃ yː l ɑ
skyle	² ʃ yː l ə
skylja	² ʃ ʏ l j ɑ
skyr	ʃ ʏː r
skyss	ʂ ʏ sː
skyttargrav	ʃ y t a r ɡ r aː v
skåddj	s k ɔ ɟː
skåidd	s k ɔ ɟː
skåki	s k oː k ɪ
skål	s k ɔː l
skøti	² s k ø t i
skøyr	ʃ ø y r
skøyte	ʂ ø j t e
slag	ʂ l ɑː ɡ
slagmark	² ʂ l ɑː ɡ m ɑ r k
sle	ʂ l ɛː
sleggje	s l ɛ ɟː ə
slegi	² s l eː ɡ ɪ
sleipe	ʂ l ɛ ɪː p ə
slektning	s l ɛ k t n i ŋ ɡ
slide	s l ɑ ɪ̯ d
slik	s l iː k
slikekjake	ʂ l i k ə ɕ a k ə
slikka	ʂ l ɪ kː ɑ
slikkepott	ʂ l i kː e p o tː
slira	s l iː r ɑ
sliten	² ʂ l iː t ə n
sliter	s l iː t ə r
slo	s l uː
slu	ʂ l ʉː
slutt	ʂ l ʉ tː
slutta	² ʂ l ʉ tː ɑ
slå	s l oː
slåst	s l ɔ s t
slåstkamp	s l o s t k a m p
sløg	s l øː ɡ
sløsa	ʂ l œ s ɑ
smalt	s m ɑː l t
smella	s m ɛ l l ɑ
smelle	² s m ɛ l l ə
smeller	s m ɛ l l ə
smelt	s m ɛ l t
smia	² s m iː ɑ
smidja	² s m ɪ j j a
smidju	² s m ɪː j ʉ
smie	² s m iː ə
smiu	² s m iː ʉ
små	s m oː
snart	s n ɑː r t
sneis	s n ɛ ɪː s
snigel	² s n iː ə l
snikmordar	s n iː k m u r d a r
snill	s n ɪ lː
snjoball	² s n j uː b ɑ lː
snok	s n oː k
snus	s n ʉː s
snø	s n øː
so	s uː
sofa	s uː f ɑ
sofagris	s uː f a ɡ r iː s
soge	² s oː ɡ ə
soinn	s u ɲ
sol	s uː l
sola	s uː l ɑ
solbrend	s uː l b r ɛ n d
solbrent	s uː l b r ɛ n t
solbær	s uː l b æː r
soldogg	s uː l d ɔ ɡː
sole	s k uː l ə
soleis	s uː l ɛ ɪː s
solgisl	s u l j i ʂ l
soll	s ɔ lː
solrenning	s uː l r ɛ n i ŋ ɡ
solside	² s uː l s iː ə
solsikke	s uː l s i k ə
solulv	s u l ʉ l ʋ
som	s ɔ mː
sommar	² s ɔ mː ɑ r
somna	² s ɔ m n ɑ
somne	² s ɔ m n ə
sonn	s ɔ nː
sopinn	² s uː p i ɲ
soss	s ʊ sː
sott	s u cː
sova	² s o v a
sovjetar	s ɔ ʋ j ɛ t a r
sovna	² s ɔ ʋ n ɑ
sovne	² s ɔ ʋ n ə
spade	² s p ɑː d ə
spanjol	s p a n j uː l
sparsam	² s p aː r s a m
spegel	² s p ɛ ɡ ə l
spekk	s p ɛ k
spekulere	s p e k ʉ l e r e
spela	² s p eː l ɑ
speleliste	s p êː l ə l i s t ə
sperillen	² s p ɛː r i l ə n
spettmeis	² s p ɛ tː m ɛ ɪː s
spikarjarn	s p iː k a r j aː r n
spjelkavik	² s p j ɛ l k a v iː k
spjot	s p j uː t
spjut	s p j ʉː t
spol	s p uː ɭ
spon	s p uː n
spor	s p uː r
spord	s p uː r
spreia	² s p r ɛ ɪː a
sprong	s p r ɔ ŋ
språkforsking	s p r oː k f o ʂ k i ŋ
spydeberg	² s p e bː æ r
spyfluge	s p yː f l ɔː ɡ a
spyrja	² s p ʏ r j ɑ
spøk	s p øː k
spøken	s p øː k ə n
spøkja	s p øː ç a
spørja	² s p œ r j ɑ
squash	s k ʋ ɔ ʂ
stabbestein	² s t a bː ə s t ɛ ɪː n
stabbur	² s t a b b ʉ r
stad	s t ɑː
stadet	s t ɑː ə
stakar	² s t a k a r
stand	s t æ n d
start	s t ɑ r t
stathelle	s t a t ² h ɛ lː ə
stavanger	s t a v a ŋ ɡ ə r
stavern	² s t aː v æ ɳ
steikja	² s t ɛ ɪː ç a
stein	s t ɛ ɪː n
steinar	² s t ɛ ɪː n a r
steinbit	² s t ɛ ɪː n b iː t
steingard	² s t ɛ ɪː n ɡ aː r
steinkjer	² s t e n ç ə r
steinkobbe	² s t ɛ ɪː n k o bː ə
steinsopp	² s t ɛ ɪː n s o p
steinsprang	² s t ɛ ɪː n s p r a ŋ
stelt	s t ɛ l t
stelte	² s t ɛ l t ə
stemne	² s t ɛ m n ə
stengje	² s t ɛ ŋ j ə
stige	² s t iː ə
stikkontakt	s t i k k u n t a k t
stillongs	s t iː l l o ŋ s
stjerne	² s t j ɛ nː ə
stjørdal	² ʃ ø r d aː l
stjørdalen	² ʃ ø r d a lː ə n
sto	s t uː
stoa	s t uː ɑ
stoden	² uː ə n
stokk	s t ɔ kː
stong	s t ɔ ŋː
stongi	s t ɔ ŋ j ɪ
stor	s t uː r
stord	s t u r d
storesand	² s t uː r ə s a n
storleik	s t uː r l ɛ iː k
stove	² s t oː ʋ ə
strai	s t r a ɪː
strandflate	s t r a n f l aː t e
straum	s t r œ ʊː m
strek	s t r eː k
strid	s t r iː
strok	s t r oː k
stryka	s t r yː k ɑ
stråbær	s t r oː b eː r
strøk	s t r œː k
strømsø	s t r ø m s ø
stua	² s t ʉː ɑ
student	s t ʉː d ɛ n t
studera	s t ʉː d eː r a
stue	² s t ʉː ə
stum	s t u mː
stut	s t ʉː t
stutt	s t ʉ t
stuv	s t ʉː ʋ
stygg	s t ʏ ɡː
stykke	² s t ʏ kː ə
styrd	s t ʏː r
stå	s t oː
stålorm	² s t oː l ɔ r m
stærsk	s t æ ʃ k
støl	s t øː l
støre	² s t øː r ə
støren	¹ s t øː ɳ̩
støvel	s t ø v e l
støypa	² s t œ ʏː p a
suderøy	² s ʊː r œ ʏː
suderøyane	² s ʊː r œ ʏː a n ə
sugge	² s ʉ ɡː ə
sukka	² s ʉ kː ɑ
sukker	s u kː e r
sul	s ʉː l
sulu	² s ʉ l ʉ
sumar	² s ʊ m a r
sunnmøre	² s ʉ n m øː r ə
supe	s ʉ p eː
surblad	s ʉ r b l a
susl	s ʉ ɬ l
svalbard	² s v aː l b aː r
svalbardrein	² s v aː l b aː r r ɛ ɪː n
svale	² s ʋ ɑː l ə
svart	s v a r t
svein	s v ɛ ɪː d n
sveio	² s v ɛ ɪː u
sveip	s v ɛ ɪː p
sveiv	s v ɛ ɪː v
svelg	s v ɛ l ɡ
svelvik	² s v æ ɽ v iː k
svemn	s ʋ ɛ m n
sverd	s ʋ ɛ r d
sverdfisk	² s ʋ ɛ r d f ɪ s k
sverdvik	s v ɛ r v iː k
svere	² s v eː r ə
sverige	s v ɛ r j ə
sverike	¹ s v ɛː r ɪ k
sverre	² s v ɛ rː ə
svidud	² s v ɪː u
svik	s ʋ iː k
svika	s ʋ iː k a
svikar	s ʋ iː k a r
sviki	s ʋ iː k ɪ
svikt	s ʋ i k t
svikta	s ʋ i k t a
svin	s ʋ iː n
svineinfluensa	s ʋ iː n ə i n f l ʉ ə n s a
svini	s ʋ iː n ɪ
svintoks	² s v iː n t o k s
svinøy	² s v iː n œ ʏː
svivi	s ʋ iː ʋ ɪ
svolt	s ʋ ɔ l t
svolten	s v o l t ə n
svona	² s v oː n a
svor	s ʋ uː r
svorkmo	s ʋ o ʂ k m u
svær	ʂ ʋ æː r
svæva	² s v eː v a
svæve	² s ʋ eː ʋ ə
svømn	s ʋ œ m n
svørd	s ʋ øː r
syda	² s yː a
sykkel	s ʏ kː æ ɽ
sykkylven	² s ʏ kː ʏ l v ə n
syklus	s yː k l ʉ s
sykn	s ʏ k k ə n
sykna	s ʏ k n ɑ
sykne	² s ʏ k n ə
sylv	s ʏ l
symbal	s ʏ m b ɑː l
symbel	s ʏ m b l̩
symre	² s ʏ m r ə
synagoge	s ʏ n a ² ɡ uː ɡ ə
synda	s ʏ n d ɑ
syndre	² s ʏ n d r ə
synleg	² s yː n l ə
syrgja	² s ʏ r j ɑ
sysken	² s ʏ s k ɛ n
syster	s ʏ s t ə r
syte	² s yː t a
syvde	² s ʏ v d ə
syvdsfjorden	¹ s ʏ sː f j uː r ə n
så	s oː
såd	s oː d
sånn	s ɒ n
sækstå	² s æ k s t ɔ
særleg	s æː ɭ e
søgne	² s ø ŋ n ə
søkk	s œ kː
søkka	s œ k k ɑ
søkki	s œ k k ɪ
søknad	² s øː k n a
sølt	s øː l t
sølte	² s øː l t ə
sølv	s ø l
sømn	s œ m n
søppel	s œ pː ə l
søren	s œː ɳ
søring	s øː r i ŋ ɡ
sørover	s øː r ɔː ʋ ɛ r
sørum	² s øː r u m
søsken	² s ø s k ɛ n
søt	s øː t
søtleik	² s øː t l ɛ ɪː k
søvn	s ø v n
søyda	² s ø yː a
søye	² s œ ʏ̯ː ə
t	t
ta	t ɑː
tad	t aː
takksam	² t a kː s a m
takt	t ɑ k t
talje	² t ɑ l j ə
talskvinne	t aː l s k ʋ i n ə
talsmann	t aː l s m a n
talsperson	t aː l s p ɛ r s uː n
tange	² t a n ʝ ə
tangje	² t ɑ ŋ j ə
tank	t a n k
tanke	² t ɑ n ç ə
tann	t ɑ nː
tannkost	t a n k u s t
tanzania	t a n s a n i a
tapa	t ɑː p ɑ
tape	t æ ɪ̯ p
tapet	t ɑ p eː t
tare	² t aː r ə
targeir	² t a r j ə
taug	t æ ʉː
te	t eː
tebakers	t e b aː k e ʂ
tee	t iː
tegja	² t æ ɪ̯ ɑ
teia	² t ɛ ɪː a
teig	t ɛ ɪː ɡ
teikn	t æ ɪ̯ k n
tein	t ɛ ɪː n
teiste	² t ɛ ɪ s t ə
teki	² t eː ç ɪ
tekka	² t ɛ k k ɑ
tekkas	² t ɛ k k ɑ s
tekkast	² t ɛ k k ɑ s t
tekke	² t ɛ k k ə
tekkja	² t ɛ ç ç ɑ
tekkjar	² t ɛ ç ç ɑ r
tekkjas	² t ɛ ç ç ɑ s
tekkjast	² t ɛ ç ç ɑ s t
tekkje	² t ɛ ç ç ə
teks	t eː k s
tekst	t ɛ k s t
teksta	t ɛ k s t ɑ
tekste	² t ɛ k s t ə
tele	t æ l e
teleportere	t e l e p u r t eː r e
tempus	t ɛ m p ʉ s
tenar	² t eː n ɑ r
tenest	² t eː n ɛ s t
tenkja	² t ɛ ɲ ç ɑ
tenna	t ɛ nː ɑ
tenner	t ɛ n n ə r
terrin	² t æ r i ɲ
terrorangrep	t ɛ r u r a n ɡ r eː p
terroråtak	t ɛ r u r ɒː t aː k
tess	t ɛ sː
tesse	² t æ sː ə
tet	t eː t
ti	t iː
tid	t iː
tidend	² t iː n̩
tign	t ɪ ŋ n
til	t ɪ lː
tilbake	t ɪ l b ɑː k ə
tilbod	² t ɪ l b uː
tilfelle	t ɪ l f ɛ l ə
tilsetja	t ɪ l s ɛ ç a
tilsett	t ɪ l s ɛ t
tilsette	t ɪ l s ɛ t ə
timber	t ɪ m b ə r
time	² t iː m ə
timeglas	t iː m ə ɡ l aː s
ting	t ɪ ŋː
tispe	t i s p e
tistel	² t ɪ s t ə l
tiur	² t eː u r
tivar	² t iː v a r
tjald	ç a lː
tjau	ç æ ʉ̯
tjod	ç uː
tjov	ç uː ʋ
tjug	ç ʉː
tjukk	ç ʊ kː
tjukka	² ç ʊ k k ɑ
tjukke	² ç ʊ k k ə
tjukken	² ç ʊ k k ə n
tjukn	ç ʊ k n
tjuv	ç ʉː ʋ
tjærekors	ç æː r e k o ʂ
tjøinn	ç œ ɲː
to	t uː
toillj	t u ʎ
tokke	t ɔ kː ə
tokt	t ɔ k t
tolig	² t oː l ɪ
tolo	² t uː l u
tolv	t o l v
tom	t ʊ mː
tor	t uː r
torbera	t o r b ɛː r a
tord	t uː r
torde	² t uː ɽ ə
tordivel	t ʊ r d iː ʋ ɛ l
tore	² t oː r ə
torgeir	² t o r j ə
torlav	² t o lː aː v
torleiv	² t o lː ɛ ɪ̯ v
torre	² t o rː ə
torshamn	t uː r s a m n
torsnes	² t u s n ə s
torstein	² t o r s t ɛ ɪː n
torv	t ɔ r ʋ
tosk	t o s k
totak	² t u t a k
toten	t uː t ə n
totland	² t uː t l a n d
tott	t ɔ tː
tradisjon	t r a d i ʃ uː n
traktaten	t r a k t aː t n̩
tran	t r ɑː n
trana	t r ɑː n ɑ
trandeim	² t r a n d ɛ ɪ m
trandum	² t r a n d ʉ m
trane	² t r ɑː n ə
transkripsjon	t r a n s k r i p ʂ ùː n
tranøm	² t r aː n ø mː
trass	t r ɑ sː
trauma	t r æ ʉ̯ m ɑ
traume	² t r æ ʉ̯ m ə
traumet	² t r æ ʉ̯ m ə
tre	t r eː
treak	² t r eː ɑ k
trena	t r eː n ɑ
trenar	t r eː n aː r
trenga	² t r ɛ ŋ a
trengast	t r ɛ n ɡ a s t
trenger	t r ɛ ŋ ɛ r
treskald	² t r ɛ s k a l
treskja	² t r ɛ ʃ ʃ ɑ
treskje	² t r ɛ ʃ ʃ ə
trettan	² t r ɛ tː a
tretten	² t r e tː e n
trillebår	t r i l l e b oː r
trilling	t r i l i ŋ ɡ
trippa	² t r ɪ pː ɑ
trivast	t r iː v a s t
trog	t r oː ɡ
troll	t r o lː
trolldeig	² t r o lː d ɛ ɪː
trolldom	² t r ɔ l d ɔ m
trollheim	t r o lː h ɛ ɪː m
trollkjerring	t ɾ ɔ ʎː ç æ rː ɪ ŋ
trollkvinne	t r ɔ ʎː k ʋ i nː ə
trollmann	t r ɔ l m a n
trond	t r u n d
trondheim	² t r u n d h ɛ ɪ m
trondheimen	² t r u n d h ɛ ɪ m ə n
trondheimsfjorden	² t r u n d h ɛ ɪː m s f j uː r ə n
trost	t r ɔ s t
trufast	² t r ʉː f ɑ s t
trugande	² t r ʉː ɡ ɑ n d ə
tryggleik	² t r ʏ ɡː l ɛ ɪː k
trym	t r ʏ m
træna	¹ t r æː n a
trøndalog	² t r ø n d ɑ l ɔˑ ɡ
trøndelag	² t r ø n d ə l aː ɡ
trøndelog	² t r ø n d ə l ɔˑ ɡ
trønder	t r ø n d ə r
trøndsk	t r ø n s k
trøye	² t r œ ʏ ə
tsjetsjenar	t ʃ ə t ʃ eː n aː r
tsjetsjensk	t ʃ ə t ʃ eː n s k
tue	² t ʉː ə
tuft	t ʊ f t
tufte	² t ʊ f t ə
tuftekall	² t ʊ f t ə k a l
tuftekjerring	² t ʊ f t ə ç ɛ r ɪ ŋ
tuja	t ʉː j ɑ
tukthus	t u k t h ʉː s
tullball	t u ʎ b a ʎ
tung	t ʊ ŋː
tunge	² t ʊ ŋː ə
tungtvatn	t u n k t ʋ a t n
tungvatn	t u ŋ ɡ ʋ a t n
tunsberg	² t ʉː n s b ɛ r
turu	² t ʉː r ʉ
tusen	t ʉː s n̩
tusenfryd	t ʉː s ɛ n f r yː d
tv	t eː ʋ eː
tvege	² t ʋ eː ɡ ə
tvegi	² t ʋ eː ɡ ɪ
tvore	² t ʋ oː r ə
tyda	² t yː a
tydelegvis	t yː d ə l eː ɡ ʋ iː s
tyding	² t yː ɪ ŋ
tyet	t yː ə
tyggja	t ʏ jː ɑ
tykkja	² t ʏ c͡çː ɑ
tylft	t ʏ l f t
tyngdekraft	t y ŋ ɡ d ə k r a f t
tyrann	t y r a n
tyren	t yː r ə n
tytingtjuv	t ʏː t ɪ ŋ ç ʉː ʋ
tytling	t ø̞ t l ɪ ŋ
tåg	tʰ oː ɡ
tåre	² t oː r ə
tæger	t eː ɡ ə r
tønsberg	¹ t ø n s b æ r
tørsta	² t œ r s t ɑ
uansett	ʉ ɑ n s ɛ tː
ubehageleg	ʉː b ə h ɑː ɡ ə l ɛ ɡ
uddu	ʉ dː ʉ
udyr	² ʉː d yː r
ueinig	² ʉː ɛ ɪː n i
uer	ʉː r
ufisk	ʉ f ɪ s k
ufo	ʉː f u
ufoen	ʉː f u n
ugge	² u ɡː ə
ugle	² ʊ ɡ l ə
ulvestad	² ʉ l v ə s t aː
um	ʊ mː
undan	² u nː ɑ
under	ʉ n d ə r
undergrund	u ɲː e r ɡ r u ɲː
underhalding	² ʊ n d ə r h a l d ɪ ŋ
undersøkja	ʉ n d ɛ r s øː ç a
ung	ʊ ŋː
unge	² ʊ ŋ ŋ ə
ungje	² ʊ ŋ j ə
ungkar	u ŋ k aː r
unje	² ʊ ɲ j ə
unna	² u ɲː ɑ
unse	² ʉ n s ə
unsene	² ʉ n s n̩ ə
unser	² ʉ n s ə r
upp	ʊ pː
ur	ʉː r
urd	ʉː r
urokse	² ʉː r u k s ə
usa	ʉː s aː
usamd	ʉː s a m d
usemje	ʉː s ɛ m j ə
uskuldig	ʉː s k ʉ l d i ɡ
uskyldig	ʉː ʃ y l d i ɡ
ustand	u s t a ɲː
utanfrå	² ʉ tː a f r ɔː
utanom	² ʉː t ɑ n ʊ m
utbol	ʉː t b uː ɭ
utbrot	ʉː t b r ɔː t
utenkjeleg	ʉ t ɛ n ç ɛ l ɛ
utfor	² ʉ t f ɔ r
utfordra	ʉː t f ɔ r d r a
utfordrande	ʉː t f ɔ r d r a n ə
utfordrar	ʉː t f ɔ r d r a r
utfordring	ʉː t f ɔ r d r i ŋ ɡ
utforska	ʉː t f ɔ r s k a
utkikstønne	ʉ t ç i k s t œ nː e
utnytta	ʉː t n y t a
utru	ʉː t r ʉː
utsetja	ʉː t s ɛ ç a
utslett	ʉː t s l ɛ t
utsletta	ʉː t s l ɛ t a
uttaleordbok	² ʉː t t ɑː l ə uː r b uː k
utval	ʉː t ʋ aː l
utvandrar	ʉː t ʋ a n d r aː r
utvandring	ʉː t ʋ a n d r i ŋ ɡ
utvikla	ʉː t ʋ ɪ k l ɑ
utviklar	ʉː t ʋ i k l a r
utvikling	ʉː t ʋ i k l i ŋ ɡ
uunngåeleg	ʉ ʉ n ɡ ɒ ə l eː ɡ
uvagrotta	ʉː v a ɡ r ɔ tː a
uventa	ʉː v ɛ n t a
uvitskapeleg	ʉː ʋ iː t s k a p ə l eː ɡ
uvitskapleg	ʉː ʋ iː t s k a p l eː ɡ
vada	v a d a
vadmål	v a mː ɔː l
vadsø	² v a t s ø
vahaill	ʋ aː h a ʎː
vaken	² v aː k ə n
vakinn	v aː ɕ i ɲ
vakne	² v a k n ə
vaksen	² ʋ ɑ k s n̩
vakt	ʋ ɑ k t
vakte	² ʋ ɑ k t ə
val	v aː l
vald	v a l
valda	ʋ ɑ l d ɑ
valdres	ʋ a l d r ə s
valdtekt	ʋ a l t ɛ k t
valgrind	² v aː l ɡ r ɪ n
valhall	² v aː l a lː
valkamp	v aː l k a m p
valkyrja	² v aː l ç ʏ r j a
valkyrje	² v aː l ç ʏ r j ə
vandra	² ʋ ɑ n d r ɑ
vandre	² ʋ ɑ n d r ə
vanedyr	v aː n e ² d yː r
vangen	v a n ʝ ə n
vanlegvis	ʋ aː n l eː ɡ ʋ iː s
vann	ʋ ɐ nː
vanskeleg	² ʋ ɑ n s k l ɛ
vanta	² ʋ ɑ n t ɑ
vantru	ʋ a n t r ʉ
vanylven	² v a n ʏ l v i ɲ
var	ʋ ɑː
vara	ʋ ɑː r ɑ
varde	ʋ ɑ ɖː ə
vardø	² v a ɖː ø
vare	² ʋ ɑ r ɑ
varm	ʋ ɑ r m
varnt	ʋ ɑ ɳ t
varsam	² ʋ aː r s a m
varsel	ʋ ɑ ʂ ɛ l
vart	ʋ ɑ r t
vas	ʋ aː s
vaskebjørn	v a s k e b j øː r n
vassavkjølt	v a s a v ç øː l t
vassblemme	v a s b l e m m e
vassdrag	v a s d r aː ɡ
vassmelon	v a s m e l uː n
vatl	ʋ a ɬ l
vatn	v a t n
vavoldlia	v aː v o lː l iː a
ved	ʋ eː
vedda	v ɛ d a
veder	v ɛː r
vefsn	v ɛ f s n
vefsna	v ɛ f s n a
vega	² ʋ eː ɡ ɑ
vegan	ʋ e ɡ aː n
vegard	² v eː ɡ a r
vegen	ʋ æ ɪː ə n
vegetarianar	ʋ eː ɡ eː t aː r i aː n aː r
vegetasjon	ʋ eː ɡ eː t aː ʃ uː n
vegjerd	² v eː j ɛ r
veida	² v ɛ ɪː a
veidemann	² v ɛ ɪː d ə m a nː
veik	v ɛ ɪː k
vekeblad	² v eː k ə b l aː
vekkja	² ʋ ɛ çː ɑ
vekt	ʋ ɛ k t
velkomen	ʋ ɛ l k ɔː m ə n
velståande	ʋ ɛ l s t ɒː a n ə
velsvik	v ɛ l s v iː k
velsvika	v ɛ l s v iː c͡ç a
ven	ʋ eː n
venleg	v eː n l eː ɡ
venleik	² v eː n l ɛ ɪː k
vennesla	² v ɛ nː ə s l aː
vennleg	v ɛ n l eː ɡ
venstre	ʋ ɛ n s t r ə
vent	ʋ eː n t
venta	² ʋ ɛ n t ɑ
vera	² v ɛ r a
verd	ʋ æː r
verdal	² v æ r d aː l
verdalen	² v æ r d aː l ə n
verdande	² v ɛː r a n d ə
verg	v æ r j
verjemål	² v ɛ r j ə m ɔː l
verk	ʋ æ ʂ k
verka	² ʋ ɛ r k ɑ
verkeleg	² v ɛ r k l ɛ
vern	ʋ ɛ r n
verna	ʋ ɛ r n a
vernar	ʋ ɛ r n a r
verneplikt	ʋ ɛ r n ə p l i k t
verva	² ʋ æ r ʋ ɑ
verve	² ʋ æ r ʋ ə
vesle	² ʋ ɛ s l ə
veslehamar	² v ɛ s l ə h a m a r
vestmann	² v ɛ s t m a nː
vestover	ʋ ɛ s t ɔː ʋ ɛ r
vetta	² ʋ ɛ tː ɑ
vetter	ʋ ɛ tː r̩
vevja	² ʋ ɛ ʋ j ɑ
vi	ʋ iː
via	² ʋ iː ɑ
vidar	² v iː a r
vidkunn	v iː k ʊ n
vidøy	² v ɪː œ ʏː
vigg	ʋ ɪ ɡː
vigge	² ʋ ɪ ɡ ɡ ə
viggja	v i ɟː a
vika	² v ɪˑ k a
vikestad	² v i ç i s t a
viki	² ʋ iː k ɪ
viking	² v iː k ɪ ŋ
vikingstad	² v eː ç ɪ ŋ s t a
vikke	² ʋ ɪ k k ə
viku	² ʋ ɪˑ k ʉ
vil	ʋ ɪ l
vilhjelm	² v ɪ l j ɛ l m
vilje	² v ɪ lː j ə
vill	ʋ ɪ lː
vin	ʋ iː n
vindauga	² v ɪ n d œ ʊː a
vindauge	² ʋ ɪ n d æ ʉ ɡ ə
vinje	v e n j ə
vinland	² v iː n l a n
vis	ʋ iː s
visene	² ʋ iː s n̩ ə
visepresident	ʋ iː s ə p r ɛ s i d ɛ n t
visi	² ʋ iː s ɪ
visjon	ʋ i ʃ uː n
viskelêr	v i s k e l eː r
visne	² ʋ ɪ s n ɑ
visund	² v iː s ʊ n
vita	² ʋ ɪ t a
vite	² ʋ ɪ t ə
vitja	² v ɪ çː a
vitskap	ʋ ɪː t s k ɑː p
vitskapeleg	ʋ iː t s k a p ə l eː ɡ
vitskapleg	ʋ iː t s k a p l eː ɡ
vodve	² v oː v ə
voie	² v o ɪː ə
volda	¹ v o l d a
voll	v o d l
von	f ɔ nː
vor	ʋ oː r
vord	ʋ uː r
vordøy	² v oː r œ ʏ
vore	² ʋ oː r ə
vormstad	ʋ o r m s t a
voss	v o sː
vossamål	² v o sː a m ɔː l
vossavangen	² v o sː a v a n ʝ ə n
vott	v o tː
votten	v o t n̩
vov	ʋ uː ʋ
vrak	ʋ r ɑː k
vrangviljug	² r ɑ ŋ v ɪ l j ʉ
vrangøygd	r ɑ ŋ œ ʏ̯ ɡ d
vuku	² v ʉ kː ʉ
vyrka	² ʋ ʏ r k ɑ
vyrke	² ʋ ʏ r k ə
vå	ʋ oː
våg	ʋ oː ɡ
vågar	² v ɔː ɡ a r
våge	² v o ɪː ə
vågsbygd	¹ v ɔː k s b ʏ ɡ d
vågøy	² v ɔː ɡ œ ʏː
våk	ʋ oː k
vånnmål	v o ɲː m ɔː l
våpenkvile	ʋ ɒː p ɛ n k ʋ iː l ə
vår	ʋ oː r
våren	ʋ oː ɳ
vårteikn	v ɔː r t ɛ ɪ k n
vårå	² ʋ ɔ ɾ ɔ
våsud	² v ɔː s ʊ
våt	ʋ oː t
våtå	² ʋ ɔ t ɔ
væpna	ʋ æː p n a
væring	² v æː r ɪ ŋ
væte	² v eː t e
vêra	² ʋ eː r ɑ
vêre	² ʋ eː r ə
vêret	ʋ eː r ə
vêrfast	v eː r f a s t
vêrhane	² ʋ eː r h ɑː n ə
vêrljos	ʋ eː r j uː s
vòr	ʋ oː r
vørd	ʋ œː ɽ
wc	v ə s eː
wirkola	¹ v ɪ r k u l a
yggdrasel	² ʏ ɡː d r aː s ə l
yggdrasil	² ʏ d r a s iː l
ymis	² yː m ɪ s
ymist	² yː m ɪ s t
ymse	² ʏ m s ə
ynskeliste	² ʏ n s k ə l ɪ s t ə
ynskja	² ʏ n s ç ə
yoghurt	j o ɡ ʉ r t
yr	yː r
yrk	ʏ r k
yrke	² ʏ r k ə
yrkja	² ʏ r ç ɑ
zombie	s o m b i
å	oː
åbot	ôː b uː t
åbry	ôː b ɾ yː
ådne	² a uː d n ə
åfløy	ôː f l ø y
åg	oː ɡ
åk	oː k
åker	oː k ɛ r
åkerlapp	oː k ɛ r l ɑ pː
åleine	i l eː n
ålesund	² ɔː l ə s ʊ n
ålmuge	² oː l m ʉː ɡ ə
ålreit	ɔː l r ɛ ɪː t
ån	oː n
ånd	ɔ n d
åndeleg	² ɔ n d ə l ɛ
åne	oː n ə
ånkle	o ŋ k l e
åntle	o n t l e
åra	oː r ɑ
åre	² oː r ə
årevis	² oː r ə ʋ iː s
årgjeng	² ɔː r j ɛ ŋ
årleg	² oː ɭ e
årsak	ɔː ʂ aː k
åsen	oː s n
åsgard	² ɔː s ɡ aː r
åsgeir	² ɔ s j ɛ ɪ r
åsmund	² ɔː s m ʊ n
åsyn	oː s yː n
åt	oː t
åta	oː t ɑ
åte	² oː t ə
åtet	oː t ə
åtferd	² ɔː t f æː r
åtgaum	ɒː t ɡ ø ʉ m
åtvara	ɒː t ʋ aː r a
åverk	² oː ʋ æ r k
æ	æː
æge	² æː j ə
æra	² æː r ɑ
ære	² æː r ə
ærer	² æː r ə r
æresdrap	æː r ə s d r aː p
ærleg	æː r l e ɡ
æsj	æ ʂ
ætt	æ tː
æve	² eː v ə
òg	oː ɡ
øgderen	² œ ɡ d e r ə n
økonomisk	œ k ʊ n uː m ɪ s k
øksla	ø k s l a
øl	øː l
ør	øː r
øra	² øː r ɑ
øri	² øː r ɪ
ørkenrev	ø r k e n r eː v
ørn	œː ɳ
ørnøygd	² øː r n œ ʏ ɡ d
ørsta	¹ œ r s t a
øvre	² œ ʋ r ə
øvst	œ f s t
øya	œ ʏ̯ ɑ
øyar	² œ ʏ̯ ɑ r
øydar	ø y d aː r
øydelegging	² œ ʏ̯ ə l ɛ ɡː ɪ ŋ
øyeren	² œ ʏː e r ə n
øygd	œ ʏ̯ ɡ d
øyk	œ ʏː k
øyresus	œ ʏ r ə s ʉː s
