abevile	a b ə v i l ə
affrique	a f ɾ i k ə
alemaigne	a l ə m a ɲ ə
alveret	a l v ə ɾ eː θ
anglois	a n ɡ l o i̯ s
brandan	b ɾ a n d a n
cantorbire	k a n t u r b i r ə
charles	t͡ʃ a ɾ l ə s
charlon	t ʃ a r l o n
cornuaille	k o r n u a ʎ ə
engleis	e n ɡ l e i̯ s
escoce	e s k o t͡s ə
estiene	e s t i͡ɛ n ə
france	f ɾ a n s ə
galois	ɡ a l o i̯ s
giu	d͡ʒ i w
grezois	ɡ ɾ ə z o i̯ s
henri	h a n ɾ i
jehan	d ʒ ə ã n
jhesu	d ʒ ə z y
marion	m a ɾ i u n
ostriche	ɔ s t r i t͡ʃ ə
paris	p a ɾ i s
peitiers	p e i̯ t j eː ɾ s
pol	p ɔ l
sarragoce	s a r a ɡ u t͡s ə
abateiz	a b a t i s
able	a b l ə
abregier	a b ɾ ə d͡ʒ j eː ɾ
abscondre	a p s k u n d ɾ ə
acater	a k a t eː ɾ
achater	a t ʃ a t eː ɾ
acheter	a t͡ʃ ə t eː ɾ
acoil	a k ɔ ʎ
acoillir	a k u ʎ i r
aconter	a k u n t eː ɾ
acort	a k ɔ ɾ t
acroistre	a k ɾ e i̯ s t ɾ ə
acueil	a k u͡ɛ ʎ
agenoillier	a d͡ʒ ə n u ʎ eː ɾ
aguisier	a ɡ y i̯ z j eː ɾ
aide	a i̯ d ə
aidier	a i̯ d j eː ɾ
aignel	a ɲ ɛ l
aigre	a i̯ ɡ ɾ ə
ainz	a i̯ n t s
aiudha	a j u ð ə
aiue	a j y ə
alemant	a l ə m a n t
alez	a l æ t s
alkimie	a l k i m j ə
almosne	a l m ɔ s n ə
aloer	a l u eː r
als	a l s
amant	a m a n t
ambe	ã m b ə
amenable	a m ə n a b l ə
ancessor	a n t͡s ə s oː ɾ
ancestre	a n t͡s ɛ s t ɾ ə
anciien	a n t͡s i j e n
andeus	a n d e u̯ s
andous	a n d o u̯ s
andui	a n d y i̯
angoisse	a n ɡ o i̯ s ə
angoissier	a n ɡ o i̯ s j eː ɾ
aost	a u s t
apelet	a p ə l æ θ
aprandre	a p ɾ a n d ɾ ə
aprendre	a p ɾ ã n d ɾ ə
aprés	a p ɾ ɛ s
aquerre	a k w ɛ r ə
arere	a ɾ eː ɾ ə
arester	a r e s t eː ɾ
argent	a ɾ d͡ʒ e n t
armeure	a ɾ m ə y ɾ ə
armeüre	a ɾ m ə y ɾ ə
armour	a ɾ m u ɾ
armure	a ɾ m y ɾ ə
arçon	a ɾ s u n
asembler	a s a m b l eː ɾ
asez	a s eː t s
asne	a s n ə
asnerez	a z n ə ɾ e t͡s
asseoir	a s ə o i̯ ɾ
auques	a w k ə s
autre	a l t ɾ ə
autrement	a l t ɾ ə m e n t
aux	a u̯ s
avancement	a v a n s ə m a n t
avancier	a v a n t͡s j eː ɾ
avoir	a v e i̯ ɾ
bacheler	b a t͡ʃ ə l eː ɾ
barre	b a r ə
baud	b a l t
beau	b ɛ̯ a w
beaus	b e̯ a w s
bel	b ɛ l
bellezour	b ɛ l ə d͡z o u̯ r
berser	b e ɾ s eː ɾ
bevrage	b ɛ v r a d͡ʒ ə
bien	b i͡ɛ n
bientost	b j ɛ n t oː t
blanc	b l a n k
blunt	b l u n t
boche	b u t ʃ ə
boiel	b o i̯ j ɛ l
bois	b o i̯ s
boiste	b o i̯ s t ə
boivre	b e i̯ v ɾ ə
bon	b u n
bone	b u n ə
borgeis	b u ɾ d ʒ e i̯ s
boschage	b o s k a d͡ʒ ə
boteille	b u t e ʎ ə
boverece	b u v ə ɾ e t͡s ə
branche	b ɾ a n t͡ʃ ə
bronie	b ɾ u n j ə
bruiere	b ɾ y j eː ɾ ə
brun	b ɾ y n
buen	b u͡ɛ n
cadhuna	k a ð u n a
carpel	k a ɾ p ɛ l
casse	k a s ə
ceinture	t͡s e i̯ n t y ɾ ə
cel	t͡s ə l
cent	s ã n t
cerchier	t͡s ɛ ɾ k eː ɾ
cercle	s ɛ ɾ k l ə
cerise	t͡s ə ɾ i z ə
cervoise	s ɛ ɾ v o̯ ɛ z ə
chace	t ʃ a t s ə
chacie	k a t͡ʃ i ə
chacier	k a t͡ʃ j eː ɾ
chaloir	t͡ʃ a l o i̯ ɾ
champ	k a m p
change	t͡ʃ a n d͡ʒ ə
chanp	t ʃ a m p
chant	t ʃ a n t
chantant	t ʃ a n t a n t
chanter	t͡ʃ a n t eː ɾ
chançon	t ʃ a n t s u n
chapele	t͡ʃ a p ɛ l ə
char	t͡ʃ a ɾ
chasse	t ʃ a s ə
chastel	t͡ʃ a s t ɛ l
chat	k a t
chauce	k a l t ʃ ə
chaucier	t͡ʃ a u̯ t͡s j eː ɾ
chauderon	t͡ʃ a u̯ d ə ɾ u n
chaudiere	t͡ʃ a u̯ d j ɛ ɾ ə
chaudun	k a l d y n
chaufer	t͡ʃ a l f eː ɾ
chaut	k a l t
cheance	k a n ʃ ə
chemin	k ə m i n
cheminee	t͡ʃ ə m i n eː ə
cheoir	k a e i̯ ɾ
chesne	t͡ʃ ɛ s n ə
cheval	t͡ʃ ə v a l
chevalerez	t͡ʃ ə v a l ə ɾ e t͡s
chevaus	t ʃ ə v a u̯ s
chevel	t͡ʃ ə v e l
cheveu	t͡ʃ ə v e l
cheville	t͡ʃ ə v i ʎ ə
chevir	t͡ʃ ə v i ɾ
chevrerez	t͡ʃ ɛ v ɾ ə ɾ e t͡s
chief	t ʃ j eː f
chien	t ʃ j ɛ n
choe	t͡ʃ ɔ ə
choete	t͡ʃ ɔ ɛ t ə
chois	t͡ʃ o i̯ s
chose	t͡ʃ o z ə
ciel	t s i͡ɛ l
cinc	t͡s i n k
cinquante	s i n k a n t ə
cisel	t͡s i z ɛ l
citeien	t s i t e i̯ j e n
citet	t s i t eː θ
cive	t͡s i v ə
clef	k l ɛ f
cler	k l eː ɾ
cloie	k l e i̯ ð ə
coaillier	k u a ʎ i̯ eː ɾ
codoin	k u ð u i̯ ɲ
coille	k u ʎ ə
coillir	k u ʎ i r
coillu	k u ʎ y
coisier	k e j z j eː ɾ
col	k ɔ l
coleiz	k u l i s
comencement	k u m a n s ə m a n t
comencier	k u m a n t͡s j eː ɾ
compaignon	k u m p a ɲ u n
concevoir	k u n t͡s ə v o i̯ ɾ
conchiier	k o n k i eː ɾ
contre	k u n t ɾ ə
contree	k u n t ɾ eː ə
cope	k u p ə
cor	k ɔ ɾ
corage	k u ɾ a d͡ʒ ə
cors	k ɔ ɾ s
cort	k u ɾ t
corteis	k u ɾ t e i̯ s
cortine	k u ɾ t i n ə
cosdre	k u z d ɾ ə
cose	k ɔ z ə
coste	k ɔ s t ə
costet	k u s t eː θ
coup	k ɔ u̯ p
covrir	k u v ɾ i ɾ
credance	k ɾ ə ð a n t͡s ə
crestienté	k ɾ ɛ s t j ɛ n t eː
crier	k ɾ i eː ɾ
croire	k ɾ e i̯ ð ɾ ə
crois	k ɾ o i̯ s
croistre	k ɾ o i̯ s t ɾ ə
croste	k ɾ u s t ə
cue	k w ɛ
cuens	k u͡ɛ n s
cuer	k w ɛ ɾ
cueudre	k w e w d r ə
cuidier	k y i̯ d j eː ɾ
culchet	k u l t ʃ æ θ
damage	d a m a d ʒ ə
dame	d a m ə
damoisele	d a m o i̯ z ɛ l ə
dampner	d a m n eːː
dangier	d a n d ʒ j eː ɾ
date	d a t ə
deable	d e a b l ə
deboissier	d e b o j s j ɛ r
deffendre	d e f a n d ɾ ə
defors	d ə f ɔ ɾ s
demain	d ə m a i̯ n
dent	d a n t
descendre	d e s t͡s a n d ɾ ə
desçandre	d e s t͡s a n d r ə
dete	d e t ə
deus	d e u̯ s
devoir	d ə v e i̯ ɾ
diemenche	d i m a n ʃ ə
dis	d i s
don	d u n
donjon	d u n d͡ʒ u n
donkes	d u n k ə s
doze	d o d͡z ə
dreit	d ɾ e i̯ t
droit	d ɾ o i̯ t
duel	d u͡ɛ l
duit	d y i̯ t
dun	d u n
eage	a a d͡ʒ ə
ef	eː f
embaudir	a m b a u̯ d i ɾ
empereor	a m p ə ɾ e u̯ ɾ
emperer	a m p ə ɾ eː ɾ
empereriz	ẽ m p ə ɾ ə ɾ i t͡s
empire	a m p i ɾ ə
emprendre	a m p ɾ a n d ɾ ə
en	a n
encombrer	e n k u m b ɾ eː ɾ
encontrer	e n k u n t ɾ eː ɾ
endurer	e n d y ɾ eː ɾ
enemi	ã n ə m i
enfant	ã n f ã n t
enfes	a n f ə s
engignement	a n ʒ i ɲ ə m a n t
enoindre	e n u i̯ n d ɾ ə
ensemble	a n s a m b l ə
entendre	a n t a n d ɾ ə
envair	a n v a i ɾ
erbe	ɛ ɾ b ə
eschauder	e k a u̯ d e ɾ
escheoir	e s t͡ʃ ə o i̯ ɾ
esclipsement	e k l i p s ə m ã n t
escroe	e k r u ə
escuier	e s k y j eː ɾ
escurel	e h k y ɾ ɛ l
esfreer	e f ɾ e eː ɾ
esguarder	e s ɡ a ɾ d eː r
eskoltet	ɛ s k o l t ə θ
espee	e s p eː ð ə
espeluchier	e p ə l y k e ɾ
espoire	e s p o i̯ ɾ ə
espouser	e s p ɔ w z eː ɾ
estage	e s t a d ʒ ə
estanc	e s t a n k
estandart	e s t a n d a ɾ t
estat	e s t a t
esteindre	e s t e i̯ n d ɾ ə
ester	e s t eː ɾ
estoile	e s t e i̯ l ə
estre	ɛ s t ɾ ə
estroit	e s t ɾ o i̯ t
estudie	e s t y d j ə
et	e
eur	ə y ɾ
eé	ə eː
faire	f a i̯ ɾ ə
faisan	f a i̯ z a n
fals	f a l s
fame	f ã m ə
fantasie	f a n t a z j ə
faon	f a u n
façon	f a t͡s u n
fedeil	f ə ð e i̯ l
feme	f e m ə
feon	f a u n
feste	f ɛ s t ə
fichier	f i k j eː ɾ
fil	f i l
fille	f i ʎ ə
fillolage	f i ʎ ɔ l a d͡ʒ ə
filz	f i ʎ t͡s
fiz	f i t͡s
flanc	f l a n k
fleute	f l ə y t ə
flor	f l u ɾ
fluive	f l u i̯ v ə
foi	f e i̯
fol	f ɔ l
force	f ɔ ɾ s ə
forcier	f o ɾ t͡s j eː r
forest	f u ɾ ɛ s t
forgier	f ɔ ɾ d͡ʒ j eː ɾ
fors	f ɔ ɾ s
fort	f ɔ ɾ t
fouace	f u a t͡s ə
fraisne	f ɾ a i̯ z n ə
franc	f ɾ a n k
franceis	f ɾ a n t͡s e i̯ s
françois	f ɾ ã n s o e̯ s
frere	f ɾ eː ð ɾ ə
fromage	f o ɾ m a d͡ʒ ə
fruit	f ɾ y i̯ t
gaaing	ɡ a a i̯ ɲ
gaiant	d ʒ a i̯ a n t
gambe	ɡ a m b ə
ganbe	ɡ a m b ə
gelee	d͡ʒ ə l eː ð ə
gendre	d͡ʒ a n d r ə
genoil	d͡ʒ ə n u ʎ
gent	d͡ʒ ɛ̃ n t
gentil	d͡ʒ ɛ̃ n t i l
glace	ɡ l a s ə
golpil	ɡ u l p i l
golpille	ɡ u l p i ʎ ə
gote	ɡ u t ə
gris	ɡ ɾ i s
gros	ɡ r ɔ s
guarde	ɡ w a ɾ d ə
guerre	ɡ w ɛ r ə
hache	h a t͡ʃ ə
hachete	h a t͡ʃ e t ə
haine	h a i n ə
halt	h a l t
hardi	h a ɾ d i
harpe	h a ɾ p ə
haste	h a s t ə
haut	h a u̯ t
heriçun	e ɾ i t͡s u n
hoe	h u ə
hoel	h ɔ ɛ l
home	u m ə
honesté	ɔ n ɛ s t e
honte	h u n t ə
hoste	ɔ s t ə
hu	h y
ialz	j a l t͡s
iaue	j a w ə
imaginer	i m a d͡ʒ i n eː ɾ
ja	d ʒ a
jaiant	d ʒ a i̯ a n t
jaiole	d͡ʒ a j ɔ l ə
jalous	d͡ʒ a l u s
jambe	d͡ʒ ã m b ə
janvier	d͡ʒ a n v j eː ɾ
jaque	d͡ʒ a k ə
jaune	d͡ʒ a u̯ n ə
jazerant	d͡ʒ a d͡z ə ɾ a n t
jeun	d ʒ ə y n
jeuner	d͡ʒ ə y n eː ɾ
joe	d͡ʒ ɔ ð ə
joial	d͡ʒ o j a l
joie	d ʒ o i̯ ə
jor	d͡ʒ u ɾ
jornee	d͡ʒ u ɾ n eː ə
juene	d͡ʒ w e n ə
juignet	d ʒ y i̯ ɲ ɛ t
juiu	d͡ʒ y i w
jument	d͡ʒ y m a n t
jus	d͡ʒ y s
jusque	d͡ʒ y s kʷ ə
ladre	l a d ɾ ə
lait	l a j t
landie	l a n d i ə
language	l a n ɡ a d͡ʒ ə
langue	l a n ɡ ə
le	l ə
legier	l e d͡ʒ j eː ɾ
leu	l ɛ w
leveiz	l ɛ v i s
leveret	l ɛ vᵊ r ɛ t
leçon	l ə t͡s u n
li	l i
lievre	l i ɛ̯ v ɾ ə
lire	l i ɾ ə
lit	l i t
loial	l o i̯ j a l
loing	l u i̯ ɲ
long	l u n k
luisoire	l y i̯ z o i̯ ɾ ə
lune	l u n ə
magne	m a ɲ ə
maisel	m a i̯ z ɛ l
malvais	m a l v a i̯ s
manere	m a n eː ɾ ə
mangier	m a n d͡ʒ j eː ɾ
mareschal	m a r e s k a l
masle	m a s l ə
maçon	m a t͡s u n
maçue	m a t͡s y ə
meillor	m e ʎ u ɾ
menton	m e n t u n
merci	m ɛ ɾ s i
mesprendre	m e p ɾ a n d ɾ ə
message	m ɛ s a d͡ʒ ə
messagier	m ɛ s a d͡ʒ i̯ e ɾ
metre	m e t ɾ ə
mialz	m j a l t͡s
mier	m j ɛ ɾ
mieudre	m i͡ɛ u̯ d ɾ ə
mieudres	m i͡ɛ u̯ d ɾ ə s
moe	m u ə
mon	m u n
monde	m u n d ə
monoie	m o n e i̯ ð ə
montaigne	m u n t a ɲ ə
morir	m u ɾ i ɾ
morsel	m u ɾ s ɛ l
mort	m ɔ ɾ t
movoir	m u v o i̯ ɾ
muder	m y d e r
mumie	m u m j ə
musique	m y z i k ə
nacele	n a t͡s ɛ l ə
nacion	n a t͡s j ũ n
naistre	n a i̯ s t ɾ ə
nes	n e s
net	n e t
neu	n e w
neveu	n ə v ɛ w
nevod	n ə v oː θ
niece	n j ɛ t s ə
noir	n e i̯ ɾ
noise	n o i̯ z ə
noit	n o i t
nonante	n o n a n t ə
nos	n o s
nostre	n ɔ s t ɾ ə
nous	n u s
novel	n u v ɛ l
novele	n u v ɛ l ə
noz	n ɔ t͡s
nuef	n u̯ ɛ f
nuit	n y i̯ t
nuitre	n y i̯ t ɾ ə
oblier	u b l i eː ɾ
ocire	ɔ s i ɾ ə
oignon	u ɲ u n
oil	u i l
oile	ɔ i̯ l ə
oir	u i ɾ
oisel	o j z ɛ l
oltrage	u l t ɾ a d͡ʒ ə
oltre	u l t ɾ ə
om	u m
onze	ɔ̃ n d͡z ə
or	ɔ ɾ
orfelin	u ɾ f ə l i n
orine	ɔ ɾ i n ə
ort	ɔ r t
os	ɔ s
oste	ɔ s t ə
ou	u
outrecuidier	o u̯ t ɾ ə k y i̯ d j eː ɾ
ovrier	u v ɾ i eː ɾ
ovrir	u v ɾ i ɾ
page	p a d ʒ ə
paillerez	p a ʎ ə ɾ e t͡s
pais	p a i s
paisan	p a i z ã n
pale	p a l ə
palefreid	p a l ə f r e j t
parcelle	p a ɾ s ɛ l ə
paroisse	p a ɾ o i̯ s ə
paroistre	p a ɾ e i̯ s t ɾ ə
pas	p a s
paume	p a u̯ m ə
paveillon	p a v e ʎ u n
peluchier	* p ə l y k e ɾ
pendre	p a n d ɾ ə
pensee	p a n s eː ə
peon	p a u n
peoros	p ə u r oː s
pescherez	̩ p ɛ s t͡ʃ ə ɾ e t͡s
pie	p i ə
piz	p i t s
pié	p i͡ɛ
place	p l a s ə
plaisir	p l a i̯ z i ɾ
plein	p l e i̯ n
ploieiz	p l e j ə ð i t s
plor	p l oː ɾ
plovoir	p l u v e i̯ ɾ
poblo	p ɔ b l ə
poe	p u ə
poing	p u i̯ ɲ
poitrine	p e i̯ t ɾ i n ə
poke	p ɔ k ə
pondre	p u n d ɾ ə
pooir	p u e i̯ ɾ
por	p u ɾ
porc	p ɔ ɾ k
porcherece	p u ɾ t͡ʃ ə ɾ e t͡s ə
porcherez	p u ɾ t͡ʃ ə ɾ e t͡s
porsuir	p u ɾ s y i̯ ɾ
port	p ɔ ɾ t
porte	p ɔ ɾ t ə
povre	p ɔ v ɾ ə
premier	p r ə m i͜ɛ ɾ
prendre	p ɾ a n d ɾ ə
prince	p ɾ i n s ə
procés	p ɾ u t͡s ɛ s
pueple	p u͡ɛ p l ə
puissant	p y i̯ s ã n t
puor	p w ɔ r
quaier	k a i̯ eː ɾ
quar	k a ɾ
quarante	k a ɾ a n t ə
quasser	k a s eː ɾ
quatorze	k a t ɔ ɾ d͡z ə
quatre	k a t ɾ ə
que	k ə
querre	k w ɛ r ə
qui	k i
rage	r a d ʒ ə
raisin	r a i̯ z i n
reaume	r e i̯ j a u̯ m ə
regal	r e ɡ a l
regiun	r e d ʒ j u n
reguarder	r ə ɡ a ɾ d eː ɾ
renoille	r ə n u ʎ ə
reont	r u n t
reorte	r ə ð ɔ ɾ t ə
restriction	r ɛ s t ɾ i k t͡s j u n
riant	r i a n t
rien	r i͡ɛ n
rire	r i ð ɾ ə
roche	r ɔ k ə
rochelle	r u t ʃ ɛ l ə
roge	r u d ʒ ə
roi	r e i̯
roial	r e i̯ j eː l
romanz	r u m a n t͡s
rompre	r u m p ɾ ə
royne	r o i̯ i n ə
sade	s a d ə
sanc	s ã n k
saucice	s a l s i t s ə
sauscistre	s a u̯ s i s t ɾ ə
sause	s a l s ə
sauvement	s a l v ə m e n t
sauver	s a u̯ v eː ɾ
sauz	s a l t s
secherece	̩ s ɛ t͡ʃ ə ɾ e t͡s ə
second	s ə k u n t
seignor	s e ɲ oː ɾ
seisante	s e i̯ s a n t ə
senefiance	s e n ə f i a n t͡s ə
senestre	s ə n ɛ s t ɾ ə
senz	s ã n s
seoir	s ə o i̯ ɾ
serjant	s a ɾ d͡ʒ a n t
seror	s ə ɾ oː ɾ
serpent	s e r p ã n t
set	s ɛ t
setante	s ɛ t a n t ə
sire	s i ɾ ə
sis	s i s
sol	s o u̯ l
soleil	s u l e ʎ
soleuz	s u l ɛ w t͡s
son	s u n
sospeçon	s u p ə s u n
soz	s u s
suer	s w ɛ ɾ
sui	s y i̯
survivre	s y ɾ v i v ɾ ə
sus	s y s
tailleiz	t a ʎ i s
tan	t ã n
tant	t ã n t
tasche	t a s k ə
terre	t ɛ r ə
tesme	t ɛ m ə
tiule	t i u̯ l ə
toaille	t u a ʎ ə
toile	t o i̯ l ə
toit	t o i̯ t
ton	t u n
tor	t u ɾ
torche	t ɔ ɾ d͡ʒ ə
torneiz	t u ɾ n i s
tost	t oː t
trace	t ɾ a t͡s ə
travailler	t ɾ a v a ʎ eː ɾ
trebuchet	t ɾ ə b y t ʃ ɛ t
trembler	t ɾ a m b l e ɾ
trente	t ɾ a n t ə
trois	t ɾ o i̯ s
tuer	t y eː ɾ
ueil	u͡ɛ ʎ
ueve	u e̯ v ə
uevre	u͡ɛ v ɾ ə
uit	u i̯ t
uitante	u i̯ t a n t ə
un	y n
une	y n ə
vacherece	v a t͡ʃ ə ɾ e t͡s ə
vacherez	v a t͡ʃ ə ɾ e t͡s
veel	v ə ð ɛ l
veille	v i ʎ ə
vendenge	v a n d a n d͡ʒ ə
vendre	v a n d ɾ ə
vent	v a n t
veoir	v ə e i̯ ɾ
vert	v e r t
verté	v e ɾ t eː
vessie	v ə s i ə
vestement	v e s t ə m e n t
veu	v ə y
victorie	v i k t ɔ ɾ j ə
viel	v i͡ɛ ʎ
vile	v i l ə
vin	v i n
vint	v i n t
visné	v i s n ɛ
vit	v i t
vivre	v i v ɾ ə
voiage	v o i̯ a d͡ʒ ə
vois	v o i̯ s
voisin	v e i̯ z i n
voiz	v o i̯ t͡s
voloir	v u l e i̯ ɾ
vos	v u s
vostre	v ɔ s t ɾ ə
vous	v u s
wecle	w ɛ k l ə
wivre	w i v r ə
ymne	i m n ə
çucre	t͡s y k ɾ ə
