abad	a b a d
abadi	a b a d i
abadikan	a b a d i k a n
abadiyyat	a b a d i j a t
abah	a b a h
abaka	a b a k a
abakus	a b a k u s
abal	a b a l
abalone	a b a l o n e
abar	a b a r
abdb	e b i d i b i
abdikasi	a b d i k a s i
abduktor	a b d u k t o r
abet	a b ə t
abid	a b i t
abiogenesis	a b i o ɡ e n ə s i s
abomasum	a b o m a s u m
abrak	a b r a k
absah	a b s a h
absen	a b s ə n
absisa	a b s i s a
absolusi	a b s o l u s i
absorptif	a b s o r p t i f
abstrak	a b s t r a k
abuh	a b u h
abuk	a b o k
abur	a b u r
abus	a b u s
abuya	a b u j a
acak	a t͡ʃ a k
acan	a t͡ʃ a n
acane	a t͡ʃ a n ə
acanoi	a t͡ʃ a n o j
acapi	a t͡ʃ a p i
acar	a t͡ʃ a r
acara	a t͡ʃ a r a
aceh	a t͡ʃ e h
acik	a t͡ʃ i k
acop	ɑ t͡ʃ o p
acuan	a t͡ʃ u a n
ada	a d a
adab	a d a b
adakah	a d a k a h
adaptasi	a d a p t a s i
adat	a d a t
adawat	ʕ a d a w a t
adegan	a d e ɡ a n
adelfogami	a d e l f o ɡ a m i
adi	a d i
adik	a d e k
adikuasa	a d i k u a s a
adil	a d e l
adinda	a d i n d a
ading	a d e ŋ
adiwira	a d i w i r a
adoi	a d o j
adu	a d u
aduh	a d o h
aduktor	a d u k t o r
aerodinamik	e r o d a j n a m i k
aerologi	e r o l o ɡ i
afrika	a f r i k a
afrikaans	a f r i k a n s
agak	a ɡ a k
agaknya	a ɡ a k ɲ a
agama	a ɡ a m a
agar	a ɡ a
agas	a ɡ a s
agensi	a ɡ e n s i
agresif	a ɡ r e s i f
agung	a ɡ o ŋ
ah	a h
ahad	a h a t
ahli	a h l i
ahmak	a h m a ʔ
aikido	a i k i d o
ain	a e n
ainu	a i̯ n u
air	a e
ais	a e s
ajaib	a d͡ʒ a e b
ajaibkhanah	a d͡ʒ a i b x a n a h
ajak	a d͡ʒ a ʔ
ajal	a d͡ʒ a l
aje	a d͡ʒ ə
akak	a k a ʔ
akan	a k a n
akang	a k a ŋ
akar	a k a
akaun	a k a u n
akhbar	a x b a ɾ
akhdar	a x d a
akhir	a x i r
akhlak	a h l a k
aki	a k i
akibat	a k i b a t
aklan	a k l a n
akromion	a k r o m i o n
aksi	a k s i
akta	a k t a
aktinium	a k t i n i o m
aktivitet	a k t i v i t e t
aktiviti	a k t i v i t i
aku	a k u
alam	a l a m
alamak	a l a m a k
alamat	a l a m a t
alang	a l a ŋ
alap	a l a p
alas	a l a s
alasan	a l a s a n
alatan	a l a t a n
albania	a l b e n i a
algoritma	a l ɡ o r i t m a
alih	a l e h
alir	a l e
alkohol	a l k o h o l
allah	a l l a h
alpa	a l p a
alu	a l u
aluminium	a l u m i n i o m
alur	a l o
amacam	a m a t͡ʃ a m
amah	a m a h
aman	a m a n
amang	a m a ŋ
amaran	a m a r a n
amat	a m a t
amatur	a m a t o
ambah	a m b a h
ambai	a m b a j
ambang	a m b a ŋ
ambat	a m b a t
amben	a m b e n
ambil	a m b e k
ambin	a m b i n
amenda	a m ə n d a
amende	a m ə n d ə
amerika	a m e r i k a
amerisium	a m e r i s i o m
amoi	a m o j
ampu	a m p u
ampun	a m p u n
amput	a m p u t
amuk	a m o k
ana	a n a
anak	a n a k
analisa	a n a l i s a
anda	a n d a
andak	a n d a ʔ
andal	a n d a l
andam	a n d a m
andartu	a n d a r t u
andau	ɑ n d ɑ w
aneh	a n e h
angan	a ŋ a n
anggap	a ŋ ɡ a p
angguk	a ŋ ɡ u k
anggur	a ŋ ɡ o
angin	a ŋ e n
angka	a ŋ k a
angkasa	a ŋ k a s a
angkasawan	a ŋ k a s a w a n
angkat	a ŋ k a t
angkup	a ŋ k u p
angkut	a ŋ k o t
angpau	a ŋ p a w
angsa	a ŋ s a
angsana	a ŋ s a n a
aniaya	a n i a j a
animasi	a n i m a s i
anjung	a n d͡ʒ o ŋ
anoa	a n o a
antah	a n t a h
antan	a n t a n
antara	a n t a r a
antarabangsa	a n t a r a b a ŋ s a
antartika	a n t a r t i k a
antelop	a n t ə l o p
anteng	a n t ə ŋ
antuk	a n t o k
anu	a n u
anugerah	a n u ɡ ə r a h
anut	a n u t
anyam	a ɲ a m
apa	a p a
apabila	a p a b i l a
apasal	a p a s a l
ape	a p ə
apertur	a p ə r t u r
apesal	a p ə s a l
api	a p i
apit	a p i t
apitoksin	a p i t o k s i n
aplikasi	a p l i k a s i
apm	e j p i e m
apmm	e p i e m e m
apung	a p u ŋ
aq	a k j uː
ar	a
ara	a r a
arab	a r a b
arah	a r a h
arak	a r a k
aral	a r a l
arang	a r a ŋ
arau	a r a u̯
arbaa	a b a ʔ ə
arca	a r t͡ʃ a
ardi	a d i
ardvark	a r t v a k
aren	a r ɛ n
argon	a r ɡ ɔ n
argus	a r ɡ u s
ari	a r i
arked	a r k e d
arkib	a k e b
arkus	a r k u s
armada	a m a d a
armadillo	a m a d i l o
armenia	a r m e n i a
arnab	a n a b
arsenik	a r s ə n i k
arus	a r o s
asa	a s a
asah	a s a h
asap	a s a p
asfalt	a s f a t
asid	a s i d
asin	a s i n
asing	a s e ŋ
asli	a s l i
asrama	a s r a m a
asta	a s t a
astakona	a s t a k o n a
astatin	a s t a t e n
astrofizik	a s t r o f i z i k
astu	a s t u
asuh	a s u h
asuransi	a s u r a n s i
asyura	a ʃ u r a
atap	a t a p
atas	a t a h
atm	e t i e m
atmosfera	a t m o s f e r a
atok	a t o k
atom	a t o m
atuk	a t o k
atur	a t o
auditorium	a w d i t o r i u m
aur	a u r
australia	a u s t r a l i a
auta	a u̯ t a
autistik	a u t i s t i k
autokrasi	a u t o k r a s i
autokrat	a u t o k r a t
autokratik	a w t o k r a t i k
automatik	a w t o m a t i k
automaton	a w t o m a t o n
awak	a w a k
awal	a w a l
awam	a w a m
awan	a w a n
awang	a w a ŋ
awas	a w a s
awda	a w d a
awek	a w e k
awet	a w e t
awning	a w n i ŋ
aya	a j a
ayah	a j a h
ayahanda	a j a h a n d a
ayam	a j a m
ayan	a j a n
ayat	a j a t
ayaw	ɑ j ɑ w
ayon	ɑ j o n
ayu	a j u
ayuk	a j o k
ayun	a j o n
ayut	a j o t
azam	a d͡ʒ a m
azerbaijan	a z ə b a i̯ d͡ʒ a n
bab	b a p
baba	b a b a
babad	b a b a d
babak	b a b a ʔ
babi	b a b i
babun	b a b u n
babut	b a b u t
baca	b a t͡ʃ a
bacaan	b a t͡ʃ a a n
bacang	b a t͡ʃ a ŋ
bachok	b a t͡ʃ h o k
badak	b a d a k
badam	b a d a m
badan	b a d a n
badminton	b ɛ t m i n t ə n
badut	b a d o t
bagai	b a ɡ a j
bagaikan	b a ɡ a j k a n
bagaimana	b a ɡ a i m a n a
bagan	b a ɡ a n
bagasi	b a ɡ a s i
baghal	b a ɡ a l
bagi	b a ɡ i
baginda	b a ɡ i n d a
bagitahu	b a ɡ i t a h u
bagitau	b a ɡ i t a w
bagus	b a ɡ o s
baguskan	b a ɡ o s k a n
bah	b a h
bahagi	b a h a ɡ i
bahagia	b a h a ɡ i a
bahagiakan	b a h a ɡ i a k a n
bahagian	b a h a ɡ i a n
bahal	b a h a l
baharui	b a h a r u i
bahas	b a h a s
bahaskan	b a h a s k a n
bahawa	b a h a w a
bahaya	b a h a j a
bahlul	b a h l o l
bahtera	b a h t ə r a
bahu	b a h u
baiduri	b a j d u r i
baik	b a e k
bait	b a e t
baitulmuqaddis	b a j t u l m u q a d i s
baja	b a d͡ʒ a
bajak	b a d͡ʒ a k
bajet	b a d͡ʒ e t
bajing	b a d͡ʒ e ŋ
baju	b a d͡ʒ u
baka	b a k a
bakal	b a k a l
bakat	b a k a t
bakau	b a k a u̯
bakti	b a k t i
baku	b a k u
bakul	b a k o l
bakung	b a k o ŋ
bala	b a l a
balad	b a l a d
balah	b a l a h
balai	b a l a j
balam	b a l a m
balar	b a l a r
balas	b a l a s
balasan	b a l a s a n
baldi	b a l d i
baldu	b a l d u
balek	b ä l e̞ ʔ
bali	b a l i
baligh	b a l i ɣ
balik	b a l e k
baling	b a l e ŋ
balingkawat	b a l i ŋ k a w a t
balu	b a l u
balung	b a l o ŋ
bambu	b a m b u
banal	b a n a l
banar	b a n a r
banci	b a n t͡ʃ i
bandar	b a n d a
bandung	b a n d o ŋ
bang	b a ŋ
bangang	b ä ŋ ä ŋ
bangau	b a ŋ a w
bangkai	b a ŋ k a j
bangku	b a ŋ k u
bangsa	b a ŋ s a
bangsat	b a ŋ s a t
bangun	b a ŋ o n
bangunan	b a ŋ u n a n
banjar	b a n d͡ʒ a
banji	b a n d͡ʒ i
banjir	b a n d͡ʒ e
bank	b a ŋ k
bankrap	b a ŋ k r a p
bantal	b a n t a l
banting	b a n t e ŋ
banyak	b a ɲ a k
baot	b a o t
bapai	b a p a i̯
bapak	b a p a k
bapanda	b a p a n d a
bapang	b a p a ŋ
bapuk	b a p u k
bara	b a r a
barah	b a r a h
barang	b a r a ŋ
barangkali	b a r a ŋ k a l i
barat	b a r a t
barek	b ɑ ɣ e ʔ
baring	b a r e ŋ
baris	b a r e s
barisan	b a r i s a n
barotrauma	b a r o t r a w m a
baru	b a r u
bas	b a s
basah	b a s a h
basahan	b a s a h a n
basi	b a s i
basikal	b a s i k a l
basketbol	b a s k e t b o l
batal	b a t a l
batang	b a t a ŋ
batas	b a t a s
batasan	b a t a s a n
bateri	b a t ə r i
batik	b a t e k
batu	b a t u
batuan	b a t u a n
batuk	b a t u k
bau	b a u
baucar	b a u t͡ʃ a r
baung	b a o ŋ
bausastera	b a u s a s t ə r a
bawa	b a w a
bawah	b a w a h
bawak	b a w a k
bawal	b a w a l
bawang	b a w a ŋ
bawar	b a w a r
bawat	b a w a t
bayam	b a j a m
bayan	b a j a n
bayar	b a j a r
bayu	b a j u
bayur	b a j u r
bazir	b ä z ɪ r
bbnu	b i b i e n j u
bebal	b ə b a l
bebanjau	b ə b ɑ n d͡ʒ a w
bebas	b e b a s
bebat	b ə b a t
bebek	b e b e k
bebenang	b ə b ə n a ŋ
beberapa	b ə b ə r a p a
bebiri	b ə b i r i
beborot	b ə b o r o t
beca	b e t͡ʃ a
becat	b ə t͡ʃ a t
beciyau	b ə t͡ʃ i j ɑ w
beda	b e d a
bedebah	b ə d ə b a h
begej	b ɛ ɡ ɛ d͡ʒ
begini	b ə ɡ i n i
begitu	b ə ɡ i t u
bekalan	b ə k a l a n
bekemayau	b ə k ə m a j a w
bekerja	b ə k ə r d͡ʒ a
belacan	b ə l a t͡ʃ a n
beladau	b ə l a d a u̯
belah	b ə l a h
belajar	b ə l a d͡ʒ a
belakang	b ə l a k a ŋ
belanak	b ə l a n a k̚
belanda	b ə l a n d a
belang	b ə l a ŋ
belanga	b ə l a ŋ a
belangkas	b ə l a ŋ k a s
belanja	b ə l a n d͡ʒ a
belas	b ə l a s
belatuk	b ə l a t o k
belebas	b ə l ə b a s
belek	b e l e k
beleng	b e l e ŋ
belera	b ə l ɛ r a
belerang	b ə l e r a ŋ
belgium	b e l d͡ʒ i u m
beli	b ə l i
belian	b ə l i a n
beliau	b ə l i a u̯
belisah	b ə l i s a h
belitung	b ə l i t o ŋ
beliung	b ə l i u ŋ
belok	b e l o k
belukar	b ə l u k a
belum	b ə l o m
beluncas	b ə l u n t͡ʃ a s
belut	b ə l o t
bemban	b ə m b a n
benak	b ə n a k
benar	b ə n a
benarkan	b ə n a k a n
bencana	b ə n t͡ʃ a n a
benda	b ə n d a
bendahara	b ə n d a h a r a
bendang	b ə n d a ŋ
bendera	b ə n d e r a
bendung	b ə n d u ŋ
bengap	b ə ŋ a p
bengawan	b ə ŋ a w a n
benggala	b ə ŋ ɡ a l a
bengik	b ə ŋ i ʔ
bengkarung	b ə ŋ k a r o ŋ
bengkok	b e ŋ k o k
bengkong	b ə ŋ k o ŋ
bengkuang	b ə ŋ k u a ŋ
benih	b ə n e h
bentala	b ə n t a l a
bentang	b ə n t a ŋ
bentangan	b ə n t a ŋ a n
benteng	b e n t e ŋ
bentong	b ə n t o ŋ
bentuk	b ə n t o k
benturung	b ə n t u r o ŋ
benua	b ə n u a
benuang	b ə n u a ŋ
bepang	b e p a ŋ
bera	b ə r a
berabarkan	b ə r a b a r k a n
berada	b ə r a d a
beradik	b ə r a d e k
beradu	b ə r a d u
berahim	b ə r a h e m
berak	b e r a k
berakhlak	b ə r a h l a k
berani	b ə r a n i
berapa	b ə r a p a
beras	b ə r a s
beraso	b ə r a s o
berat	b ə r a t
berau	b ə r a u̯
berbahaya	b ə b a h a j ə
berbaloi	b ə r b a l o j
berbantal	b ə r b a n t a l
berbasikal	b ə b a s i k a l
berbateri	b ə b a t ə r i
berbau	b ə b a w
berbeza	b ə r b ɛ z a
berbincang	b ə b i n t͡ʃ a ŋ
berbiola	b ə r b i o l a
berbuat	b ə r b u a t
berbulu	b ə b u l u
bercakap	b ə r t͡ʃ a k a p
bercat	b ə r t͡ʃ a t
bercinta	b ə r t͡ʃ i n t a
bercukur	b ə r t͡ʃ u k u r
berdasar	b ə d a s a
berdebu	b ə r d ə b u
berdikari	b ə d i k a r i
berdiskriminasi	b ə d i s k r i m i n a s i
berdua	b ə r d u ə
berdudukan	b ə d u d o k a n
beregek	b ə r e ɡ e k
berek	b e r e k
berekreasi	b ə r e k r e a s i
beremosi	b ə r e m o s i
berenang	b ə r ə n a ŋ
berendam	b ə r ə n d a m
beresok	b ə r e s o ʔ
bergantung	b ə r ɡ a n t u ŋ
bergarah	b ə r ɡ a r a h
bergas	b ə r ɡ a s
bergedel	b ə r ɡ ə d e l
bergeming	b ə r ɡ ə m e ŋ
berhad	b ə h a d
berhak	b ə r h a k
berhala	b ə r h a l a
berhalusinasi	b ə h a l u s i n a s i
berhulu	b ə h u l u
beri	b e r i
beriani	b ə r i a n i
berikutnya	b ə r i k o t ɲ ə
berilium	b ɛ r i l i o m
berisi	b ə r i s i
berita	b ə r i t a
beritahu	b ə r i t a h u
berjawab	b ə d͡ʒ a w a b
berjawatankuasa	b ə d͡ʒ a w a t a n k u a s ə
berjaya	b ə r d͡ʒ a j a
berjuang	b ə r d͡ʒ u a ŋ
berkas	b ə r k a s
berkata	b ə k a t ə
berkedut	b ə k ə d o t
berkemungkinan	b ə k ə m u ŋ k e n a n
berkualiti	b ə k u a l i t i
berkubang	b ə k u b a ŋ
berkuda	b ə k u d a
berkurang	b ə r k u r a ŋ
berkusyen	b ə r k u ʃ ə n
berlabuh	b ə l a b o h
berlaku	b ə r l a k u
berlebih	b ə r l ə b e h
berlosen	b ə l o s e n
berma	b ə m ə
bermimpi	b ə m i m p i
bermoreh	b ə r m o r e h
bernafas	b ə n a f a s
berpaling	b ə p a l e ŋ
berparti	b ə p a r t i
berpencen	b ə r p e n t͡ʃ e n
berpenduduk	b ə p ə n d u d o k
berperisai	b ə p ə r i s a j
berpoligami	b ə r p o l i ɡ a m i
berpuluh	b ə p u l o h
berpunya	b ə p u ɲ ə
bersaji	b ə r s a d͡ʒ i
bersama	b ə r s a m a
bersarang	b ə r s a r a ŋ
bersatu	b ə r s a t u
berseba	b ə r s ɛ b a
bersekedudukan	b ə r s ə k ə d u d o k a n
bersekutu	b ə r s ə k u t u
berselancar	b ə r s ə l a n t͡ʃ a
berselimut	b ə r s ə l i m o t
bersembah	b ə r s ə m b a h
bersembahkan	b ə r s ə m b a h k a n
bersesal	b ə r s ə s a l
bersesalan	b ə r s ə s a l a n
bersih	b ə r s e h
bersin	b ə r s e n
bersungguh	b ə r s u ŋ ɡ u h
bersurat	b ə r s u r a t
bertahana	b ə r t a h a n a
bertambah	b ə r t a m b a h
bertambun	b ə r t a m b u n
bertanya	b ə r t a ɲ a
bertas	b ə r t a s
bertempat	b ə r t ə m p a t
bertih	b ə r t i h
bertimpuh	b ə r t i m p o h
bertransformasi	b ə r t r a n s f o r m a s i
bertuah	b ə r t u a h
beruang	b ə r u a ŋ
berudu	b ə r u d u
beruk	b ə r u k
berunai	b ə r u n a j
besar	b ə s a r
besau	b ə s a w
besok	b e s o k
betara	b ə t a r a
betari	b ə t a r i
betina	b ə t i n ə
betis	b ə t e s
betlehem	b e t l e h e m
betul	b ə t o l
betung	b ə t u ŋ
beza	b e z a
biadab	b i a d a b
biancak	b i a n t͡ʃ a ʔ
biang	b i a ŋ
bianglala	b i a ŋ l a l a
biarawan	b i a r a w a n
biasa	b i a s a
biasiswa	b i a s i s u a
biawak	b i a w a k
bibit	b i b i t
bicara	b i t͡ʃ a r a
bidaah	b i d a a h
bidadari	b i d a d a r i
bidak	b i d a k
bidan	b i d a n
bidang	b i d a ŋ
bigami	b i ɡ a m i
bihun	b i h u n
bikin	b i k e n
biksu	b i k s u
bila	b i l a
bilang	b i l a ŋ
bilangan	b i l a ŋ a n
bilas	b i l a s
bilik	b i l e k
biling	b i l e ŋ
bilion	b i l i o n
bimbang	b i m b a ŋ
binatang	b i n a t a ŋ
binca	b i n t͡ʃ a
bincang	b i n t͡ʃ a ŋ
bincangkan	b i n t͡ʃ a ŋ k a n
bingkas	b i ŋ k a s
bingung	b e ŋ o ŋ
bini	b i n i
bintang	b i n t a ŋ
bintangur	b i n t a ŋ o r
binti	b i n t i
bintik	b i n t e ʔ
bintulu	b i n t u l u
binturung	b i n t u r o ŋ
bioekologi	b i o e k o l o ɡ i
biola	b i o l a
biologi	b a j o l o d͡ʒ i
bir	b e
biram	b i r a m
bisa	b i s a
bisik	b i s e k
bising	b i s i ŋ
bisnes	b i s n ə s
bistu	b i s t u
bisu	b i s u
bisul	b i s u l
biul	b i u l
bnm	b i e n e m
boat	b u a t
bobot	b o b o t
bodoh	b o d o h
bodok	b o d ɔ ʔ
bogam	b o ɡ a m
bohong	b o h o ŋ
bohrium	b ɔ h r i o m
bohsia	b o s i a
boi	b o j
bokor	b o k o
bola	a
bomba	b o m b a
bomoh	b o m o h
bomor	b o m o r
bon	b o n
boneka	b o n e k a
bongak	b o ŋ a ʔ
bonggol	b o ŋ ɡ o l
bongkok	b o ŋ k o k
bongok	b o ŋ o k
bongsu	b o ŋ s u
borak	b o r a k
borang	b o r a ŋ
boring	b o r i ŋ
boron	b ɔ r ɔ n
borzoi	b ɔ r z o i̯
bosan	b o s a n
botak	b o t a k
botani	b o t a n i
boti	b o t i
botol	b o t o l
bref	b r e f
brekmok	b r e k m o k
brunei	b r u n a j
brutal	b r u t a j
bsmm	b i e s e m e m
bu	b u
buah	b u a h
buai	b u a i̯
buaian	b u a i a̯ n
buana	b u a n a
buang	b u a ŋ
buas	b u a s
buat	b u a t
buaya	b u a j a
bubu	b u b u
bubuh	b u b u h
bubuk	b u b u k
bubut	b u b u t
budak	b u d a k
budaya	b u d a j a
budu	b u d u
bujur	b u d͡ʒ o
buka	b u k a
bukan	b u k a n
bukit	b u k e t
buku	b u k u
bulan	b u l a n
bulu	b u l u
buluh	b u l u h
bulur	b u l u r
bumbung	b u m b o ŋ
bumi	b u m i
buncis	b u n t͡ʃ e s
bundar	b u n d a
bundaran	b u n d a r a n
bundarkan	b u n d a k a n
bundle	b a n d ə l
bung	b u ŋ
bunga	b u ŋ a
bungkus	b u ŋ k o s
bungsu	b o ŋ s u
buni	b u n i
buntal	b u n t a l
buntut	b u n t u t
bunuh	b u n u h
bunyi	b u ɲ i
bura	b u r a
burit	b u r e t
buru	b u r u
buruj	b u r o d͡ʒ
buruk	b u r o k
burung	b u r o ŋ
busa	b u s a
busudo	b u s u d o
busuk	b u s u k
busur	b u s o
busut	b u s o t
buta	b u t a
butak	b u t a ʔ
butang	b u t a ŋ
butir	b u t e
butoh	b u t o h
butterworth	b a t t ə r w o r t
butuh	b u t o h
butun	b u t u n
butung	b u t u n
buyut	b u j o t
c	t ʃ
cabang	t͡ʃ a b a ŋ
cabar	t͡ʃ a b a
cabut	t͡ʃ a b o t
cacat	t͡ʃ a t͡ʃ a t
cacing	t͡ʃ a t͡ʃ i ŋ
cadang	t͡ʃ a d a ŋ
cagu	t͡ʃ a ɡ u
cahari	t͡ʃ ä h ä r i
cahaya	t͡ʃ ä h ä j ä
cainis	t͡ʃ a j n i s
cair	t͡ʃ a e
cairan	t͡ʃ a e r a n
caj	t͡ʃ a d͡ʒ
cakap	t͡ʃ a k a p
cakar	t͡ʃ a k a
cakawari	t͡ʃ a k a w a r i
cakera	t͡ʃ a k ə r ə
cakerawala	t͡ʃ a k ə r a w a l a
cakoi	t͡ʃ a k o j
calon	t͡ʃ a l o n
cam	t͡ʃ a m
camca	t͡ʃ a m t͡ʃ a
camna	t͡ʃ a m n a
camne	t͡ʃ a m n ə
camni	t͡ʃ a m n i
campak	t͡ʃ a m p a k
campur	t͡ʃ a m p o
camtu	t͡ʃ a m t u
can	t͡ʃ a n
canai	t͡ʃ a n a j
canang	t͡ʃ a n a ŋ
candu	t͡ʃ a n d u
candung	t͡ʃ a n d o ŋ
cane	t͡ʃ a n ə
canggung	t͡ʃ a ŋ ɡ o ŋ
cangkir	t͡ʃ a ŋ k e
cangkuk	t͡ʃ a ŋ k o k
cangkul	t͡ʃ a ŋ k o l
cantek	t͡ʃ a n t e k
cantik	t͡ʃ a n t e k
cantum	t͡ʃ a n t u m
capab	t͡ʃ a p a p
capah	t͡ʃ a p a h
capai	t͡ʃ a p a j
capak	t͡ʃ a p a ʔ
capap	t͡ʃ a p a p
capit	t͡ʃ a p i t
capub	t͡ʃ a p a p
cara	t͡ʃ a r a
cari	t͡ʃ a r i
carta	t͡ʃ a r t a
cas	t͡ʃ a s
cat	t͡ʃ a t
catuk	t͡ʃ a t u k
catur	t͡ʃ a t o
cawan	t͡ʃ a w a n
cawang	t͡ʃ a w a ŋ
cawangan	t͡ʃ a w a ŋ a n
caya	t͡ʃ a j a
cecair	t͡ʃ ə t͡ʃ a e
cecak	t͡ʃ ə t͡ʃ a ʔ
cecikut	t͡ʃ ə t͡ʃ i k o t
cecunguk	t͡ʃ ə t͡ʃ ʊ ŋ ʊ ʔ
cedok	t͡ʃ e d o ʔ
cegah	t͡ʃ ə ɡ a h
cekam	t͡ʃ ə k a m
cekap	t͡ʃ ə k a p
cekik	t͡ʃ ə k e k
celah	t͡ʃ ə l a h
celana	t͡ʃ ə l a n a
celapa	t͡ʃ ə l a p a
cemana	t͡ʃ ə m a n a
cemara	t͡ʃ ə m a r a
cembul	t͡ʃ ə m b u l
cemburu	t͡ʃ ə m b u r u
cemerlang	t͡ʃ ə m ə r l a ŋ
cempana	t͡ʃ ə m p a n a
cempedak	t͡ʃ ə m p ə d a k
cendara	t͡ʃ ə n d a r a
cendawan	t͡ʃ ə n d a w a n
cendekiawan	t͡ʃ ə n d ə k i a w a n
cendera	t͡ʃ ə n d ə r a
cenderung	t͡ʃ ə n d ə r o ŋ
cengal	t͡ʃ ə ŋ a l
cengkarung	m ə ŋ k a r o ŋ
cengkerik	t͡ʃ ə ŋ k ə r e k
ceongsam	t͡ʃ ə o ŋ s a m
cepat	t͡ʃ ɔ p ɛ k
cepu	t͡ʃ ə p u
cepua	t͡ʃ ə p u a
cerai	t͡ʃ ə r a i
cerakin	t͡ʃ ə r a k i n
cerawat	t͡ʃ ə r a w a t
cereka	t͡ʃ ə r e k a
cerita	t͡ʃ ə r i t a
ceritera	t͡ʃ ə r i t ə r a
cerlang	t͡ʃ ə r l a ŋ
cermin	t͡ʃ ə m e n
chalet	ʃ a l e
champagne	ʃ e m p e n
changlun	t͡ʃ a ŋ l o n
china	t͡ʃ a j n a
chukai	t͡ʃ u k a j
ci	t͡ʃ i
cicak	t͡ʃ i t͡ʃ a ʔ
cicik	t͡ʃ i t͡ʃ e k
cicit	t͡ʃ i t͡ʃ e t
cik	t͡ʃ e k
cikgu	t͡ʃ e k ɡ u
ciku	t͡ʃ i k u
cilawagi	t͡ʃ i l a w a ɡ i
cili	t͡ʃ i l i
cina	t͡ʃ i n a
cincai	t͡ʃ i n t͡ʃ a j
cincang	t͡ʃ i n t͡ʃ a ŋ
cincau	t͡ʃ i n t͡ʃ a w
cinta	t͡ʃ i n t a
cintan	t͡ʃ i n t a n
cipta	t͡ʃ i p t a
cis	t͡ʃ i s
citah	t͡ʃ i t a h
citra	t͡ʃ i t r a
cium	t͡ʃ i u m
clash	k l e ʃ
cogan	t͡ʃ o ɡ a n
coklat	t͡ʃ o k l a t
cokmar	t͡ʃ o k m a
coli	t͡ʃ o l i
colok	t͡ʃ o l o k
colombia	k o l o m b i a
comel	t͡ʃ o m e l
congek	t͡ʃ o ŋ e ʔ
congok	t͡ʃ o ŋ o ʔ
congong	t͡ʃ o ŋ o ŋ
contoh	t͡ʃ o n t o h
contohan	t͡ʃ o n t o h a n
contohi	t͡ʃ o n t o h i
contohkan	t͡ʃ o n t o h k a n
contohnya	t͡ʃ o n t o h ɲ a
cuaca	t͡ʃ u a t͡ʃ a
cuai	t͡ʃ u a i̯
cuba	t͡ʃ o b a
cubaan	t͡ʃ u b ä ä n
cubit	t͡ʃ u b e t
cucu	t͡ʃ u t͡ʃ u
cuka	t͡ʃ u k a
cukup	t͡ʃ u k o p
cukur	t͡ʃ u k o
culik	t͡ʃ u l e k
cuma	t͡ʃ u m a
cupak	t͡ʃ u p a k
cuping	t͡ʃ u p i ŋ
curah	t͡ʃ u r a h
curam	t͡ʃ u r a m
curi	t͡ʃ u r i
curian	t͡ʃ u r i a n
curiga	t͡ʃ u r i ɡ a
cuti	t͡ʃ u t i
cyber	s a j b ə
cyberjaya	s a j b ə d͡ʒ a j a
dacing	d a t͡ʃ i ŋ
dada	d a d a
dadah	d a d a h
dadih	d a d i h
daerah	d a ʔ e r a h
daging	d a ɡ e ŋ
dagu	d a ɡ u
dah	d a
dahan	d a h a n
dahi	d a h i
dahlah	d a h l a h
dahtu	d a h t u
dahulu	d a h u l u
daing	d a i ŋ
dak	d a ʔ
daki	d a k e
daksina	d a k s i n a
daku	d a k u
dakwa	d a ʕ u a
dakwat	d a k w a t
dalam	d a l a m
dalang	d a l a ŋ
dalmatia	d a l m a t i a
damansara	d a m a n s a r a
damar	d a m a
dan	d a n
dana	d a n a
danau	d a n a u̯
dandan	d a n d a n
dandang	d a n d a ŋ
dangau	d a ŋ a w
danial	d a n i a l
dansa	d a n s a
danta	d a n t a
dapur	d a p u r
dara	d a r a
darah	d a r a h
darat	d a r a t
daratan	d a r a t a n
dari	d a r i
darihal	d a r i h a l
daripada	d a r i p a d a
darul	d a r o l
dasa	d a s a
dasun	d a s u n
datang	d a t a ŋ
datar	d a t a
dataran	d a t a r a n
datu	d a t u
datuk	d a t o k
daud	d a o d
daun	d a o n
daya	d a j a
dbkl	d i b i k e e l
dbp	d i b i p i
debab	d e b a p
debak	d ə b a k
debat	d e b a t
debu	d ə b u
dedah	d ə d a h
dedak	d ə d a k
dedap	d ə d a p
defisit	d e f i s i t
deflasi	d i f l a s i
degil	d ə ɡ e l
dehidrasi	d e h i d r a s i
dekad	d e k a d
dekan	d ə k a n
dekolonisasi	d e k o l o n i s a s i
dekorum	d e k o r u m
delapan	d ə l a p a n
delima	d ə l i m a
demam	d ə m a m
demi	d ə m i
den	d e n
denda	d ə n d a
dendam	d ə n d a m
dengan	d ə ŋ a n
dengar	d ə ŋ a r
dengki	d ə ŋ k i
dengkur	d ə ŋ k o
dengus	d ə ŋ u s
deodoran	d e o d o r a n
depa	d ə p a
depan	d ɘ p a n
depoh	d e p o h
depu	d ə p u
deraman	d ə r a m a n
derana	d ə r a n a
derhaka	d ə r h a k a
desak	d ə s a k
desilion	d ɛ s i l i o n
desis	d ə s i s
detektif	d i t e k t i f
dewa	d e w a
dewan	d e w a n
dewata	d e w a t a
dewi	d e w i
di	d i
dia	d i j a
diabadikan	d i a b a d i k a n
diabar	d i a b a r
diabuk	d i ʔ a b u k
dialektik	d i a l e k t i k
diam	d i a m
diari	d a j r i
dibaguskan	d i b a ɡ o s k a n
dibaharui	d i b a h a r u i
dibahas	d i b a h a s
dibahaskan	d i b a h a s k a n
dibayar	d i b a j a
dibincangkan	d i b i n t͡ʃ a ŋ k a n
dibundarkan	d i b u n d a k a n
dicipta	d i t͡ʃ i p t a
dicontoh	d i t͡ʃ o n t o h
dicontohi	d i t͡ʃ o n t o h i
dicontohkan	d i t͡ʃ o n t o h k a n
didik	d i d e k
didiskriminasikan	d i d i s k r i m i n a s i k a n
diduduki	d i d u d o k i
diem	d i ə m
difikir	d i f i k e
diglosia	d i ɡ l o s i a
digosok	d i ɡ o s o k
digraf	d i ɡ r a f
diimplementasikan	d i i m p l e m e n t a s i k a n
diinsafi	d i ʔ i n s a f i
diinsafkan	d i ʔ i n s a f k a n
dijawab	d i d͡ʒ a w a b
dijengah	d i d͡ʒ ə ŋ a h
dijepunkan	d i d͡ʒ ə p u n k a n
dijustifikasikan	d i d͡ʒ a s t i f i k a s i k a n
dik	d e k
dikamuskan	d i k a m o s k a n
dikata	d i k a t a
dikau	d i k a w
dikedutkan	d i k ə d u t k a n
dikit	d i k i t
dikurniakan	d i k u r n i a k a n
dilabuhkan	d i l a b o h k a n
dilakukan	d i l a k u k a n
dilancarkan	d i l a n t͡ʃ a k a n
dilarang	d i l a r a ŋ
dilepaskan	d i l ə p a s k a n
dilestarikan	d i l e s t a r i k a n
diletakkan	d i l ə t a k k a n
dilokap	d i l o k a p
dimakan	d i m a k a n
dimampankan	d i m a m p a n k a n
dimasukkan	d i m a s o k k a n
dimelayukan	d i m ə l a j u k a n
dimengerti	d i m ə ŋ ə r t i
dimeterai	d i m ə t ə r a j
dimisalkan	d i m i s a l k a n
dimungkinkan	d i m u ŋ k e n k a n
din	d i n
dinamik	d i n a m i k
dinasti	d i n a s t i
dinda	d i n d a
dingin	d i ŋ e n
diorang	d i o r a ŋ
dipalingkan	d i p a l e ŋ k a n
dipecut	d i p ə t͡ʃ u t
dipegang	d i p ə ɡ a ŋ
dipekakkan	d i p ə k a k k a n
dipeningkan	d i p ə n i ŋ k a n
diperbaharu	d i p ə r b a h a r u
dipercontohkan	d i p ə r t͡ʃ o n t o h k a n
dipersembahkan	d i p ə r s ə m b a h k a n
dipertontonkan	d i p ə r t o n t o n k a n
dipertuan	d i p ə r t u a n
dipinta	d i p i n t a
dipotong	d i p o t o ŋ
diraja	d i r a d͡ʒ a
diregas	d i r ə ɡ a s
diregat	d i r ə ɡ a t
diri	d i r i
dirumikan	d i r u m e k a n
disajikan	d i s a d͡ʒ i k a n
disembah	d i s ə m b a h
disembahkan	d i s ə m b a h k a n
disesali	d i s ə s a l i
disesalkan	d i s ə s a l k a n
diseterika	d i s ə t ə r i k a
diskaun	d i s k a o n
diskriminasi	d i s k r i m i n a s i
diskriminasikan	d i s k r i m i n a s i k a n
disulam	d i s u l a m
disurat	d i s u r a t
disurati	d i s u r a t i
disuratkan	d i s u r a t k a n
disusurgalurkan	d i s u s o r ɡ a l o k a n
diswastakan	d i s u a s t a k a n
ditangkap	d i t a ŋ k a p
ditelefon	d i t e l i f o n
ditengok	d i t e ŋ o k
diterima	d i t ə r i m a
ditinjau	d i t i n d͡ʒ a u̯
ditipu	d i t i p u
ditonton	d i t o n t o n
divideokan	d i v i d e o k a n
divisyen	d i v i ʃ ə n
doa	d o a
dogol	d o ɡ o l
dokong	d o k o ŋ
doktor	d o k t o r
dokumentari	d o k u m e n t a r i
domestik	d o m e s t i k
dompet	d o m p e t
donat	d o n a t
dongak	d o ŋ a k
dongok	d o ŋ o k
dorong	d o r o ŋ
dosa	d o s a
drebar	d r e b a r
dsai	d i e s e j a j
dua	d u a
dubnium	d u b n i o m
dubur	d u b u r
duda	d u d a
duduk	d u d o k
duduki	d u d o k i
duga	d u ɡ a
dugong	d u ɡ o ŋ
duit	d u i t
duk	d o k
dukun	d u k o n
dulang	d u l a ŋ
duli	d u l i
dulu	d u l u
dungu	d u ŋ u
dunia	d u n i a
duodesilion	d u o d ɛ s i l i o n
duovigintilion	d u o v i ɡ i n t i l i o n
dupa	d u p a
duri	d u r i
durian	d u r i a n
duriat	d u r i a t
duyung	d u j o ŋ
dwi	d u i
edisi	e d i s i
ef	e f
ejek	e d͡ʒ e k
ejen	e d͡ʒ e n
eka	e k a
ekadasa	e k a d a s a
ekologi	e k o l o ɡ i
ekor	e k o
ekstremis	ɛ k s t r i m i s
elak	e l a k
elang	ə l a ŋ
elektrik	e l e k t r i k
elektron	e l ɛ k t r ɔ n
elit	e l i t
emak	ə m a k
emas	ə m a s
embacang	e m b a t͡ʃ a ŋ
emban	ə m b a n
embun	ə m b o n
emosi	e m o s i
emosional	e m o s i o n a l
empang	ə m p a ŋ
empangan	ə m p a ŋ a n
empat	ə m p a t
empayar	e m p a j a
empedal	ə m p ə d a l
emperit	ə m p ə r e t
empu	ə m p u
empulur	ə m p u l u r
empunya	ə m p u ɲ a
enak	e n a ʔ
enam	ə n a m
enau	ə n a w
encik	ə n t͡ʃ e k
endak	ə n d a ʔ
enggan	ə ŋ ɡ a n
engkau	ə ŋ k a u̯
engko	ə ŋ k o
engsel	e ŋ s e l
ensiklopedia	e n s a j k l o p i d i a
entah	ə n t a h
entak	ə n t a ʔ
erat	ə r a t
eru	ə r u
es	e s
esa	e s a
esok	e s o k
ewah	e w a h
faham	f a h a m
fahami	f a h a m i
fakta	f a k t a
faktor	f a k t o
falak	f a l a k
falsafah	f a l s a f a h
famili	f a m i l i
farisi	f a r i s i
fasal	f a s a l
fatah	f a t a h
fatimah	f a t i m a h
fatwa	f a t w a
feminis	f e m i n i s
feri	f e r i
fesyen	f e ʃ ə n
fidah	f i d a h
fiil	f ɪ ʕ l
fikir	f i k i r
fikiri	f i k e r i
fikirkan	f i k i r k a n
fikologi	f i k o l o ɡ i
filem	f i l ə m
filipina	f i l i p i n a
filologi	f i l o l o ɡ i
filpen	f i l p e n
fisiologi	f i s i o l o d͡ʒ i
fitoterapi	f a j t o t e r ə p i
fluorin	f l u ɔ r ɪ n
fly	f l a j
fonologi	f o n o l o d͡ʒ i
formal	f o m a l
forsep	f o s e p
fosfor	f o s f o
fosforus	f o s f o r o s
fransium	f r a n s i o m
frekuensi	f r ə k u ə n s i
fungsi	f u ŋ s i
futanari	f u t a n a r i
fuyoh	f u j oː
gaban	ɡ a b a n
gading	ɡ a d e ŋ
gaduh	ɡ a d o
gadung	ɡ a d ʊ ŋ
gagah	ɡ a ɡ a h
gagak	ɡ a ɡ a k
gahara	ɡ a h a r a
gajah	ɡ a d͡ʒ a h
gak	ɡ a k
galah	ɡ a l a h
gali	ɡ a l i
galian	ɡ a l i a n
galium	ɡ a l i o m
gamat	ɡ a m a t
gambar	ɡ a m b a
gambir	ɡ a m b e
gambus	ɡ a m b u s
gamelan	ɡ a m e l a n
gamer	ɡ a m ə r
ganar	ɡ a n a r
ganas	ɡ a n a s
gandum	ɡ a n d o m
gangga	ɡ a ŋ ɡ a
ganggang	ɡ a ŋ ɡ a ŋ
gangguan	ɡ a ŋ ɡ u a n
gangsa	ɡ a ŋ s a
ganjat	ɡ a n d͡ʒ a t
ganjil	ɡ a n d͡ʒ i l
gantang	ɡ a n t a ŋ
gantung	ɡ a n t u ŋ
ganu	ɡ a n u
garaj	ɡ a r a d͡ʒ
garang	ɡ a r a ŋ
garasi	ɡ a r a s i
garau	ɡ a r a u̯
gari	ɡ a r i
garing	ɡ a r i ŋ
garis	ɡ a r e s
garpu	ɡ a r p u
garu	ɡ a r u
gas	ɡ a s
gatai	ɡ a t a j
gatal	ɡ a t a
gayung	ɡ a j u ŋ
gbs	d͡ʒ i b i e s
gebar	ɡ ə b a r
gedang	ɡ ə d a ŋ
gedegang	ɡ ə d ə ɡ a ŋ
gegana	ɡ ə ɡ a n a
gegantung	ɡ ə ɡ a n t u ŋ
gegat	ɡ ə ɡ a t
gegelung	ɡ ə ɡ ə l u ŋ
gejala	ɡ ə d͡ʒ a l a
gelak	ɡ ə l a k
gelam	ɡ ə l a m
gelang	ɡ ə l a ŋ
gelanggang	ɡ ə l a ŋ ɡ a ŋ
gelap	ɡ ə l a p
gelar	ɡ ə l a
gelas	ɡ ə l a s
gelemat	ɡ ə l ə m a t
gelen	ɡ e l e n
gelenggang	ɡ ə l e ŋ ɡ a ŋ
gelinggang	ɡ ə l i ŋ ɡ a ŋ
gelisah	ɡ ə l i s a h
gelombang	ɡ ə l o m b a ŋ
gelora	ɡ ə l o r a
gelung	ɡ ə l o ŋ
gem	ɡ e m
gema	ɡ e m a
gembala	ɡ ə m b a l a
gembira	ɡ ə m b i r ə
gemilang	ɡ ə m i l a ŋ
geming	ɡ ə m e ŋ
gempak	ɡ ə m p a k
gemuk	ɡ ə m o k
gemulah	ɡ ə m u l a h
gen	ɡ e n
genang	ɡ ə n a ŋ
genap	ɡ ə n a p
generasi	d͡ʒ ə n ə r a s i
geng	ɡ e ŋ
genggam	ɡ ə ŋ ɡ a m
genggang	ɡ ə ŋ ɡ a ŋ
gentian	ɡ ə n t i a n
geografi	ɡ e o ɡ r a f i
gera	ɡ ə r a
gerabak	ɡ ə r a b a k
gerai	ɡ ə r a j
gerakan	ɡ ə r a k a n
geran	ɡ ə r a n
gereja	ɡ ə r e d͡ʒ a
gerek	ɡ e r e ʔ
gergasi	ɡ ə r ɡ a s i
gerhana	ɡ ə h a n ə
gerigi	ɡ ə r i ɡ i
gering	ɡ ə r i ŋ
getah	ɡ ə t a h
gewang	ɡ e w a ŋ
gi	ɡ i
giang	ɡ i a ŋ
gigi	ɡ i ɡ i
gigil	ɡ i ɡ i l
gigit	ɡ i ɡ e t
gimam	ɡ i m a m
gincu	ɡ i n t͡ʃ u
gingam	ɡ i ŋ a m
ginjal	ɡ i n d͡ʒ a l
gita	ɡ i t a
gitar	ɡ i t a
gitau	ɡ i t a w
globalisasi	ɡ l o b a l i s a s i
godam	ɡ o d a m
golok	ɡ o l o ʔ
gomen	ɡ o m e n
gong	ɡ o ŋ
gonggong	ɡ o ŋ ɡ o ŋ
goreng	ɡ o r e ŋ
gosok	ɡ o s o k
gostan	ɡ o s t a n
goyang	ɡ o j a ŋ
gps	d͡ʒ i p i e s
graduasi	ɡ r a d u a s i
graha	ɡ r a h a
gramatis	ɡ r a m a t i s
gratis	ɡ r a t i s
grs	d͡ʒ i a r ə s
grup	ɡ r u p
gua	ɡ u a
guam	ɡ u a m
guar	ɡ u a r
gubra	ɡ ä b r äː
gudang	ɡ u d a ŋ
gugur	ɡ u ɡ o
gula	ɡ u l a
gulai	ɡ u l a j
guli	ɡ u l i
guling	ɡ u l e ŋ
gulung	ɡ u l u ŋ
gulungan	ɡ u l u ŋ a n
gumpal	ɡ u m p a l
guna	ɡ u n a
guni	ɡ u n i
gunting	ɡ u n t e ŋ
guntur	ɡ u n t o
gunung	ɡ u n o ŋ
gurau	ɡ u r a w
gurita	ɡ u r i t a
guruh	ɡ u r u h
gurun	ɡ u r o n
gus	ɡ u s
haba	h a b a
habis	h a b e s
habuan	h a b u a n
had	h a d
hadang	h a d a ŋ
hadap	h a d a p
hadapan	h a d a p a n
hadir	h a d i r
hahnium	h a h n i o m
hai	h a i̯
haid	h a j d
hairan	h a i r a n
haiwan	h a i w a n
hajat	h a d͡ʒ a t
haji	h a d͡ʒ i
hak	h a k
hakim	h a k e m
hakis	h a k i s
hal	h a l
halaju	h a l a d͡ʒ u
halaman	h a l a m a n
halang	h a l a ŋ
halau	h a l a u̯
halia	h a l i a
halilintar	h a l i l i n t a
halkum	h a l k u m
halusinasi	h a l u s i n a s i
halwa	h a l w a
hambar	h a m b a r
hamil	h a m e l
hampar	h a m p a
hampas	h a m p a s
hampeh	h a m p e h
hampir	h a m p e
handal	h a n d a l
hang	h a ŋ
hangat	h a ŋ a t
hangit	h a ŋ e t
hantar	h a n t a
hantu	h a n t u
hanya	h a ɲ a
hanyir	h a ɲ e
hanyut	h a ɲ o t
hapus	h a p u s
harap	h a r a p
harga	h a r ɡ a
hari	h a r i
harimau	h a r i m a w
haron	h a r o n
harta	h a r t a
hartal	h a r t a l
haruan	h a r u a n
harun	h a r o n
harung	h a r o ŋ
hasta	h a s t a
hati	h a t i
hatur	h a t o
haus	h a o s
hawa	h a w a
hayam	h a j a m
hayun	h a j u n
hebat	h e b a t
hec	h e t͡ʃ
hela	h e l a
helai	h ə l a i
helang	h ə l a ŋ
helium	h e l i o m
hembus	h ə m b u s
hempedal	h ə m p ə d a l
hempedu	h ə m p ə d u
hendak	h ə n d a k
hensem	h e n s ə m
hentak	h ə n t a k
hentam	h ə n t a m
henti	h ə n t i
henyak	h ə ɲ a k
herbivor	h ə r b i v o r
hering	h ə r e ŋ
hias	h i a s
hiasan	h i j ä s ä n
hiatus	h i a t u s
hibernasi	h a j b ə n a s i
hibira	h i b i r a
hibur	h i b o
hiburan	h i b u r a n
hidap	h i d a p
hidraulik	h i d r a u l i k
hidrogen	h i d r o ɡ ə n
hidrologi	h a j d r o l o d͡ʒ i
hidu	h i d u
hidung	h i d o ŋ
hidup	h i d o p
hierarki	h i r a r k i
hikayat	h i k a j a t
hilang	h i l a ŋ
hilir	h i l i r
himar	h i m a
himpun	h i m p o n
hina	h i n a
hinggap	h i ŋ ɡ a p
hingget	h i ŋ ɡ e t
hingus	h i ŋ u s
hipotermia	h a j p o t ə m i a
hirau	h i r a w
hirup	h i r u p
hitam	h i t a m
hitung	h i t o ŋ
hitungan	h i t u ŋ a n
hiu	h i w
hoi	h o i
hoki	h o k i
holanda	h o l a n d a
hon	h o n
hormat	h o r m a t
hospital	h o s p i t a l
hubungan	h u b u ŋ a n
hujan	h u d͡ʒ a n
hujung	h u d͡ʒ o ŋ
hukum	h u k u m
hulu	h u l u
hulur	h u l u r
huma	h u m a
hungary	h u ŋ ɡ ə r i
hunus	h u n u s
huruf	h u r o f
huski	h u s k i
hutan	h u t a n
hutang	h u t a ŋ
ialah	j a l a h
iau	i a u̯
iban	i b a n
ibu	i b u
ibus	i b u s
ichibos	i t͡ʃ i b o s
icibos	i t͡ʃ i b o s
idea	a j d i ə
idealisme	a j d i ə l i s m a
ijat	i d͡ʒ a t
ijazah	i d͡ʒ a z a h
ijok	i d͡ʒ o ʔ
ijuk	i d͡ʒ o k
ikan	i k a n
ikat	i k a t
ikhtiar	i x t i a r
iklan	i k l a n
ikut	i k ʊ t
ilah	i l a h
ilham	i l h a m
imadiyat	i m a d i j a t
imaginatif	i m a d͡ʒ i n a t i f
iman	i m a n
imarah	i m a r a h
imbas	i m b a s
imej	i m ɛ d͡ʒ
imejan	i m ɛ d͡ʒ a n
imigresen	i m i ɡ r e s e n
imigresyen	i m i ɡ r ə ʃ ə n
imperatif	i m p e r a t i f
impi	i m p i
implementasi	i m p l e m e n t a s i
implementasikan	i m p l e m e n t a s i k a n
import	i m p o t
ina	i n a
inap	i n a p
indera	i n d ə r a
indogsial	i n d o ɡ s i a l
indon	i n d o n
indonesia	i n d o n e s i a
inersia	i n ə r s i a
inflasi	i n f l a s i
infrabunyi	i n f r a b u ɲ i
inframerah	i n f r a m e r a h
infrastruktur	i n f r a s t r u k t o
ingat	i ŋ a t
ingin	i ŋ i n
ingsun	i ŋ s o n
ini	i n i
inisiatif	i n i s i a t i f
injap	i n d͡ʒ a p
insaf	i n s a f
insafi	i n s a f i
insafkan	i n s a f k a n
insan	i n s a n
insolvensi	i n s o l v ə n s i
intan	i n t a n
interaksi	i n t ə a k s i
internet	i n t ə n e t
intertrigo	i n t ə r t r i ɡ o
invois	i n v o i s
iolls	a j o l s
ipoh	i p o h
ipuh	i p o h
iran	i r a n
iring	i r i ŋ
iritasi	i r i t a s i
isekai	i s e k a j
isi	i s i
isih	i s i h
isim	i s e m
isnin	i s n e n
isteri	i s t ə r i
istiadat	ɪ s t i a d a t̚
istimewa	i s t i m e w a
isy	i ʃ
isyak	i ʃ a ʔ
itali	i t a l i
itam	i t a m
itik	i t e k
itu	i t u
jadah	d͡ʒ a d a h
jadi	d͡ʒ a d i
jadual	d͡ʒ a d u a l
jaga	d͡ʒ a ɡ a
jagat	d͡ʒ a ɡ a t
jaguar	d͡ʒ a ɡ u a
jagung	d͡ʒ a ɡ o ŋ
jahat	d͡ʒ a h a t
jahit	d͡ʒ a h i t
jais	d͡ʒ a i s
jajah	d͡ʒ a d͡ʒ a h
jajahan	d͡ʒ a d͡ʒ a h a n
jakarta	d͡ʒ a k a r t a
jakim	d͡ʒ a k i m
jakoa	d͡ʒ a k o a
jala	d͡ʒ a l a
jalan	d͡ʒ a l a n
jalang	d͡ʒ a l a ŋ
jalur	d͡ʒ a l o
jam	d͡ʒ a m
jamban	d͡ʒ a m b a n
jambu	d͡ʒ a m b u
jamin	d͡ʒ a m i n
jampi	d͡ʒ a m p i
jamung	d͡ʒ a m u ŋ
janda	d͡ʒ a n d a
jangak	d͡ʒ a ŋ a k
jangan	d͡ʒ a ŋ a n
janggi	d͡ʒ a ŋ ɡ i
jangka	d͡ʒ a ŋ k a
jangkit	d͡ʒ a ŋ k e t
jangkitan	d͡ʒ a ŋ k i t a n
janji	d͡ʒ a n d͡ʒ i
jantan	d͡ʒ a n t a n
jantung	d͡ʒ a n t o ŋ
jap	d͡ʒ a p
jarak	d͡ʒ a r a k
jarang	d͡ʒ a r a ŋ
jargon	d͡ʒ a r ɡ o n
jari	d͡ʒ a r i
jaring	d͡ʒ a r i ŋ
jaringan	d͡ʒ a r e ŋ a n
jarum	d͡ʒ a r u m
jasad	d͡ʒ a s a d
jasmani	j a s m a n i
jata	d͡ʒ a t a
jati	d͡ʒ a t i
jatuh	d͡ʒ a t o h
jauh	d͡ʒ a o h
jauhkan	d͡ʒ a o h k a n
jawab	d͡ʒ a w a b
jawaban	d͡ʒ a w a b a n
jawapan	d͡ʒ a w a p a n
jawatan	d͡ʒ a w a t a n
jawatankuasa	d͡ʒ a w a t a n k u a s a
jawi	d͡ʒ a w i
jaya	d͡ʒ a j a
jb	d͡ʒ e j b i
jbpm	d͡ʒ ə j b i p i e m
je	d͡ʒ e
jeda	d͡ʒ e d a
jejak	d͡ʒ ə d͡ʒ a ʔ
jejawi	d͡ʒ ə d͡ʒ a w i
jeladeri	d͡ʒ ə l a d ə r i
jelai	d͡ʒ ə l a i̯
jelak	d͡ʒ ə l a k
jelapang	d͡ʒ ə l a p a ŋ
jelata	d͡ʒ ə l a t a
jelatang	d͡ʒ ə l a t a ŋ
jeling	d͡ʒ ə l ɪ ŋ
jeluang	d͡ʒ ə l u a ŋ
jelutong	d͡ʒ ə l u t o ŋ
jelutung	d͡ʒ ə l u t u ŋ
jemaah	d͡ʒ ə m a ʔ a h
jempana	d͡ʒ ə m p a n a
jemur	d͡ʒ ə m o
jenaka	d͡ʒ ə n a k a
jenama	d͡ʒ ə n a m a
jenawi	d͡ʒ ə n a w i
jenazah	d͡ʒ ə n a z a h
jendela	d͡ʒ ə n d e l a
jeneral	d͡ʒ ə n ə r a l
jengah	d͡ʒ ə ŋ a h
jengkal	d͡ʒ ə ŋ k a l
jenguk	d͡ʒ ə ŋ o k
jenis	d͡ʒ e n i s
jentera	d͡ʒ ə n t ə r a
jentik	d͡ʒ ə n t e k
jenuh	d͡ʒ ə n o h
jepang	d͡ʒ ə p a ŋ
jepun	d͡ʒ ə p o n
jepunkan	d͡ʒ ə p u n k a n
jerangau	d͡ʒ ə r a ŋ a w
jerantut	d͡ʒ ə r a n t u t
jerawat	d͡ʒ ə r a w a t
jerebu	d͡ʒ ə r ə b u
jerman	d͡ʒ ə m a n
jesselton	d͡ʒ e s e l t o n
jeti	d͡ʒ e t i
ji	d͡ʒ i
jidar	d͡ʒ i d a r
jijik	d͡ʒ i d͡ʒ e k
jika	d͡ʒ i k a
jikalau	d͡ʒ i k a l a u̯
jim	d͡ʒ e a j e m
jingga	d͡ʒ i ŋ ɡ a
jiran	d͡ʒ i r a n
jirat	d͡ʒ i r a t
jirim	d͡ʒ i r e m
jitra	d͡ʒ i t ə r a
jitu	d͡ʒ i t u
jiwa	d͡ʒ i w a
jiwang	d͡ʒ i w a ŋ
jkkn	d͡ʒ ə j k ə j k ə j ə n
jkns	d͡ʒ e k e e n e s
jkr	d͡ʒ e k e a r
johan	d͡ʒ o h a n
johor	d͡ʒ o h o
jolok	d͡ʒ o l o k
jom	d͡ʒ o m
jong	d͡ʒ o ŋ
jongkok	d͡ʒ o ŋ k o ʔ
jpm	d͡ʒ e p i e m
jpn	d͡ʒ e p i e n
jual	d͡ʒ u a l
juang	d͡ʒ u a ŋ
juara	d ʒ u a r a
juga	d͡ʒ u ɡ a
jugak	d͡ʒ u ɡ a k
jujur	d͡ʒ u d͡ʒ o
julang	d͡ʒ u l a ŋ
juling	d͡ʒ u l e ŋ
jumaat	d͡ʒ u m a a t
jumlah	d͡ʒ u m l a h
jun	d͡ʒ u n
junjung	d͡ʒ u ɲ d͡ʒ u ŋ
jurong	d͡ʒ u r o ŋ
juru	d͡ʒ u r u
jurubahasa	d͡ʒ u r u b a h a s a
juruh	d͡ʒ u r u h
jurusaji	d͡ʒ u r u s a d͡ʒ i
jurusurat	d͡ʒ u r u s u r a t
jus	d͡ʒ u s
jusa	d͡ʒ u s a
justifikasi	d͡ʒ a s t i f i k a s i
justifikasikan	d͡ʒ a s t i f i k a s i k a n
juta	d͡ʒ u t a
juvenil	d͡ʒ u v e n i l
juz	d͡ʒ u z
juzuk	d͡ʒ u z u k
kaba	k a b a
kabung	k a b u ŋ
kabur	k a b o
kabus	k a b o s
kabut	k a b o t
kaca	k a t͡ʃ a
kacang	k a t͡ʃ a ŋ
kacau	k a t͡ʃ a w
kacu	k a t͡ʃ u
kacukan	k a t͡ʃ u k a n
kad	k a d
kadar	k a d a r
kadaran	k a d a r a n
kaedah	k a e d a h
kafir	k a f e
kafirkan	k a f e k a n
kagum	k a ɡ o m
kahkah	k a h k a h
kainsal	k a i n s a l
kaisar	k a j s a r
kajang	k a d͡ʒ a ŋ
kaji	k a d͡ʒ i
kak	k a k
kakak	k a k a ʔ
kakaktua	k a k a k t u a
kakanda	k a k a n d a
kakang	k a k a ŋ
kaki	k a k i
kakitangan	k a k i t a ŋ a n
kala	k a l a
kalah	k a l a h
kalamin	k a l a m e n
kalau	k a l a w
kalendar	k a l e n d a r
kaler	k a l ə
kali	k a l i
kalimah	k a l i m a h
kalimat	k a l i m a t
kalkulator	k a l k u l a t o r
kalung	k a l o ŋ
kambing	k a m b e ŋ
kami	k a m i
kamis	k a m e s
kampanye	k a m p a ɲ ə
kampung	k a m p o ŋ
kampus	k a m p u s
kamsia	k a m s j a
kamsiah	k a m s j a
kamu	k a m u
kamus	k a m o s
kamuskan	k a m o s k a n
kan	k a n
kanak	k a n a k
kanan	k a n a n
kancah	k a n t͡ʃ a h
kancing	k a n t͡ʃ e ŋ
kanda	k a n d a
kandang	k a n d a ŋ
kandung	k a n d o ŋ
kandungan	k a n d u ŋ a n
kang	k a ŋ
kangar	k a ŋ a r
kanggaru	k e ŋ ɡ ə r u
kangkung	k a ŋ k o ŋ
kangmas	k a ŋ m a s
kanin	k a n i n
kanta	k a n t a
kantoi	k a n t o j
kantonis	k a n t o n i s
kantuk	k a n t o k
kapal	k a p a l
kapas	k a p a s
kapasiti	k a p a s i t i
kapel	k a p ə l
kapitalisme	k a p i t a l i s m ə
kapitan	k a p i t a n
kapten	k e p t ə n
kapuk	k a p o ʔ
kapur	k a p o
karang	k a r a ŋ
karapas	k a ɾ a p a s
karat	k a r a t
karbon	k a r b o n
kardiologi	k a d i o l o d͡ʒ i
karet	k a r e t
kari	k a r i
kariah	k a r i a h
karipap	k a r i p a p
karnivor	k a r n i v o r
karsinogen	k a r s i n o ɡ ə n
karsinogenik	k a r s i n o ɡ e n i k
karya	k a j ə
kasar	k a s a r
kasau	k a s a w
kasi	k a s i
kasih	k a s e h
kasihan	k a s e h h a n
kasino	k a s i n o
kasuari	k a s u a r i
kasut	k a s u t
kasyaf	k a ʃ a f
kata	k a t a
katai	k a t a j
katak	k a t a ʔ
katerer	k a t ə r ə r
katering	k a t ə r i ŋ
kati	k a t i
katib	k a t i b
katil	k a t i l
katir	k a t i r
katung	k a t u ŋ
kau	k a w
kauki	k a w k i
kaula	k a w l a
kawah	k a w a h
kawal	k a w a l
kawalan	k a w a l a n
kawan	k a w a n
kawasan	k a w a s a n
kawat	k a w a t
kawula	k a w l ə
kaya	k a j a
kayangan	k a j a ŋ a n
kayau	k a j a w
kayu	k a j u
kayuh	k a y u h
kd	k e d i
kdb	k e d i b i
kdn	k e d i ʔ e n
ke	k e
keagresifan	k ə a ɡ r e s i f a n
keamanan	k ə a m a n a n
kebagusan	k ə b a ɡ o s a n
kebaharuan	k ə b a h a r u a n
kebaikan	k ə b a i k a n
keban	k ə b a n
kebaratan	k ə b a r a t a n
kebasi	k ə b a s i
kebebasan	k ə b e b a s a n
kebenaran	k ə b ə n a r a n
kebenuaan	k ə b ə n u a a n
kebetulan	k ə b ə t o l a n
kebingungan	k ə b e ŋ o ŋ a n
kebun	k ə b o n
kecai	k ə t͡ʃ a j
kecanggungan	k ə t͡ʃ a ŋ ɡ u ŋ a n
kecantikan	k ə t͡ʃ a n t e k k a n
kecemasan	k ə t͡ʃ ə m a s a n
kecendekiawanan	k ə t͡ʃ ə n d ə k i a w a n a n
kecepatan	k ə t͡ʃ ə p a t a n
kecil	k ə t͡ʃ i l
kecuali	k ə t͡ʃ u a l i
kecurian	k ə t͡ʃ u r i a n
kedaerahan	k ə d a ʔ e r a h a n
kedah	k ə d a h
kedai	k ə d a i̯
kedamaian	k ə d a m a j a n
kedatangan	k ə d a t a ŋ a n
kedatuan	k ə d a t u a n
kedekut	k ə d ə k o t
kedelai	k ə d ə l a j
kedip	k ə d e p
kedoktoran	k ə d o k t o r a n
kedua	k ə d u a
kedudukan	k ə d u d o k a n
kedut	k ə d o t
kedutan	k ə d u t a n
kedutkan	k ə d u t k a n
keemasan	k ə ə m a s a n
keempat	k ə ə m p a t
keenam	k ə ə n a m
kegramatisan	k ə ɡ r a m a t i s a n
kegunaan	k ə ɡ u n a a n
kehamilan	k ə h a m i l a n
kehilangan	k ə h i l a ŋ a n
kehormat	k ə h o r m a t
kehutanan	k ə h u t a n a n
keinsafan	k ə ʔ i n s a f a n
kejam	k ə d͡ʒ a m
kejap	k ə d͡ʒ a p̚
kejohanan	k ə d͡ʒ o h a n a n
keju	k e d͡ʒ u
kejuruteraan	k ə d͡ʒ u r u t ə r a a n
kejut	k ə d͡ʒ u t
kejutan	k ə d͡ʒ u t a n
kek	k e k
kekabu	k ə k a b u
kekanda	k ə k a n d a
kekasih	k ə k a s i h
kekejaman	k ə k ə d͡ʒ a m a n
kekek	k e k e k
kekeliruan	k ə k ə l i r u a n
kekerapan	k ə k ə r a p a n
kekunci	k ə k u n t͡ʃ i
kekurangan	k ə k u r a ŋ a n
kekwa	k ə k u a
kelabu	k ə l a b u
keladi	k ə l a d i
kelak	k ə l a ʔ
kelakar	k ə l a k a r
kelalang	k ə l a l a ŋ
kelambir	k ə l a m b i r
kelambu	k ə l a m b u
kelang	k ə l a ŋ
kelantan	k ə l a n t a n
kelapa	k ə l a p a
kelapan	k ə l a p a n
kelarutan	k ə l a r u t a n
kelas	k ə l a s
kelawar	k ə l a w a r
keldai	k ə l d a i̯
kelebaran	k ə l e b a r a n
kelebihan	k ə l ə b e h h a n
keledut	k ə l ə d u t
kelek	k e l e ʔ
kelelawar	k ə l ə l a w a
kelemahan	k ə l ə m a h a n
kelemari	k ə l ə m a r i
kelembapan	k ə l ə m b a p a n
kelemumur	k ə l ə m u m o
kelengkeng	k ə l e ŋ k e ŋ
kelepir	k ə l ə p e
kelestarian	k ə l e s t a r i a n
kelian	k ə l i a n
kelicap	k ə l i t͡ʃ a p
keligatan	k ə l i ɡ a t a n
keliling	k ə l i l e ŋ
kelim	k ə l e m
kelinci	k ə l ɪ n t͡ʃ i
keling	k ə l e ŋ
kelip	k ə l e p
keliru	k ə l i r u
kelmarin	k ə l m a r e n
kelola	k ə l o l a
keluar	k ə l u a
keluarga	k ə l u a r ɡ a
kelucuan	k ə l u t͡ʃ u a n
kelumpang	k ə l u m p a ŋ
kelupas	k ə l u p a s
kelupaskan	k ə l u p a s k a n
kem	k e m
kemabukan	k ə m a b o k a n
kemaman	k ə m a m a n
kemampanan	k ə m a m p a n a n
kemarau	k ə m a r a w
kemas	k ə m a s
kemasukan	k ə m a s o k a n
kembacang	k e m b a t͡ʃ a ŋ
kemban	k ə m b a n
kembang	k ə m b a ŋ
kembar	k ə m b a r
kemboja	k ə m b o d͡ʒ a
kembung	k ə m b o ŋ
kemeja	k ə m e d͡ʒ a
kementah	k ə m ə n t a h
kemih	k ə m i h
kemiskinan	k ə m i s k i n a n
kempen	k e m p e n
kemudi	k ə m u d i
kemudian	k ə m u d i a n
kemujuran	k ə m u d͡ʒ u r a n
kemungkinan	k ə m u ŋ k e n a n
kemuning	k ə m u n e ŋ
kena	k ə n a
kenal	k ə n a l
kenapa	k ə n a p a
kencang	k ə n t͡ʃ a ŋ
kencing	k ə n t͡ʃ e ŋ
kendi	k ə n d i
kenduri	k ə n d u r i
kening	k ə n e ŋ
kental	k ə n t a l
kentang	k ə n t a ŋ
kentut	k ə n t o t
kenyang	k ə ɲ a ŋ
kenyaringan	k ə ɲ a r e ŋ a n
kenyataan	k ə ɲ a t a a n
kepada	k ə p a d a
kepah	k ə p a h
kepak	k ə p a k
kepala	k ə p a l a
kepalingan	k ə p a l e ŋ ŋ a n
kepecutan	k ə p ə t͡ʃ o t a n
kependekan	k ə p e n d e k a n
kependudukan	k ə p ə n d u d o k a n
keperluan	k ə p ə r l u a n
keping	k ə p i ŋ
kepul	k ə p o l
kepulauan	k ə p u l a u̯ a n
kepunyaan	k ə p u ɲ a ʔ a n
kepuyuk	k ə p u j u k
kera	k ə r a
kerajang	k ə r a d͡ʒ a ŋ
keran	k ə r a n
kerana	k ə r a n a
kerang	k ə r a ŋ
kerani	k ə r a n i
keranjang	k ə r a n d͡ʒ a ŋ
kerap	k ə r a p
kerapu	k ə r a p u
keras	k ə r a s
kerbau	k ə b a w
kerbing	k ə r b e ŋ
kerdut	k ə r ə d u t
kerehatan	k ə r ə h a t a n
kerelatifan	k ə r ɛ l ə t i f a n
kerengga	k ə r e ŋ ɡ a
kerengsaan	k ə r ə ŋ s a a n
kerepek	k ə r ɛ p e k
kereta	k ə r e t a
keretapi	k ə r e t a p i
kering	k ə r e ŋ
kerinjal	k ə r i n d͡ʒ a l
keris	k ə r e s
kerja	k ə d͡ʒ ə
keropeng	k ə r o p e ŋ
keropok	k ə r o p o k
kersik	k ə r s i k
kertas	k ə r t a s
kerumun	k ə r u m o n
keruping	k ə r u p e ŋ
kesabaran	k ə s a b a r a n
kesalahan	k ə s a l a h a n
kesalasilahan	k ə s a l a s i l a h a n
kesan	k ə s a n
kesatu	k ə s a t u
kesedaran	k ə s ə d a r a n
kesedihan	k ə s ə d i h a n
keseimbangan	k ə s ə i m b a ŋ a n
kesembilan	k ə s ə m b i l a n
kesemua	k ə s ə m u a
kesemuanya	k ə s ə m u a ɲ a
kesenangan	k ə s ə n a ŋ a n
kesesalan	k ə s ə s a l a n
kesian	k ə s i a n
kesuma	k ə s u m a
kesunyian	k ə s u ɲ i a n
kesyukuran	k ə ʃ u k u r a n
keta	k e t ə
ketakmampuan	k ə t a k m a m p u a n
ketam	k ə t a m
ketat	k ə t a t
ketawa	k ə t a w a
kete	k e t ə
ketegangan	k ə t ə ɡ a ŋ a n
keterangan	k ə t ə r a ŋ a n
keterlarutan	k ə t ə r l a r u t a n
keti	k ə t i
ketiak	k ə t i a k
ketibas	k ə t i b a s
ketibus	k ə t i b o s
ketidakmungkinan	k ə t i d a k m u ŋ k e n a n
ketika	k ə t i k a
ketimbang	k ə t i m b a ŋ
keting	k ə t i ŋ
ketitam	k ə t i t a m
ketot	k e t o t
ketuanan	k ə t u a n a n
ketuban	k ə t u b a n
ketuhar	k ə t u h a
ketujuh	k ə t u d͡ʒ o h
ketupat	k ə t u p a t
keturunan	k ə t u r o n a n
kevoivodaan	k ə v o j v o d a a n
kewarganegaraan	k ə w a r ɡ a n ə ɡ a r a a n
khabar	x a b a r
khadijah	x a d i d͡ʒ a h
khalifah	k a l i f a h
khamis	k a m e s
khayal	x a j a l
khinzir	x i n z e
khusyuk	x u ʃ o k
kibar	k i b a r
kicap	k i t͡ʃ a p
kidal	k i d a l
kijang	k i d͡ʒ a ŋ
kikis	k i k i s
kilang	k i l a ŋ
kilas	k i l a s
kilat	k i l a t
kima	k i m a
kimak	k i m a k
kimpal	k i m p a l
kinabatangan	k i n a b a t a ŋ a n
kinar	k i n a
kindergarten	k i n d ə r ɡ a r t ə n
kini	k i n i
kipas	k i p a s
kira	k i r a
kirai	k i r a j
kiri	k i r i
kismis	k i s m e s
kita	k i t a
kitab	k i t a b
kitorang	k i t o r a ŋ
kiu	k i u
kk	k e k e
kl	k e ʔ e l
klac	k l a t͡ʃ
klang	k ə l a ŋ
klaring	k ə l a r i ŋ
klasik	k l a s i k
ko	k o
koc	k o t͡ʃ
kocak	k o t͡ʃ a k
kodek	k o d ə k
kodiang	k o d i a ŋ
kodok	k o d o k
koi	k o i̯
koki	k o k i
kolam	k o l a m
kolektif	k o l e k t i f
kolesom	k o l ə s o m
kolonialisme	k o l o n i a l i s m a
kolonisasi	k o l o n i s a s i
kome	k o m ə
komet	k o m e t
komisen	k o m i s e n
komisi	k o m i s i
komku	k ɔ m k u
kompleks	k o m p l e k s
komposer	k o m p o s ə r
komputer	k ɔ m p j u t ə
komrad	k o m r a d
komunikasi	k o m u n i k a s i
konbif	k o n b i f
konflik	k o n f l i k
kongsi	k o ŋ s i
konoha	k o n o h a
konon	k o n o n
kononnya	k o n o n ɲ a
konsensus	k o n s e n s u s
konsep	k o n s e p
konservatif	k o n s ə r v a t i f
konsonan	k ɔ n s o n a n
konstabel	k o n s t a b ə l
konteks	k o n t e k s
kontena	k o n t e n a
kontrol	k o n t r o l
kontroversi	k o n t r o v ə r s i
konven	k o n v e n
konvensyen	k o n v e n ʃ ə n
konvokesyen	k o n v o k e ʃ ə n
kopenhagen	k o p ə n h a ɡ ə n
kopernisium	k o p ə n i s i o m
kopi	k o p i
kopiah	k o p i a h
kopitiam	k o p i t i a m
kor	k o r
korang	k o r a ŋ
korea	k o r e a
korek	k o r e k
korg	k o r a ŋ
korona	k o r o n a
koronavirus	k o r o n a v i r u s
korunk	k o r a ŋ
korupsi	k o r a p s i
kota	k o t a
kotak	k o t a k
kotor	k o t o
kotoran	k o t o r a n
koyak	k o j a k
kpm	k e p i ʔ e m
kredibiliti	k r e d i b i l i t i
krisis	k r i s i s
kritikal	k r i t i k a l
kritis	k r i t i s
kronisme	k r o n i s m ə
krt	k e a r t i
ktm	k e t i e m
ku	k u
kuadrilion	k u a d r i l i o n
kuala	k u a l a
kuali	k u a l i
kualiti	k u a l i t i
kuang	k u a ŋ
kuantan	k u a n t a n
kuap	k u a p
kuar	k u a
kuarga	k u a r ɡ a
kuari	k u a r i
kuarza	k u a r z a
kuasa	k u a s a
kuatordesilion	k u a t o r d e s i l i o n
kuau	k u a u̯
kubang	k u b a ŋ
kubu	k u b u
kubur	k u b o
kucai	k u t͡ʃ a j
kuching	k u t͡ʃ e ŋ
kucing	k u t͡ʃ e ŋ
kuda	k u d a
kudapan	k u d a p a n
kudat	k u d a t
kuetiau	k u ə t i a w
kugar	k u ɡ a
kugiran	k u ɡ i r a n
kuih	k u e
kuil	k u e l
kuindesilion	k u i n d e s i l i o n
kuintilion	k u i n t i l i o n
kuiz	k u i z
kuki	k u k i
kuku	k u k u
kukuh	k u k o h
kula	k u l a
kulai	k u l a j
kulapuk	k u l a p u k
kulat	k u l a t
kulit	k u l e t
kulup	k u l o p
kulur	k u l o
kuman	k u m a n
kumandang	k u m a n d a ŋ
kumbang	k u m b a ŋ
kumbar	k u m b a r
kumis	k u m e s
kumpulan	k u m p u l a n
kumuh	k u m o h
kumur	k u m u r
kunca	k u n t͡ʃ a
kunci	k u n t͡ʃ i
kundur	k u n d u r
kuning	k u n e n
kuningan	k u n e ŋ a n
kunjung	k u n d͡ʒ u ŋ
kuno	k u n o
kunyah	k u ɲ a h
kupas	k u p a s
kupasan	k u p a s a n
kupi	k u p i
kuping	k u p e ŋ
kurang	k u r a ŋ
kurap	k u r a p
kureng	k u r e ŋ
kurium	k i ū r i ə m
kurma	a
kurnia	k u n i ə
kuruh	k u r o h
kurun	k u r o n
kusyen	k u ʃ ə n
kut	k o t
kutip	k u t e p
kutu	k u t u
kutub	k u t u p̚
kutubkhanah	k u t u b x a n a h
kutuk	k u t o k
kuwung	k u w o ŋ
kuyuk	k u j u ʔ
la	l a
laba	l a b a
labah	l a b a h
labuan	l a b u a n
labuh	l a b o h
labuhan	l a b o h a n
labuhkan	l a b o h k a n
lada	l a d a
ladam	l a d a m
lagi	l a ɡ i
lagu	l a ɡ u
lah	l a h
lahan	l a h a n
lahar	l a h a r
lai	l a j
laici	l a i t͡ʃ i
lain	l a e n
laju	l a d͡ʒ u
lak	l a k
laki	l a k i
laknatullah	l a k n a t u l l a h
lakon	l a k o n
laksa	l a k s a
laksamana	l a k s a m a n a
laksmi	l a k s m i
laku	l a k u
lakukan	l a k u k a n
lala	l a l a
lalat	l a l a t
lali	l ä l i
lalu	l a l u
laluan	l a l u a n
lama	l a m a
laman	l a m a n
lamar	l a m a r
lambang	l a m b a ŋ
lambat	l a m b a t
lamin	l a m i n
lampu	l a m p u
lamun	l a m o n
lamunan	l a m u n a n
lanca	l a n t͡ʃ a
lancar	l a n t͡ʃ a
lancarkan	l a n t͡ʃ a k a n
lancia	l a n t͡ʃ i a
landak	l a n d a k
lang	l a ŋ
langau	l a ŋ a u̯
langit	l a ŋ e t
langkah	l a ŋ k a h
langkat	l a ŋ k a t
langkawi	l a ŋ k a w i
langsat	l a ŋ s a t
langsung	l a ŋ s u ŋ
lanjut	l a n d͡ʒ o t
lanjutkan	l a n d͡ʒ u t k a n
lantai	l a n t a i̯
lantanum	l a n t a n o m
lantas	l a n t a s
lantik	l a n t e k
lanun	l a n o n
lap	l a p
lapah	l a p a h
lapan	l a p a n
lapar	l a p a
laptop	l a p t o p
lapuk	l a p u k
larangkan	l a r a ŋ k a n
laras	l a r a s
lari	l a r i
larut	l a r u t
lasam	l a s a m
latah	l a t a h
lateral	l a t ə r a l
latuh	l a t u h
lau	l a w
laut	l a o t
lautan	l a o t a n
lawa	l a w a
lawak	l a w a k
lawan	l a w a n
lawrensium	l a w r e n s i o m
layan	l a j a n
layanan	l a j a n a n
layang	l a j a ŋ
le	l ə
lebah	l ə b a h
lebai	l ə b a j
lebak	l ə b a k
lebih	l ə b e h
lebu	l ə b u
lebuh	l ə b o h
leftenan	l e f t ə n a n
legundi	l ə ɡ u n d i
leh	l e h
leher	l e h e
lek	l e k
lekas	l ə k a s
leklu	l e k l u
leksikografi	l e k s i k o ɡ r a f i
lekuk	l ə k o k
lelah	l ə l a h
lelaki	l ə l a k i
lelangit	l ə l a ŋ i t
lelap	l ə l a p
lelayang	l ə l a j a ŋ
lelong	l e l o ŋ
leluhur	l ə l u h o
lemah	l ə m a h
lemak	l ə m a ʔ
leman	l ə m a n
lemang	l ə m a ŋ
lemari	l ə m a ɣ i
lembah	l ə m b a h
lembap	l ə m b a p
lembayung	l ə m b a j o ŋ
lembu	l ə m b u
lembut	l ə m b o t
lempar	l e m p a
lempedal	l ə m p ə d ā l
lendir	l ə n d e
leng	l e ŋ
lenga	l e ŋ a
lengan	l ə ŋ a n
lengang	l ə ŋ a ŋ
lengkap	l ə ŋ k a p
lengkuas	l ə ŋ k u a s
lengkung	l ə ŋ k o ŋ
lensa	l ɛ n s a
lentang	l ə n t a ŋ
lentera	l ə n t e r a
lenting	l ə n t e ŋ
lenyap	l ə ɲ a p
lepa	l ə p a
lepak	l e p a k
lepas	l ə p a s
lepaskan	l ə p a s k a n
lepu	l e p u
lereng	l e r e ŋ
lesen	l e s e n
lestari	l e s t a r i
lestarikan	l e s t a r i k a n
lesung	l ə s u ŋ
letak	l ə t a k
letih	l ə t i h
letupan	l ə t o p a n
lewat	l e w a t
liang	l i a ŋ
liberal	l i b ə r ə l
liberalisme	l i b ə r a l i s m a
libya	l i b i a
lidah	l i d a h
lif	l i f
liga	l i ɡ a
ligat	l i ɡ a t
likur	l i k o
lilin	l i l i n
lima	l i m a
liman	l i m a n
limas	l i m a s
limau	l i m a w
limpah	l i m p a h
lincir	l i n t͡ʃ e
lindung	l i n d o ŋ
lingkar	l i ŋ k a r
lintah	l i n t a h
lintang	l i n t a ŋ
lipan	l i p a n
lipas	l i p a s
lipat	l i p a t
lipis	l i p i s
lipstik	l i p s t e k
liput	l i p u t
litium	l i t i o m
liwat	l i w a t
lobak	l o b a k
loceng	l o t͡ʃ e ŋ
loghat	l o ɣ ä t
lok	l o k
loka	l o k a
lokap	l o k a p
lokasi	l o k a s i
lolong	l o l o ŋ
lombong	l o m b o ŋ
londeh	l o n d e h
longan	l o ŋ ɡ a n
longkang	l o ŋ k a ŋ
losen	l o s e n
loteng	l o t e ŋ
loyang	l o j a ŋ
loyar	l o j a
lu	l u
luah	l u a h
luak	l u a ʔ
luang	l u a ŋ
luar	l u a
luas	l u a s
lubang	l u b a ŋ
lubnan	l u b n a n
lucu	l u t͡ʃ u
ludah	l u d a h
luka	l u k a
lukah	l u k a h
lukut	l u k u t
lumayan	l u m a j a n
lumpur	l u m p o
lumut	l u m o t
lunak	l u n a k
luncur	l u n t͡ʃ u r
lungsin	l u ŋ s i n
lungsur	l u ŋ s o
luntang	l u n t a ŋ
lupa	l u p a
luput	l u p u t
lurang	l u r a ŋ
lusa	l u s a
lutut	l u t o t
mabbim	m a b i m
mabuk	m a b o k
macam	m a t͡ʃ a m
macan	m a t͡ʃ a n
macang	m a t͡ʃ a ŋ
madah	m a d a h
madani	m a d a n i
madrasah	m a d r a s a h
magang	m a ɡ a ŋ
mageran	m a ɡ ə r a n
magik	m e d͡ʒ i k
maging	m a ɡ e ŋ
magnesium	m a k n e s i o m
mahafiraun	m a h a f i r a u n
mahaguru	m a h a ɡ u r u
mahal	m a h a l
maharaja	m a h a r a d͡ʒ a
maharani	m a h a r a n i
mahkota	m a h k o t a
mahogani	m a h o ɡ a n i
mahu	m a h u
mahupun	m a h u p u n
main	m a e n
mainan	m a i n a n
majalah	m a d͡ʒ a l a h
majlis	m a d͡ʒ l i s
maju	m a d͡ʒ u
mak	m a k
maka	m a k a
makam	m a k a m
makan	m a k a n
makanan	m a k a n a n
makhluk	m a h l o k
maki	m a k i
makin	m a k i n
maklum	m a ʔ l u m
maklumat	m a ʔ l u m a t
makrifat	m a k r i f a t
maksud	m a k s o d
makwe	m a k w ə
malah	m a l a h
malam	m a l a m
malang	m a l a ŋ
malapetaka	m a l a p ə t a k a
maldives	m a l d i v
mamah	m a m a h
mamai	m a m a i̯
mamak	m a m a k
mamalia	m a m a l i a
mampan	m a m p a n
mampankan	m a m p a n k a n
mampus	m a m p u s
mana	m a n a
manai	m a n a j
manakala	m a n a k a l a
mancang	m a n t͡ʃ a ŋ
manga	m a ŋ a
mangga	m a ŋ ɡ a
manggis	m a ŋ ɡ e s
manggustan	m a ŋ ɡ u s t a n
mangkat	m a ŋ k a t
mangkuk	m a ŋ k o k
mangsa	m a ŋ s a
mangun	m a ŋ o n
manikam	m a n i k a m
manira	m a n i r a
manis	m a n e s
manja	m a n d͡ʒ a
manjung	m a n d͡ʒ u ŋ
mansuh	m a n s o h
mantul	m a n t o l
manuk	m a n o k
manusia	m a n u s i ə
manuskrip	m a n u s k r i p
maoisme	m a o i s m ə
mara	m a r a
marah	m a r a h
marak	m a r a k
maran	m a r a n
mari	m a r i
marikh	m a r i x
marmar	m a r m a r
martabat	m a r r t a b a t
marxisme	m a k s i s m a
mas	m a s
masa	m a s a
masak	m a s a k
masih	m a s e h
masihi	m a s i h i
masin	m a s e n
masing	m a s i ŋ
masjid	m a s d͡ʒ e d
masokisme	m a s o k i s m ə
massa	m a s a
masuk	m a s o k
masukkan	m a s o k k a n
masyarakat	m a ʃ a r a k a t
mat	m a t
mata	m a t a
matahari	m a t a h a r i
matematik	m a t ə m a t i k
mati	m a t i
matrilineal	m a t r i l i n e a l
matriye	m a t r i j ə
matriyer	m a t r i j ə
maun	m a o n
maung	m a o ŋ
maya	m a j a
mayat	m a j a t
mayones	m a j o n e s
mayonis	m a j o n i s
medali	m ə d a l i
medsos	m e d s o s
mega	m e ɡ a
meja	m e d͡ʒ a
mekah	m ə k a h
mekak	m ə k a k
mekar	m ə k a r
mekdi	m e k d i
mel	m e l
melabuh	m ə l a b o h
melabuhkan	m ə l a b o h k a n
melaka	m ə l a k a
melamun	m ə l a m u n
melancarkan	m ə l a n t͡ʃ a k a n
melati	m ə l a t i
melayu	m ə l a j u
meleis	m ə l e i s
melengkung	m ə l ə ŋ k o ŋ
melestarikan	m ə l e s t a r i k a n
meletakkan	m ə l ə t a k k a n
melihat	m ə l i h a t
melirang	m ə l i r a ŋ
mellotron	m e l o t r o n
melokap	m ə l o k a p
melosen	m ə l o s e n
melukut	m ə l u k u t
meluputkan	m ə l u p u t k a n
melur	m ə l o
memagari	m ə m a ɡ a r i
memalingkan	m ə m a l e ŋ k a n
memalukan	m ə m a l u k a n
memampankan	m ə m a m p a n k a n
memandang	m ə m a n d a ŋ
memandu	m ə m a n d u
memang	m e m a ŋ
memasak	m ə m a s a k
memasukkan	m ə m a s o k k a n
membacang	m e m b a t͡ʃ a ŋ
membadut	m ə m b a d o t
membaguskan	m ə m b a ɡ o s k a n
membaharui	m ə m b a h a r u i
membahas	m ə m b a h a s
membahaskan	m ə m b a h a s k a n
membaiki	m ə m b a i k i
membandarkan	m ə m b a n d a k a n
membantai	m ə m b a n t a j
membawang	m ə m b a w a ŋ
membentang	m ə m b ə n t a ŋ
member	m e m b ə
memberi	m ə m b ə r i
membesar	m ə m b ə s a r
membetulkan	m ə m b ə t u l k a n
membiang	m ə m b i a ŋ
membincangkan	m ə m b i n t͡ʃ a ŋ k a n
membisu	m ə m b i s u
membuat	m ə m b u a t
membulat	m ə m b u l a t
membundar	m ə m b u n d a
membundarkan	m ə m b u n d a k a n
membunuh	m ə m b u n o h
membusuk	m ə m b u s u k
memecut	m ə m ə t͡ʃ u t
memekak	m ə m ə k a k
memekakkan	m ə m ə k a k k a n
memelayukan	m ə m ə l a j u k a n
memeningkan	m ə m ə n i ŋ k a n
memeterai	m ə m ə t ə r a j
meminta	m ə m i n t a
memisalkan	m ə m i s a l k a n
memotong	m ə m o t o ŋ
mempedulikan	m ə m p ə d u l i k a n
mempelai	m ə m p ə l a j
mempelam	m ə m p ə l a m
memperbaharu	m ə m p ə r b a h a r u
memperbaik	m ə m p ə b a e k
mempercontohkan	m ə m p ə r t͡ʃ o n t o h k a n
memperkatakan	m ə m p ə k a t ə k a n
mempersembahkan	m ə m p ə r s ə m b a h k a n
mempertontonkan	m ə m p ə r t o n t o n k a n
mempertuan	m ə m p ə r t u a n
memuaskan	m ə m u a s k a n
memudahkan	m ə m u d a h k a n
memudaratkan	m ə m u d a r a t k a n
memungkinkan	m ə m u ŋ k e n k a n
memungut	m ə m u ŋ o t
memvideokan	m ə m v i d e o k a n
menakal	m ə n a k a l
menakutkan	m ə n a k o t k a n
menambah	m ə n a m b a h
menambahkan	m ə n u m b a h k a n
menampan	m ə n a m p a n
menandakan	m ə n a n d a k a n
menang	m ə n a ŋ
menangis	m ə n a ŋ e s
menanjung	m ə n a n d͡ʒ u ŋ
menara	m ə n a r ə
menari	m ə n a r i
menarik	m ə n a r e k
menawarkan	m ə n a w a r k a n
mencapai	m ə n t͡ʃ a p a j
mencapap	m ə n t͡ʃ a p a p
mencari	m ə n t͡ʃ a r i
mencedok	m ə n t͡ʃ e d o ʔ
mencipta	m ə n t͡ʃ i p t a
menciput	m ə n t͡ʃ i p o t
mencontoh	m ə n t͡ʃ o n t o h
mencontohi	m ə n t͡ʃ o n t o h i
mencontohkan	m ə n t͡ʃ o n t o h k a n
mencuri	m ə n t͡ʃ u r i
menda	m ə n d a
mendakan	m ə n d a k a n
mende	m ə n d ə
mendengus	m ə n d ə ŋ u s
mendiskriminasikan	m ə n d i s k r i m i n a s i k a n
menduduki	m ə n d u d o k i
mendung	m ə n d o ŋ
menegah	m ə n ə ɡ a h
menelan	m ə n ə l a n
menelefon	m ə n e l i f o n
menengok	m ə n e ŋ o k
menerangkan	m ə n ə r a ŋ k a n
meneroka	m ə n ə r o k a
meneruskan	m ə n ə r o s k a n
mengabadikan	m ə ŋ a b a d i k a n
mengabar	m ə ŋ a b a r
mengabuk	m ə ŋ a b u k
mengacan	m ə ŋ a t͡ʃ a n
mengacau	m ə ŋ a t͡ʃ a u̯
mengaduh	m ə ŋ a d o h
mengaku	m ə ŋ a k u
mengamuk	m ə ŋ a m o ʔ
mengamuskan	m ə ŋ a m o s k a n
menganjing	m ə ŋ a n d͡ʒ e ŋ
mengantuk	m ə ŋ a n t o k
menganwarkan	m ə ŋ a n w a r k a n
mengapa	m ə ŋ a p a
mengarah	m ə ŋ a r a h
mengata	m ə ŋ a t a
mengeduduki	m ə ŋ ə d u d o k i
mengedut	m ə ŋ ə d o t
mengedutkan	m ə ŋ ə d o t k a n
mengelek	m ə ŋ e l e ʔ
mengelip	m ə ŋ ə l e p
mengelupas	m ə ŋ ə l u p a s
mengenai	m ə ŋ ə n a ʔ i
mengeong	m ə ŋ e o ŋ
mengerti	m ə ŋ ə r t i
mengesahkan	m ə ŋ ə s a h k a n
mengetahui	m ə ŋ ə t a h u j
menggelar	m ə ŋ ɡ ə l a
menggerek	m ə ŋ ɡ e r e ʔ
menggerekkan	m ə ŋ ɡ e r e ʔ k a n
menggosok	m ə ŋ ɡ o s o k
menghela	m ə n ɣ e l a
menghiraukan	m ə n ɣ i r a u k a n
mengimplementasikan	m ə ŋ i m p l e m e n t a s i k a n
menginsafi	m ə ŋ i n s a f i
menginsafkan	m ə ŋ i n s a f k a n
mengiring	m ə ŋ i r i ŋ
mengisi	m ə ŋ i s i
mengkarung	m ə ŋ k a r o ŋ
mengkasar	m ə ŋ k a s a
mengkuang	m ə ŋ k u a ŋ
mengolah	m ə ŋ o l a h
mengurniakan	m ə ŋ k u r n i a k a n
meninggal	m ə n i ŋ ɡ a l
meninjau	m ə n i n d͡ʒ a u̯
menipu	m ə n i p u
meniti	m ə n i t i
menjadi	m ə n d͡ʒ a d i
menjawab	m ə n d͡ʒ a w a b
menjengah	m ə n d͡ʒ ə ŋ a h
menjepunkan	m ə n d͡ʒ ə p u n k a n
menjulang	m ə n d͡ʒ u l a ŋ
menjustifikasikan	m ə n d͡ʒ a s t i f i k a s i k a n
menolehkan	m ə n o l e h k a n
menonton	m ə n o n t o n
menora	a
menswastakan	m ə n s w a s t a k a n
mentadak	m ə n t a d a k
mentah	m ə n t a h
mental	m e n t a l
mentari	m ə n t a r i
mentega	m ə n t e ɡ a
menteri	m ə n t ə r i
menujah	m ə n u d͡ʒ a h
menuju	m ə n u d͡ʒ u
menular	m ə n u l a r
menurunkan	m ə n u r u n k a n
menyajikan	m ə ɲ a d͡ʒ i k a n
menyambung	m ə ɲ a m b u ŋ
menyampah	m ə ɲ a m p a h
menyapu	m ə ɲ a p u
menyatakan	m ə ɲ a t a k a n
menyebabkan	m ə ɲ ə b a b k a n
menyelubungi	m ə ɲ ə l u b ʊ ŋ i
menyemai	m ə ɲ ə m a i
menyembah	m ə ɲ ə m b a h
menyembahkan	m ə ɲ ə m b a h k a n
menyentak	m ə ɲ ə n t a k
menyentuh	m ə ɲ ə n t o h
menyerang	m ə ɲ ə r a ŋ
menyesal	m ə ɲ ə s a l
menyesali	m ə ɲ ə s a l i
menyesalkan	m ə ɲ ə s a l k a n
menyeterika	m ə ɲ ə t ə r i k a
menyuarakan	m ə ɲ u a r a k a n
menyulam	m ə ɲ u l a m
menyurat	m ə ɲ u r a t
menyurati	m ə ɲ u r a t i
menyuratkan	m ə ɲ u r a t k a n
menyusurgalurkan	m ə ɲ u s o r ɡ a l o k a n
merah	m e r a h
merajuk	m ə r a d͡ʒ o k
merak	m ə r a k
merambong	m ə r a m b o ŋ
meranduk	m ə r a n d o k
merangkak	m ə r a ŋ k a k
meranti	m ə r a n t i
mercun	m ə r t͡ʃ o n
merdeheka	m ə d ə h e k a
meregas	m ə r ə ɡ a s
meregat	m ə r ə ɡ a t
mereka	m ə r e k a
merenung	m ə r ə n u ŋ
merenungi	m ə r ə n u ŋ i
merepet	m ə r e p e t
meringkik	m ə r i ŋ k e k
merinyu	m ə r i ɲ u
meritokrasi	m e r i t o k r a s i
meritokratik	m e r i t o k r a t i k
merkuri	m ə k u r i
merpati	m ə p a t i
merumikan	m ə r u m e k a n
merunggai	m ə r u ŋ ɡ a j
merupakan	m ə r u p a k a n
mesej	m e s e d͡ʒ
mesia	m e s i a
mesin	m e s i n
mesingan	m e s i n ɡ a n
mesir	m ə s e
meski	m ə s k i
meskipun	m ə s k i p o n
mesosfera	m e s o s f e r a
mesra	m ə s r a
mesyuarat	m ə ʃ u a r a t
metatesis	m e t a t e s i s
meterai	m ə t ə r a j
mewah	m ɛ w a h
mi	m i
miang	m i a ŋ
mikrofon	m a j k r o f o n
mikropemproses	m i k r o p ə m p r o s ə s
mikroskop	m i k r o s k o p
milik	m i l e k
milo	m a j l o
mimbar	m i m b a
mimpi	m i m p i
minarkisme	m i n a k i z ə m
minat	m i n a t
minggu	m i ŋ ɡ u
minta	m i n t a
mintak	m i n t a k
mintakulburuj	m i n t a k u l b u r o d͡ʒ
minum	m i n o m
minuman	m i n u m a n
minyak	m i ɲ a k
mirah	m i r ə a h
mirip	m i r i p
misai	m i s a i̯
misal	m i s a l
misalan	m i s a l a n
misalkan	m i s a l k a n
misi	m i s i
miskin	m i s k e n
misoa	m i s o a
misoginis	m i s o d͡ʒ ə n i s
mitos	m i t o s
model	m o d e l
modem	m o d e m
mogok	m o ɡ o k
mohon	m o h o n
mohong	m o h o ŋ
moktan	m o k t a n
molekul	m o l e k u l
momen	m o m e n
monogami	m o n o ɡ a m i
monorel	m o n o r e l
montok	m o n t o k
monyet	m o ɲ e t
morfem	m o r f e m
moto	m o t o
motosikal	m o t o s i k a l
moyang	m o j a ŋ
mssm	e m e s e s e m
mua	m u a
muara	m u a r a
muat	m u a t
muda	m u d a
mudi	m u d i
muflis	m u f l i s
mufti	m u f t i
muharam	m u h a r a m
mujahid	m u d͡ʒ a h e d
mujur	m u d͡ʒ u r
muka	m u k a
mula	m u l a
mulai	m u l a i
mulut	m u l o t
munafik	m u n a f e k
mungkin	m u ŋ k e n
mungkinkan	m u ŋ k e n k a n
muntah	m u n t a h
murah	m u r a h
murid	m u r e d
musa	m u s a
musang	m u s a ŋ
musim	m u s e m
musnah	m u s n a h
mustahil	m u s t a h e l
musytari	m u ʃ t a r i
mutiara	m u t i a r a
mutlak	m u t l a k
mutu	m u t u
muzik	m j u z ɪ k
muzium	m i u z i o m
nabi	n a b i
nafas	n a f a s
naga	n a ɡ a
nah	n a h
nahu	n a h u
naib	n a i b
naik	n a e k
najam	n a d͡ʒ a m
najis	n a d͡ʒ i s
nak	n a k
nakal	n a k a l
nalih	n a l e h
nam	n a m
nama	n a m a
nampak	n a m p a k
namun	n a m o n
nan	n a n
nana	n a n a
nanah	n a n a h
nanas	n a n a s
nangis	n a ŋ e s
nangka	n a ŋ k a
nanti	n a n t i
nasi	n a s i
nasib	n a s i b
nasionalistik	n a s i o n a l i s t i k
naskhah	n a s k a h
nasrani	n a s r a n i
natrium	n a t r i u m
naungan	n a o ŋ a n
nawa	n a w a
nazak	n a z a k
nazisme	n a s i z ə m
negara	n ə ɡ a r a
negeri	n ə ɡ ə r i
nek	n e k
nekad	n ə k a d
nekshar	n e k ʃ a
nenas	n ə n a s
nenda	n ə n d a
nenek	n e n e k
neon	n e ɔ n
neraka	n ə r a k a
ngam	ŋ a m
ngan	ŋ a n
nganga	ŋ a ŋ a
ngantuk	ŋ a n t o k
ngarai	ŋ a r a j
ngeong	ŋ e o ŋ
ngilu	ŋ i l u
ngok	ŋ o k
ngomong	ŋ o m o ŋ
ni	n i
niaga	n i a ɡ a
nihil	n i h e l
nila	n i l a
nilau	n i l a u̯
nipis	n i p e s
nipu	n i p u
nisa	n i s a
nitrogen	n a j t r o d͡ʒ ə n
noda	n o d a
nol	n o l
nombor	n o m b o
nona	a
nonilion	n ɔ n i l i o n
norway	n o r w e j
nostalgia	n o s t a l d͡ʒ i a
november	n o v e m b ə
novemdesilion	n o v ɛ m d ɛ s i l i o n
nusa	n u s a
nusantara	n u s a n t a r a
nya	ɲ a
nyahfros	ɲ a h f r o s
nyahpepijat	ɲ a h p ə p i d͡ʒ a t
nyahserpih	ɲ a h s ə r p i h
nyala	ɲ a l a
nyaman	ɲ a m a n
nyamuk	ɲ a m o k
nyata	ɲ a t a
nyawa	ɲ a w a
nyesal	ɲ ə s a l
nyiru	ɲ i r u
nyiur	ɲ i o
nyonya	ɲ o ɲ a
nyonyot	ɲ o ɲ o t
nyunyut	ɲ u ɲ o t
oasis	o a s i s
oder	o d ə
oftalmologi	o f t a l m o l o d͡ʒ i
oi	o i̯
okey	o k e
oksihidrogen	o k s i h a j d r o d͡ʒ ə n
okt	o k e t i
oktagon	o k t a ɡ o n
oktilion	o k t i l i o n
oktodesilion	o k t o d e s i l i o n
oku	o k e j u
olah	o l a h
olak	o l a k
oleh	o l e h
oman	o m a n
ombak	o m b a k
omnivor	o m n i v o r
online	o n l a i n
optimis	o p t i m i s
optimistik	o p t i m i s t i k
orait	ɔ r a i t
orak	o r a k
orang	o r a ŋ
oren	o r e n
org	o r a ŋ
organik	o r ɡ a n e k
organisma	o r ɡ a n i s m a
otai	o t a j
otak	o t a k
ovum	o v o m
pabila	p a b i l a
pacal	p a t͡ʃ a l
pacu	p a t͡ʃ u
pacuan	p a t͡ʃ u a n
padam	p a d a m
padang	p a d a ŋ
padat	p a d a t
paderi	p a d ə r i
padi	p a d i
paduka	p a d u k a
pagar	p a ɡ a
pagi	p a ɡ i
paha	p a h a
pahal	p a h a l
paham	p a h a m
pahang	p a h a ŋ
pahat	p a h a t
pahit	p a h i t
paip	p a i p
pajakan	p a d͡ʒ a k a n
pakai	p a k a j
pakaian	p a k a i a̯ n
pakal	p a k a l
pakar	p a k a
pakat	p a k a t
pakatan	p a k a t a n
paksi	p a k s i
paku	p a k u
pakwe	p a k w ə
pala	p a l a
paladium	p a l a d i o m
palang	p a l a ŋ
palapes	p a l a p e s
palatau	p a l a t a u̯
palau	p a l a u
paling	p a l e ŋ
palingan	p a l e ŋ ŋ a n
palingkan	p a l e ŋ k a n
palit	p a l e t
palma	p a l m a
palu	p a l u
pamah	p a m a h
paman	p a m a n
pamegat	p a m ə ɡ a t
pampang	p a m p a ŋ
panah	p a n a h
panas	p a n a s
panau	p a n a u̯
panca	p a n t͡ʃ a
pancaindera	p a n t͡ʃ a i n d ə r a
pancing	p a n t͡ʃ e ŋ
pancit	p a n t͡ʃ e t
pancung	p a n t͡ʃ u ŋ
pancuran	p a n t͡ʃ u r a n
panda	p a n d a
pandai	p a n d a j
pandan	p a n d a n
pandangan	p a n d a ŋ a n
pangan	p a ŋ a n
pangkat	p a ŋ k a t
pangsapuri	p a ŋ s a p u r i
panir	p a n i r
panjang	p a n d͡ʒ a ŋ
panjat	p a n d͡ʒ a t
panji	p a n d͡ʒ i
pankek	p a n k e k
pantai	p a n t a j
pantang	p a n t a ŋ
pantas	p a n t a s
papa	p a p a
papan	p a p a n
papar	p a p a r
para	p a r a
paraf	p a r a f
parang	p a r a ŋ
parap	p a r a p
parasit	p a r a s i t
parau	p a r a u̯
pari	p a r i
parkir	p a r k i r
parkiran	p a r k i r a n
parlimen	p a r l i m e n
parti	p a r t i
paru	p a r u
pasak	p a s a k
pasal	p a s a l
pasar	p a s a r
pasir	p a s e
paskal	p a s k a l
pasni	p a s n i
pasta	p a s t a
pasti	p a s t i
pastu	p a s t u
pat	p a t
patah	p a t a h
patera	p a t ə r a
pati	p a t i
patik	p a t e k
patin	p a t e n
patio	p a t i o
patuk	p a t o k
patung	p a t u ŋ
patut	p a t u t
pauh	p a u h
pawagam	p a w a ɡ a m
pawai	p a w a i̯
pawaka	p a w a k a
pawana	p a w a n a
pawang	p a w a ŋ
pawitera	p a w i t ə r a
payang	p a j a ŋ
payudara	p a j u d a r a
payung	p a j o ŋ
pbb	p i b i b i
pbrs	p i b i a r e s
pbs	p i b i e s
pdb	p i d i b i
pdrm	p i d i ʔ a r ʔ e m
pecah	p ə t͡ʃ a h
pecahan	p ə t͡ʃ a h a n
pecut	p ə t͡ʃ u t
pecutan	p ə t͡ʃ o t a n
pedas	p ə d a s
pedati	p ə d a t i
pedih	p ə d i h
pedoman	p ə d o m a n
peduli	p ə d u l i
pegang	p e ɡ a ŋ
pehal	p ə h a l
pejabat	p ə d͡ʒ a b a t
pejam	p ə d͡ʒ a m
pejoratif	p e d͡ʒ o r a t i f
pek	p e k
pekak	p e k a k
pekakkan	p ə k a k k a n
pekamus	p ə k a m o s
pekan	p ə k a n
pekembar	p ə k ə m b a
pekerja	p ə k ə d͡ʒ ə
pekerjaan	p ə k ə r d͡ʒ a a n
pelabuhan	p ə l a b o h a n
pelacur	p ə l a t͡ʃ o
pelajar	p ə l a d͡ʒ a
pelajaran	p ə l a d͡ʒ a r a n
pelakon	p ə l a k o n
pelam	p ə l a m
pelampau	p ə l a m p a w
pelana	p ə l a n a
pelancong	p ə l a n t͡ʃ o ŋ
pelancongan	p ə l a n t͡ʃ o ŋ a n
pelangi	p ə l a ŋ i
pelantar	p ə l a n t a r
pelarian	p ə l a r i a n
pelat	p e l a t
pelatuk	p ə l a t o k
pelawak	p ə l a w a k
pelayar	p ə l a j a
pelbagai	p ə l b a ɡ a j
pelengkung	p ə l ə ŋ k o ŋ
pelepah	p ə l ə p a h
pelestarian	p ə l e s t a r i a n
pelik	p ə l e k
pelincir	p ə l i n t͡ʃ e
pelipat	p ə l i p a t
pelita	p ə l i t a
peluh	p ə l u h
peluit	p ə l u i t
peluk	p ə l o k
pelumba	p ə l u m b a
peluntur	p ə l u n t o r
peluru	p ə l u r u
pemabuk	p ə m a b o k
pemacu	p ə m a t͡ʃ u
pemadam	p ə m a d a m
pemaju	p ə m a d͡ʒ u
pemakaian	p ə m a k a j a n
pemakanan	p ə m a k a n a n
pemali	p ə m a l i
pemampanan	p ə m a m p a n a n
pemanas	p ə m a n a s
pemancing	p ə m a n t͡ʃ e ŋ
pemandulan	p ə m a n d o l a n
pemangsa	p ə m a ŋ s a
pemasa	p ə m a s a
pembaharu	p ə m b a h a r u
pembandaran	p ə m b a n d a r a n
pembaris	p ə m b a r i s
pembayang	p ə m b a j a ŋ
pembela	p ə m b e l a
pembincang	p ə m b i n t͡ʃ a ŋ
pembunuh	p ə m b u n o h
pemburu	p ə m b u r u
pemerintah	p ə m ə r e n t a h
pemilih	p ə m i l i h
pemilik	p ə m i l e k
pemilikan	p ə m i l i k a n
pemimpin	p ə m i m p i n
peminat	p ə m i n a t
pemogok	p ə m o ɡ o k
pemogokan	p ə m o ɡ o k a n
pemotong	p ə m o t o ŋ
pempengaruh	p ə m p ə ŋ a r u h
pempuan	p ə m p u a n
penakut	p ə n a k o t
penampan	p ə n a m p a n
penara	p ə n a r a
penari	p ə n a r i
pencair	p ə n t͡ʃ a i r
pencemaran	p ə n t͡ʃ ə m a r a n
pencerobohan	p ə n t͡ʃ ə r o b o h a n
pencil	p ə n t͡ʃ e l
pencipta	p ə n t͡ʃ i p t a
pencuri	p ə n t͡ʃ u r i
pencurian	p ə n t͡ʃ u r i a n
pendap	p ə n d a p
pendapat	p ə n d a p a t
pendapatan	p ə n d a p a t a n
pendar	p ə n d a
pendarfosfor	p ə n d a f o s f o
pendatang	p ə n d a t a ŋ
pendeta	p ə n d e t a
pendiam	p ə n d i a m
pendidikan	p ə n d i d e k a n
pendingin	p ə n d i ŋ i n
penduduk	p ə n d u d o k
pendudukan	p ə n d u d o k i
penebuk	p ə n ə b o k
penekanan	p ə n ə k a n a n
pengagresif	p ə ŋ a ɡ r e s i f
pengajar	p ə ŋ a d͡ʒ a
pengaki	p ə ŋ a k i
pengaruh	p ə ŋ a r o h
pengasal	p ə ŋ a s a l
pengecualian	p ə ŋ ə t͡ʃ u a l i a n
pengedit	p ə ŋ e d i t
pengeditan	p ə ŋ e d i t a n
pengepala	p ə ŋ ə p a l a
pengerusi	p ə ŋ ə r u s i
pengetua	p ə ŋ ə t u a
pengganas	p ə ŋ ɡ a n a s
penggemar	p ə ŋ ɡ ə m a r
penggerek	p ə ŋ ɡ e r e ʔ
pengguling	p ə ŋ ɡ u l e ŋ
pengguna	p ə ŋ ɡ u n a
penggunaan	p ə ŋ ɡ u n a a n
penghitung	p ə ŋ h i t u ŋ
penghitungkan	p ə ŋ h i t u ɡ a n
penghutanan	p ə ŋ h u t a n a n
pengimpalan	p ə ŋ i m p a l a n
pengokot	p ə ŋ o k o t
pengulin	p ə ŋ u l i n
pengumpil	p ə ŋ u m p i l
pengundi	p ə ŋ u n d i
pengungkil	p ə ŋ u ŋ k i l
pengungkit	p ə ŋ u ŋ k i t
pening	p ə n i ŋ
peningkan	p ə n i ŋ k a n
penjajahan	p ə n d͡ʒ a d͡ʒ a h a n
penjara	p ə n d͡ʒ a r a
penjawab	p ə n d͡ʒ a w a b
penjenayah	p ə n d͡ʒ ə n a j a
penjepunan	p ə n d͡ʒ ə p u n a n
penjual	p ə n d͡ʒ u a l
penjuru	p ə n d͡ʒ u r u
penonton	p ə n o n t o n
pensel	p e n s e l
pensintesis	p ə n s i n t ə s i s
pensyarah	p ə n ʃ a r a h
pentadbiran	p ə n t a d b e r a n
penuaan	p ə n u a a n
penuh	p ə n u h
penundaan	p ə n u n d a a n
penunu	p ə n u n u
penutup	p ə n u t u p
penyahserpihan	p ə ɲ a h s ə r p i h a n
penyaji	p ə ɲ a d͡ʒ i
penyajian	p ə ɲ a d͡ʒ i a n
penyakit	p ə ɲ a k e t
penyanyi	p ə ɲ a ɲ i
penyapu	p ə ɲ a p u
penyederhanaan	p ə ɲ ə d ə r h a n a a n
penyelesaian	p ə ɲ ə l ə s a i̯ a n
penyembah	p ə ɲ ə m b a h
penyembahan	p ə ɲ ə m b a h a n
penyerap	p ə ɲ ə r a p
penyerpihan	p ə ɲ e p e h a n
penyesalan	p ə ɲ ə s a l a n
penyetempatan	p ə ɲ ə t ə m p a t a n
penyewa	p ə ɲ e w a
penyokong	p ə ɲ o k o ŋ
penyu	p ə ɲ u
pepatah	p ə p a t a h
pepatung	p ə p a t u ŋ
pepijat	p ə p i d͡ʒ a t
pepuah	p ə p u a h
perabot	p ə r a b o t
peradaban	p ə r a d a b a n
perah	p ə r a h
perahu	p ə r a h u
perajurit	p ə r a d͡ʒ u r e t
perak	p e r a ʔ
peran	p ə r a n
peranakan	p ə r a n a k a n
perancis	p ə r a n t͡ʃ i s
perang	p e r a ŋ
perangai	p ə r a ŋ a j
peras	p ə r a s
perasaan	p ə r a s a a n
peraturan	p ə r a t u r a n
peratus	p ə r a t u s
perau	p ə r a w
perbaharu	p ə r b a h a r u
perbarisan	p ə b a r e s a n
perbatasan	p ə b a t a s a n
perbezaan	p ə r b ɛ z a ʔ a n
perbincangan	p ə b i n t͡ʃ a ŋ a n
perbualan	p ə b u a l a n
percaya	p ə r t͡ʃ a j a
percit	p ə r t͡ʃ i t
percontohan	p ə r t͡ʃ o n t o h a n
percontohkan	p ə r t͡ʃ o n t o h k a n
percuma	p ə r t͡ʃ u m a
perempat	p ə r ə m p a t
perempuan	p ə r ə m p u a n
pergam	p ə r ɡ a m
pergerakan	p ə r ɡ ə r a k a n
perhatian	p ə h a t i a n
perhentian	p ə r h ə n t i a n
perhitungan	p ə r h i t u ɡ a n
perhutanan	p ə r h u t a n a n
peribahasa	p ə r i b a h a s a
perigi	p ə r i ɡ i
periksa	p ə r e k s ə
perisa	p ə r i s a
perisai	p ə r i s a j
perisian	p ə r i s i a n
peristirahatan	p ə r i s t i r a h a t a n
periuk	p ə r i o ʔ
perjanjian	p ə r d͡ʒ a n d͡ʒ i a n
perkaitan	p ə k a e t a n
perkakasan	p ə r k a k a s a n
perkamusan	p ə k a m o s a n
perkara	p ə k a ə
perkasa	p ə k a s ə
perkeso	p ə r k ə s o
perkhidmatan	p ə h i d m a t a n
perkosa	p ə k o s ə
perkuburan	p ə k u b u r a n
perlahan	p ə l a h a n
perlak	p ə l a k
perlebar	p ə l e b a
perlembagaan	p ə l e m b a ɡ a a n
perlepasan	p ə l ə p a s a n
perlis	p ə l e s
perlu	p ə r l u
permaidani	p ə r m a j d a n i
permaisuri	p ə m a j s u r i
permata	p ə r m a t a
permatang	p ə m a t a ŋ
pernah	p ə n a h
pernyataan	p ə r ɲ a t a a n
perompak	p ə r o m p a k
perosak	p ə r o s a k
persamaan	p ə r s a m a a n
persegi	p ə r s ə ɡ i
persekutuan	p ə r s ə k u t u a n
persembahan	p ə r s ə m b a h a n
persembahkan	p ə r s ə m b a h k a n
persen	p ə r s e n
persenyawaan	p ə r s ə r ɲ a w a a n
persilangan	p ə r s i l a ŋ a n
persimpangan	p ə r s i m p a ŋ a n
persuratan	p ə r s u r a t a n
pertahanan	p ə r t a h a n a n
pertama	p ə r t a m a
pertanda	p ə r t a n d a
pertontonkan	p ə r t o n t o n k a n
pertuan	p ə r t u a n
perumian	p ə r u m i a n
peruntukan	p ə r u n t u k a n
perut	p ə r o t
pes	p e s
pesal	p ə s a l
peseban	p ə s ɛ b a n
pesimis	p e s i m i s
pesimistik	p e s i m i s t i k
pesuruh	p ə s u r u h
peta	p ə t a
petai	p ə t a i̯
petak	p e t a k
petang	p ə t a ŋ
peti	p ə t i
petik	p ə t e k
petir	p ə t e
petisyen	p e t i ʃ ə n
petola	p ə t o l a
petrol	p e t r o l
petroliam	p ə t r o l i a m
petronas	p ə t r o n a s
petua	p ə t u a
pewarisan	p ə w a r i s a n
peygang	p e ɡ a ŋ
piadah	p ī a d a h
piala	p i a l a
piawai	p i a w a i̯
picing	p i t͡ʃ e ŋ
pidato	p i d a t o
pihak	p e h a k
pijak	p i d͡ʒ a k
pijar	p i d͡ʒ a
pijat	p i d͡ʒ a t
pikap	p i k a p
pikat	p i k a t
pikir	p i k i r
pilih	p i l i h
pilin	p i l e n
pinak	p i n a k
pinggan	p i ŋ ɡ a n
pinggang	p i ŋ ɡ a ŋ
pinjam	p i n d͡ʒ a m
pinta	p i n t a
pintar	p i n t a
pintu	p i n t u
pion	p i o n
pipi	p i p i
pipit	p i p e t
pirak	p i r a k
pirau	p i r a w
piring	p i r i ŋ
pirit	p i r i t
pisang	p i s a ŋ
pisau	p i s a u̯
piut	p i o t
piza	p i z a
pj	p i d͡ʒ e
pkm	p i k e e m
pkr	p i k e j a r
pks	p i k e j e s
playar	p l a j a
pmn	p i e m e n
pn	p i e n
pohon	p o h o n
poket	p o k e t
pokok	p o k o k
poligami	p o l i ɡ a m i
polis	p o l i s
polistirena	p o l i s t i r e n a
pompuan	p o m p u a n
pondan	p o n d a n
pongsu	p ɔ ŋ s u
ponteng	p o n t e ŋ
popia	p o p i a
portugal	p o r t u ɡ a l
pos	p o s
posyen	p o ʃ ə n
potong	p o t o ŋ
potongan	p o t o ŋ a n
poyang	p o j a ŋ
poyo	p o j o
pprs	p i p i a r e s
pragmatik	p r a ɡ m a t i k
pragmatis	p r a ɡ m a t i s
pragmatisme	p r a ɡ m a t i s m ə
praha	p r a h a
pramugari	p r a m u ɡ a r i
prang	p r a ŋ
prapembayaran	p r a p ə m b a j a r a n
prasarana	p r a s a r a n ə
prasasti	p r a s a s t i
pratonton	p r a t o n t o n
presiden	p r e s i d e n
presint	p r e s i n
prestij	p r e s t i d͡ʒ
probiotik	p r o b a i̯ o t i k
profesor	p r o f e s o
program	p r o ɡ r a m
projek	p r o d͡ʒ e k
proksi	p r o k s i
pru	p i a r j u
psikologi	p s i k o l o ɡ i
psm	p i e s e m
puan	p u a n
puas	p u a s
puasa	p u a s a
puaskan	p u a s k a n
puchong	p u t͡ʃ o ŋ
pucuk	p u t͡ʃ o k
pucung	p u t͡ʃ u ŋ
pudina	p u d i n a
pukang	p u k a ŋ
pukat	p u k a t
puki	p u k i
pukimak	p u k i m a k
pula	p u l a
pulak	p u l a k
pulang	p u l a ŋ
pulasan	p u l a s a n
pulau	p u l a w
puluh	p u l o h
pulun	p u l u n
pulut	p u l u t
punai	p u n a i̯
punat	p u n a t
punca	p u n t͡ʃ a
puncak	p u n t͡ʃ a k
pundek	p u n d e k
punggung	p u ŋ ɡ o ŋ
pungut	p u ŋ o t
punpun	p u n p u n
punti	p u n t i
puntianak	p u n t i a n a k
punya	p u ɲ a
pupil	p u p i l
pupuk	p u p o k
purata	p u r a t a
purnama	p u n a m ə
pusaka	p u s a k a
pusar	p u s a
pusat	p u s a t
pusing	p u s e ŋ
puspa	p u s p a
pustaka	p u s t a k a
putar	p u t a
putat	p u t a t
putd	p i j u t i d i
putera	p u t ə r a
puteri	p u t ə r i
putih	p u t e h
putra	p u t r a
putrajaya	p u t r a d͡ʒ a j a
putu	p u t u
putus	p u t o s
puyu	p u j u
puyuh	p u j o h
qasidah	q a s i d a h
qur'an	q u r ʔ a n
quran	k u r a n
rabu	r a b u
rabuk	r a b u k
rabun	r a b u n
racun	r a t͡ʃ o n
radio	r a d i o
ragbi	r a k b i
rahang	r a h a ŋ
rahim	r a h i m
rahmat	r a h m a t
raja	r a d͡ʒ a
rajah	r a d͡ʒ a h
rajin	r a d͡ʒ e n
rakan	r a k a n
rakit	r a k i t
raksa	r a k s a
raksasa	r a k s a s a
rama	r a m a
ramai	r a m a j
ramal	r a m a l
ramas	r a m a s
rambutan	r a m b o t a n
ramd	a r e e m d i
ramen	ɹ ɑː m ə n
rami	r a m i
rampok	r a m p o k
rangam	r a ŋ a m
rangkaian	r a ŋ k a i̯ a n
rangkak	r a ŋ k a k
rantau	r a n t a u̯
ranting	r a n t e ŋ
rapat	r a p a t
rapuh	r a p u h
rasa	r a s a
rasmi	r a s m i
rasuk	r a s o k
rata	r a t a
ratu	r a t u
ratus	r a t o s
raut	r a u t
rawa	r a w a
rawat	r a w a t
rawi	r a w i
realiti	r e a l i t i
rebah	r ə b a h
rebung	r ə b u ŋ
redang	r e d a ŋ
reformis	r e f o r m i s
rega	r ə ɡ a
regan	r e ɡ a n
regang	r ə ɡ a ŋ
regas	r ə ɡ a s
regat	r ə ɡ a t
regata	r e ɡ a t a
rege	r e ɡ e
regek	r e ɡ e k
rehat	r e h a t
rejab	r ə d͡ʒ a b
rejimen	r e d͡ʒ i m e n
rekreasi	r e k r e a s i
relatif	r e l a t i f
relativisme	r e l a t i v i s m a
relung	r ə l u ŋ
remayung	r ə m a j o ŋ
rembang	r ə m b a ŋ
rembayung	r ə m b a j o ŋ
rembulan	r ə m b u l a n
rempah	r ə m p a h
renang	r ə n a ŋ
rencana	r ə n t͡ʃ a n a
rendah	r ə n d a h
rendang	r e n d a ŋ
rengit	r ə ŋ i t
rentak	r ə n t a k
renungan	r ə n u ŋ a n
repek	r e p e ʔ
repet	r e p e t
republik	r e p u b l i k
republikanisme	r e p u b l i k a n i s m a
reriang	r ə r i a ŋ
resah	r ə s a h
resam	r ə s a m
resdung	r ə s d o ŋ
resit	r ə s i t
restoran	r e s t o r a n
reti	r ə t i
rezeki	r ə z ə k i
ria	r i a
riba	r i b a
ribi	r i b i
ribu	r i b u
riki	r i k i
rilek	r i l e k
rimau	r i m a w
rimba	r i m b a
rindu	r i n d u
ringan	r i ŋ a n
rintih	r i n t e h
risau	r i s a u̯
ritma	r i t m a
ritu	r i t u
riuh	r i u h
roboh	r o b o h
roda	r o d a
rogayah	r o ɡ a j a h
rogol	r o ɡ o l
roman	r o m a n
rombak	r o m b a ʔ
rompak	r o m p a k
rompin	r o m p i n
rona	ɣ o n ɒ
rotan	r o t a n
rtb	a r t i b i
rtm	a r t i ʔ e m
ru	r u
ruai	r u a i̯
ruang	r u a ŋ
rubah	r u b a h
rugi	r u ɡ i
rujuk	r u d͡ʒ o k
rujukan	r u d͡ʒ o k k a n
rukun	r u k o n
rumah	r u m a h
rumbia	r u m b i a
rumi	r u m i
rumikan	r u m i k a n
rumit	r u m e t
rungutnya	r u ŋ u t ɲ a
runtuh	r u n t o h
rusa	r u s a
rusuk	r u s o k
ruterfordium	r u t ə f o d i o m
ruu	a r j u j u
sabah	s a b a h
sabtu	s a b t u
sabun	s a b o n
sadin	s a d e n
sadis	s a d i s
sadisme	s a d i s m ə
sado	s a d o
safar	s a f a
saga	s a ɡ a
sagar	s a ɡ a
sagu	s a ɡ u
sah	s a h
sahabat	s a h a b a t
sahaja	s a h a d͡ʒ a
sahur	s a h o
sains	s a i̯ n s
sais	s a i s
saja	s a d͡ʒ a
saji	s a d͡ʒ i
sajian	s a d͡ʒ i a n
sajikan	s a d͡ʒ i k a n
sakar	s a k a
sakit	s a k e t
salah	s a l a h
salak	s a l a ʔ
salang	s a l a ŋ
salasilah	s a l a s i l a h
salib	s a l e b
salin	s a l e n
salir	s a l e r
salji	s a l d͡ʒ i
salju	s a l d͡ʒ u
salur	s a l o
saluran	s a l o r a n
sama	s a m a
samak	s a m a k
samar	s a m a r
sambal	s a m b a l
sambil	s a m b i l
sambung	s a m b o ŋ
sambut	s a m b u t
sami	s a m i
sampah	s a m p a h
sampai	s a m p a i̯
sampan	s a m p a n
samping	s a m p e ŋ
sampul	s a m p u l
samseng	s a m s e ŋ
samudera	s a m u d ə r a
samun	s a m u n
sana	s a n a
sanca	s a n t͡ʃ a
sandakan	s a n d a k a n
sandar	s a n d a r
sandiwara	s a n d i w a r a
sangai	s a ŋ a j
sangap	s a ŋ a p
sangat	s a ŋ a t
sanggul	s a ŋ ɡ u l
sanggup	s a ŋ ɡ o p
sangkakala	s a ŋ k a k a l a
sangkut	s a ŋ k o t
santai	s a n t a j
santan	s a n t a n
santap	s a n t a p
santau	s a n t a w
sanubari	s a n u b a r i
sapa	s a p a
sape	s a p ə
sapot	s a p o t
sapta	s a p t a
sapu	s a p u
sara	s a r a
saran	s a r a n
sarang	s a r a ŋ
sarap	s a r a p
sarapan	s a r a p a n
sarawak	s a r a w a ʔ
sarung	s a r o ŋ
sasar	s a s a r
sasaran	s a s a r a n
sasau	s a s a u̯
sastera	s a s t ə r a
sat	s a t
satah	s a t a h
sate	s a t e
satelit	s a t ə l e t
satu	s a t u
saudara	s a w d a r a
saudari	s a u̯ d a r i
saujana	s a u d͡ʒ a n a
sawah	s a w a h
sawang	s a w a ŋ
sawo	s a w o
saya	s a j a
sayang	s a j a ŋ
sayap	s a j a p
sayur	s a j u r
se	s ə
sebab	s ə b a b
sebagai	s ə b a ɡ a j
sebai	s ə b a j
sebaik	s ə b a i k
sebak	s ə b a ʔ
sebaliknya	s ə b a l e k ɲ ə
sebanyak	s ə b a ɲ a k
sebarang	s ə b a r a ŋ
sebelah	s ə b ə l a h
sebelas	s ə b ə l a s
sebenarnya	s ə b ə n a r ɲ a
sebentar	s ə b ə n t a
sebilion	s ə b i l i o n
sebutan	s ə b o t a n
secang	s ə t͡ʃ a ŋ
secangkir	s ə t͡ʃ a ŋ k e
secara	s ə t͡ʃ a r a
sedaerah	s ə d a ʔ e r a h
sedang	s ə d a ŋ
sedap	s ə d a p
sedar	s ə d a
sedekah	s ə d ə k a h
sederhana	s ə d ə h a n ə
sedia	s ə d i a
sedih	s ə d e h
sedikit	s ə d i k i t
sedu	s ə d u
sedut	s ə d o t
seekor	s ə e k o
segala	s ə ɡ a l a
segan	s ə ɡ a n
segar	s ə ɡ a
segara	s ə ɡ a r a
segenting	s ə ɡ ə n t i ŋ
segera	s ə ɡ ə r a
segok	s e ɡ o k
sehelai	s ə h ə l a j
sejahtera	s ə d͡ʒ a h t ə r a
sejak	s ə d͡ʒ a k
sejarah	s ə d ʒ a r a h
sejarawi	s ə d͡ʒ a r a w i
sejati	s ə d͡ʒ a t i
sejuk	s ə d͡ʒ o k
sejuta	s ə d͡ʒ u t a
sekali	s ə k a l i
sekalian	s ə k a l i a n
sekalipun	s ə k a l i p u n
sekam	s ə k a m
sekarang	s ə k a r a ŋ
sekat	s ə k a t
sekata	s ə k a t a
sekedudukan	s ə k ə d u d o k a n
sekeh	s e k e h
sekejap	s ə k ə d͡ʒ a p̚
seketika	s ə k ə t i k a
sekijang	s ə k i d͡ʒ a ŋ
sekilas	s ə k i l a s
sekilwak	s ə k i l u a ʔ
sekinchan	s ə k i n t͡ʃ a n
sekolah	s ə k o l a
seksdesilion	s e k s d e s i l i o n
sekstilion	s e k s t i l i o n
sekta	s e k t a
sekutu	s ə k u t u
selagi	s ə l a ɡ i
selak	s e l a ʔ
selalu	s ə l a l u
selam	s ə l a m
selama	s ə l a m a
selamat	s ə l a m a t
selamba	s ə l a m b a
selancang	s ə l a n t͡ʃ a ŋ
selancar	s ə l a n t͡ʃ a
selangor	s ə l a ŋ o
selapan	s ə l a p a n
selar	s ə l a r
selaras	s ə l a r a s
selari	s ə l a r i
selasa	s ə l a s a
selasih	s ə l a s e h
selat	s ə l a t
selatan	s ə l a t a n
selebih	s ə l ə b i h
selebihnya	s ə l ə b i h ɲ a
selepas	s ə l ə p a s
selesai	s ə l ə s a j
selia	s ə l i a
selikur	s ə l i k o
selimut	s ə l i m o t
selipar	s ə l i p a r
seluar	s ə l u a
selubung	s ə l u b ʊ ŋ
seluruh	s e l u r u h
semai	s ə m a i
semak	s e m a k
semakin	s ə m a k e n
semalam	s ə m a l a m
semangat	s ə m a ŋ a t
semangka	s ə m a ŋ k a
semat	s ə m a t
semata	s ə m a t a
sembah	s ə m b a h
sembahan	s ə m b a h a n
sembahkan	s ə m b a h k a n
sembahyang	s ə m a j a ŋ
sembang	s e m b a ŋ
sembilan	s ə m b i l a n
sembunyi	s ə m b u ɲ i
sembur	s ə m b o
semedera	s ə m ə d ə r a
semenanjung	s ə m ə n a n d͡ʒ u ŋ
semenjak	s ə m ə n d͡ʒ a k
sementara	s ə m ə n t a r a
semisal	s ə m i s a l
semoga	s ə m o ɡ a
sempadan	s ə m p a d a n
sempit	s ə m p i t
sempoa	s ə m p o a
sempoi	s e m p o j
semporna	s ə m p o n ə
semua	s ə m u a
semuanya	s ə m u a ɲ a
semula	s ə m u l a
semut	s ə m o t
sen	s ɛ n
senam	s ə n a m
senang	s ə n a ŋ
senapang	s ə n a p a ŋ
senayan	s ə n a j a n
sendiri	s ə n d i r i
senduk	s ə n d o k
seng	s e ŋ
sengat	s ə ŋ a t
senget	s e ŋ e t
sengkar	s ə ŋ k a r
sengkek	s e ŋ k e k
sengkenit	s e ŋ k e n i t
sengkuang	s ə ŋ k u a ŋ
sengsara	s ə ŋ s a r a
seni	s ə n i
senin	s ə n e n
senja	s ə n d͡ʒ a
senjata	s ə n d͡ʒ a t a
senonoh	s ə n o n o
sentak	s ə n t a k
sentakan	s ə n t a k a n
senteri	s ə n t ə r ī
sentilion	s ɛ n t i l i o n
sentuh	s ə n t o h
sentul	s ə n t o l
senyap	s ə ɲ a p
senyum	s ə ɲ o m
seorang	s ə o r a ŋ
sepak	s e p a k
sepana	s ə p a n a
sepang	s ə p a ŋ
sepanyol	s ə p a ɲ o l
sepat	s ə p a t
sepatu	s ə p a t u
sepeda	s ə p e d ə
sependa	s ə p e n d a
seperti	s ə p ə r t i
sepertinya	s ə p ə r t i ɲ a
sepoi	s ə p o j
septendesilion	s e p t e n d e s i l i o n
septilion	s ɛ p t i l i o n
sepua	s ə p u a
sepucuk	s ə p u t͡ʃ o k
sepui	s ə̆ p u j
sepuluh	s ə p u l o h
sepupu	s ə p u p u
seragam	s ə r a ɡ a m
serah	s ə r a h
serak	s e r a k
seram	s ə r a m
serampang	s ə r a m p a ŋ
serang	s ə r a ŋ
serangan	s ə r a ŋ a n
serangga	s ə r a ŋ ɡ a
serani	s ə r a n i
serap	s ə r a p
seratus	s ə r a t o s
serba	s ə r b a
serban	s ə b a n
serbia	s ə r b i a
serdadu	s ə r d a d u
serdak	s ə r d a k
seremban	s ə r ə m b a n
serentak	s ə r ə n t a k
seri	s ə r i
seribu	s ə r i b u
serikat	s ə r i k a t
seringat	s ə r i ŋ a t
serius	s e r i u s
seroja	s ə r o d͡ʒ a
serong	s e r o ŋ
seronok	s ə r o n o k
serpih	s ə r p e h
serta	s ə r t a
seruling	s ə r u l i ŋ
sesal	s ə s a l
sesalan	s ə s a l a n
sesali	s ə s a l i
sesalkan	s ə s a l k a n
sesat	s ə s a t
sesawang	s ə s a w a ŋ
sesiapa	s ə s i a p a
sesumpah	s ə s u m p a h
setapak	s ə t a p a k
setelah	s ə t ə l a h
setem	s ə t e m
seteng	s ə t ə ŋ
setengah	s ə t ə ŋ a h
seterika	s ə t ə r i k a
seteru	s ə t ə r u
setia	s ə t i a
setiap	s ə t i a p
setiausaha	s ə t i a u s a h a
setrilion	s ə t r i l i o n
setuju	s t u d͡ʒ u
sewa	s e w a
sgt	s a ŋ a t
shar	ʃ a
shuben	ʃ u b ə n
si	s i
sial	s i a l
siam	s i a m
siang	s i a ŋ
siap	s i a p
siapa	s i a p a
siasat	s i a s a t
sib	e s a j b i
siber	s a i̯ b ə r
siborgium	s i b ɔ r ɡ i o m
sifat	s i f a t
sikit	s i k e t
siku	s i k u
silap	s i l a p
silat	s i l a t
silikon	s i l i k ɔ n
silinder	s i l i n d ɘ r
siling	s i l i ŋ
simbah	s i m b a h
simbahan	s i m b a h a n
simen	s i m e n
simpang	s i m p a ŋ
simptom	s i m p t o m
sinar	s i n a
sindir	s i n d e
sindrom	s i n d r o m
sinekologi	s i n e k o l o ɡ i
singapura	s i ŋ a p u r a
singgah	s i ŋ ɡ a h
singgung	s i ŋ ɡ o ŋ
singkat	s i ŋ k a t
singkek	s i ŋ k e k
singki	s i ŋ k i
singkir	s i ŋ k e
sini	s i n i
sinisisme	s i n i s i s m a
sinisme	s i n i s m a
siput	s i p o t
siram	s i r a m
siri	s i r i
siring	s i r i ŋ
sisa	s i s a
sisi	s i s i
sisian	s i s i a n
sisih	s i s i h
sisik	s i s e k
siswa	s i s w a
siti	s i t i
siuman	s i u m a n
sjk	e s d͡ʒ e k e
sk	e s k e
skandal	s k a n d a l
skmm	e s k e e m e m
skrin	s k r i n
skru	s k r u
skuter	s k u t ə
slogan	s l o ɡ a n
slovenia	s l o v e n i a
smk	e s e m k e
snek	s n e k
soalan	s o a l a n
sodok	s o d o k
sohor	s o h o
sok	s o k
sokong	s o k o ŋ
solat	s o l ä t
solusi	s o l u s i
songket	s o ŋ k e t
sorang	s o r a ŋ
sore	s o r e
sorg	s o r a ŋ
sos	s o s
sosial	s o s i a l
sotong	s o t o ŋ
soya	s o j a
spa	e s p i e
spad	s p a d
spesies	s p e s i s
spm	e s p i e m
spr	e s p i a r
sprm	e s p i a r ʔ e m
stadium	s t a d i u m
staf	s t a f
stanum	s t a n o m
statik	s t a t i k
steng	s t ə ŋ
stesen	s t e s e n
stesyen	s t e ʃ ə n
stik	s t i k
str	e s t i a r
strategi	s t r a t e d͡ʒ i
struktur	s t r u k t u
suami	s u a m i
suara	s u a r a
suari	s u a r i
suatu	s w a t u
subang	s u b a ŋ
subuh	s u b o h
suda	s u d a
sudah	s u d a h
sudahlah	s u d a h l a h
sudu	s u d u
sudut	s u d u t
suhaimi	s u h a i m i
suhakam	s u h a k a m
suhu	s u h u
suka	s u k a
sukarela	s u k a r e l a
sukat	s u k a t
suku	s u k u
sukun	s u k o n
sulam	s u l a m
sulfur	s u l f u r
suluh	s u l u h
suluk	s u l u k
sulung	s u l o ŋ
sulur	s u l o ɾ
suma	s u m a
sumbat	s u m b a t
sumber	s u m b ə
sumpah	s u m p a h
sumpit	s u m p e t
sunat	s u n a t
sungai	s u ŋ a j
sungguh	s u ŋ ɡ u h
supaya	s u p a j a
superlatif	s u p ə l ə t i f
superman	s u p ə m e n
surah	s u r a h
surat	s u r a t
suratan	s u r a t a n
surati	s u r a t i
suratkan	s u r a t k a n
suri	s u r i
suria	s u r i a
suruh	s u r u h
suruhan	s u r u h a n
suruhanjaya	s u r u h a n d͡ʒ a j a
surup	s u r ʊ p
survei	s u r v e
suryani	s u r i a n i
susila	s u s i l a
suspek	s a s p e k
susu	s u s u
susun	s u s u n
susyi	s u ʃ i
sut	s u t
sutera	s u t ə r a
swafoto	s w a f o t o
swasta	s u a s t a
swastakan	s u a s t a k a n
syaaban	ʃ a a b a n
syagar	ʃ a ɡ a
syah	ʃ a h
syahid	ʃ a h e d
syahmat	ʃ a h m a t
syahwat	ʃ a h u a t
syajarat	ʃ a d͡ʒ a r a t
syakar	ʃ a k a
syamsi	ʃ a m s i
syamsu	ʃ a m s u
syawal	ʃ a w a l
syinkansen	ʃ i n k a n s e n
syor	ʃ o r
syria	s i r i a
syukur	ʃ u k o
syurga	ʃ u r ɡ a
să	s ə
taasub	t a a s u b
tabib	t a b e b
tabik	t a b e k
tabika	t a b i k a
tabir	t a b i r
tabuh	t a b o h
tabur	t a b o
tacod	t a t͡ʃ o d
tadah	t a d a h
tadi	t a d i
tadika	t a d i k a
tah	t a h
tahan	t a h a n
tahana	t a h a n a
tahang	t a h a ŋ
tahi	t a h i
tahil	t a h e l
tahu	t a h u
tahunan	t a h o n a n
taik	t ä j i ʔ
taip	t a i p
tajak	t a d͡ʒ a k
tajam	t a d͡ʒ a m
taji	t a d͡ʒ i
tak	t a k
takar	t a k a r
takbir	t a k b e
takda	t a k d a
takkan	t a k k a n
takleh	t a k l e h
taknak	t a k n a k
takoyaki	t a k o j a k i
takpa	t a k p a
takraw	t a k̚ r a u̯
taksa	t a k s a
taksi	t a k s i
taksir	t a k s e
takut	t a k o t
takwa	t a ʔ w a
takyah	t a k j a h
talas	t a l a s
tali	t a l i
talian	t a l i a n
tamadun	t a m a d o n
tamak	t a m a k
tamar	t a m a r
tambah	t a m b a h
tamban	t a m b a n
tambun	t a m b u n
tampak	t a m p a k
tampal	t a m p a l
tampan	t a m p a n
tampar	t a m p a
tampi	t a m p i
tampuk	t a m p o k
tanah	t a n a h
tanak	t a n a k
tanam	t a n a m
tanaman	t a n a m a n
tanda	t a n d a
tandas	t a n d a s
tandatangan	t a n d a t a ŋ a n
tandu	t a n d u
tanduk	t a n d o k
tangan	t a ŋ a n
tangga	t a ŋ ɡ a
tanggal	t a ŋ ɡ a l
tangguk	t a ŋ ɡ o k
tanggung	t a ŋ ɡ u ŋ
tanggungjawab	t a ŋ ɡ o ŋ d͡ʒ a w a b
tangis	t a ŋ e s
tangkap	t a ŋ k a p
tangki	t a ŋ k i
tangkis	t a ŋ k i s
tanglung	t a ŋ l o ŋ
tani	t a n i
tanih	t a n i h
tanjak	t a n d͡ʒ a k
tanjung	t a n d͡ʒ o ŋ
tanpa	t a n p a
tanya	t a ɲ a
tapai	t a p a i
tapak	t a p a ʔ
tapau	t a p a w
tapi	t a p i
tarah	t a r a h
tarawih	t a r a w e h
tardigrada	t a r d i ɡ r a d a
tari	t a r i
tarian	t a r i a n
tarif	t a r e f
tarik	t a r e k
tarikan	t a r e k a n
tarikh	t a r e h
taruh	t a r o h
taruk	t a r o k
tarum	t a r u m
tasik	t a s e k
tatabahasa	t a t a b a h a s a
tatacara	t a t a t͡ʃ a r a
tatah	t a t a h
tatakelola	t a t a k ə l o l a
tatal	t a t a l
tatasusila	t a t a s u s i l a
tau	t a u
taubat	t a u b a t
taufik	t a u f ɪ q
tauhu	t a w h u
tauke	t a w k e
taukua	t a w k u a
tauyu	t a w j u
tawa	t a w a
tawan	t a w a n
tawar	t a w a r
tawarikh	t a w a r e h
tawau	t a w a w
teater	t i ə t ə
tebah	t ə b a h
tebal	t ə b a l
tebang	t ə b a ŋ
tebas	t ə b a s
tebu	t ə b u
tebuan	t ə b u a n
tebuk	t ə b o k
tebus	t ə b u s
tegah	t ə ɡ a h
tegak	t ə ɡ a k
tegas	t ə ɡ a s
teguk	t ə ɡ o k
tegur	t ə ɡ o
teh	t e h
teja	t e d͡ʒ a
tek	t e k
teka	t ə k a
tekak	t ə k a ʔ
tekan	t ə k a n
tekcik	t e k t͡ʃ i k
teknik	t e k n i k
teknokrasi	t e n o k r a s i
teknokrat	t e k n o k r a t
teknokratik	t e k n o k r a t i k
teknologi	t e k n o l o d͡ʒ i
teko	t e k o
tekshar	t e k ʃ a
teksi	t e k s i
telah	t ə l a h
telan	t ə l a n
telanjang	t ə l a n d͡ʒ a ŋ
telatah	t ə l a t a h
teledu	t ə l ə d u
telefon	t e l e f o n
telerang	t ə l e r a ŋ
televisi	t e l e v i s i
televisyen	t e l e v i ʃ ə n
telinga	t ə l i ŋ a
telu	t ə l u
teluk	t ə l o k
telunjuk	t ə l u n d͡ʒ o k
telur	t ə l o
telurium	t e l u r i o m
teman	t ə m a n
tembadau	t ə m b a d a u̯
tembak	t e m b a ʔ
tembakau	t ə m b a k a w
tembikai	t ə m b i k a i̯
tembok	t e m b o k
tembuni	t ə m b u n i
tembus	t ə m b o s
temerloh	t ə m ə r l o h
tempat	t ə m p a t
tempayan	t ə m p a j a n
tempe	t e m p e
tempeh	t e m p e h
tempeleng	t ə m p ə l e ŋ
tempias	m i a ŋ
tempoh	t e m p o h
tempuling	t ə m p u l i ŋ
temu	t ə m u
tenang	t ə n a ŋ
tenar	t ə n a r
tendang	t ə n d a ŋ
tengadah	t ə ŋ a d a h
tengah	t ə ŋ a h
tengar	t ə ŋ a
tengari	t ə ŋ a r i
tenggala	t ə ŋ ɡ a l a
tenggara	t ə ŋ ɡ a r a
tenggelam	t ə ŋ ɡ ə l a m
tenggiling	t ə ŋ ɡ i l e ŋ
tenggiri	t ə ŋ ɡ i r i
tengkolok	t ə ŋ k ɔ l ɔ k̚
tengkorak	t ə ŋ k o r a k
tengkujuh	t ə ŋ k u d͡ʒ ʊ h
tengkuk	t ə ŋ k o k
tengok	t e ŋ o k
tentang	t ə n t a ŋ
tentera	t ə n t ə r a
tentu	t ə n t u
tenun	t ə n o n
tenung	t ə n u ŋ
tepat	t ə p a t
tepi	t ə p i
tepung	t ə p o ŋ
tera	t e r a
terabadi	t ə r a b a d i
teraju	t ə r a d͡ʒ u
terang	t ə r a ŋ
terangkum	t ə r a ŋ k o m
teras	t ə r a s
terasa	t ə r a s a
teratai	t ə r a t a j
teratak	t ə r ä t ä ʔ
terbaik	t ə b a e k
terbalik	t ə b a l e k
terbang	t ə b a ŋ
terbatas	t ə b a t a s
terbentang	t ə r b ə n t a ŋ
terbit	t ə b e t
tercatuk	t ə r t͡ʃ a t u k
terduduk	t ə d u d o k
terengganu	t ə r ə ŋ ɡ a n u
tergelincir	t ə r ɡ ə l i n t͡ʃ e r
terhad	t ə r h a d
terhadap	t ə r h a d a p
teri	t ə r i
teringat	t ə r i ŋ a t
teripang	t ə r i p a ŋ
teritip	t ə r i t e p
terjawab	t ə d͡ʒ a w a b
terjemah	t ə r d͡ʒ ə m a h
terjemahan	t ə r d͡ʒ ə m a h a n
terkam	t ə r k a m
terkantuk	t ə k a n t o k
terkata	t ə k a t ə
terkejut	t ə k ə d͡ʒ o t
terkenal	t ə k ə n a l
terlalu	t ə r l a l u
terlepas	t ə r l ə p a s
terletak	t ə r l ə t a k
terlompat	t ə l o m p a t
termasuk	t ə m a s o k
ternyata	t ə r ɲ a t a
teroka	t ə r o k a
terokai	t ə r o k a i
teropong	t ə r o p o ŋ
terowong	t ə r o w o ŋ
terpa	t ə p ə
terpekak	t ə p ə k a k
terpencil	t ə p ə n t͡ʃ e l
terperdaya	t ə p ə d a j a
tersaji	t ə r s a d͡ʒ i
tersandung	t ə r s a n d u ŋ
tersentak	t ə r s ə n t a k
tersurat	t ə r s u r a t
tertampan	t ə r t a m p a n
tertawa	t ə r t a w a
tertendang	t ə r t ə n d a ŋ
tertentu	t ə r t ə n t u
tertuduh	t ə r t u d o h
tertumpu	t ə r t u m p u
teruja	t ə r u d͡ʒ a
teruna	t ə r u n a
terung	t ə r o ŋ
terurai	t ə r u r a j
terus	t ə r o s
terusan	t ə r u s a n
tesis	t e s i s
tetak	t ə t a k
tetap	t ə t a p
tetapi	t ə t a p i
tetas	t ə t a s
tetiba	t ə t i b a
tetikus	t ə t i k o s
tiak	t i a k
tian	t i a n
tiang	t i a ŋ
tiba	t i b a
tidak	t i d a ʔ
tiduk	t i d u k
tidur	t i d o
tiga	t i ɡ a
tige	t i ɡ ə
tikam	t i k a m
tikar	t i k a r
tikus	t i k u s
tima	t i m a
timba	t i m b a
timbak	t i m b a ʔ
timbang	t i m b a ŋ
timbau	t i m b a u̯
timbel	t i m b ə l
timbul	t i m b u l
timor	t i m o
timpuh	t i m p o h
timun	t i m u n
timur	t i m o
tindakan	t i n d a k a n
tindas	t i n d a s
tindih	t i n d e h
tinggal	t i ŋ ɡ a l
tinggi	t i ŋ ɡ i
tinggung	t i ŋ ɡ o ŋ
tingkal	t i ŋ k a l
tingkap	t i ŋ k a p
tingkat	t i ŋ k a t
tinjau	t i n d͡ʒ a w
tionghoa	t i o ŋ h u a
tipu	t i p u
tirai	t i r a j
tiram	t i r a m
tiris	t i r i s
titah	t i t a h
titi	t i t i
titik	t i t e k
tiung	t i u ŋ
tiup	t i u p
tldb	t i ə l d i b i
tldm	t i e l d i e m
tnb	t i e n b i
tohor	t o h o r
tokek	t o k e k
toko	t o k o
tol	t o l
tolak	t o l a k
tolong	t o l o ŋ
toman	t o m a n
tombak	t o m b a k
tomyam	t o m j a m
tonggeng	t o ŋ ɡ e ŋ
tongkat	t o ŋ k a t
tongong	t o ŋ o ŋ
tonton	t o n t o n
tontonan	t o n t o n a n
topeng	t o p e ŋ
topi	t o p i
toreh	t o r e h
toye	t o j e
toyu	t o j u
trak	t r a k
transformasi	t r a n s f o r m a s i
transformasikan	t r a n s f o r m a s i k a n
tredesilion	t r e d ɛ s i l i o n
tren	t r e n
trend	t r e n
tri	t ə r i
trilion	t r i l i o n
tu	t u
tua	t u a
tuah	t u a h
tuai	t u a i̯
tuala	t u a l a
tuan	t u a n
tuas	t u a s
tuba	t u b a
tuberkulosis	t u b ə r k u l o s i s
tubin	t u b e n
tubir	t u b i r
tubuh	t u b u h
tudm	t i j u d i e m
tuds	t u t s
tuduh	t u d u h
tudung	t u d o ŋ
tugu	t u ɡ u
tuha	t u h a
tuhan	t u h a n
tuhut	t u h o t
tuil	t u i l
tuju	t u d͡ʒ u
tujuan	t u d͡ʒ u a n
tujuh	t u d͡ʒ o h
tuk	t o k
tukang	t u k a ŋ
tukil	t u k i l
tukun	t u k u n
tul	t u l
tulang	t u l a ŋ
tular	t u l a
tulat	t u l a t
tuli	t u l i
tulis	t u l e s
tuma	t u m a
tumbang	t u m b a ŋ
tumbuh	t u m b o h
tumbuhan	t u m b o h a n
tumbuk	t u m b u ʔ
tumit	t u m i t
tumpah	t u m p a h
tumpang	t u m p a ŋ
tumpu	t u m p u
tumpul	t u m p u l
tuna	t u n a
tunai	t u n a j
tunda	t u n d a
tungau	t u ŋ a u̯
tunggal	t u ŋ ɡ a l
tunjuk	t u n d͡ʒ o k
tunjung	t u n d͡ʒ u ŋ
tunu	t u n u
tupai	t u p a j
turki	t u r k i
turun	t u r u n
turus	t u r o s
turut	t u r u t
tutup	t u t u p
uap	u a p
ubah	u b a h
uban	u b a n
ubat	u b a t
ubi	u b i
ubin	u b i n
ucap	u t͡ʃ a p
uda	u d a
udang	u d a ŋ
udara	u d a r a
udarakasa	u d a r a k a s a
udi	u d i
ufti	u f t i
uja	u d͡ʒ a
ujan	u d͡ʒ a n
uji	u d͡ʒ i
ujian	u d͡ʒ i a n
ujung	u d͡ʒ o ŋ
ukm	j u k e e m
ukraine	j u k r e j n
ukulele	u k u l e l e
ukur	u k o
ulam	u l a m
ulang	u l a ŋ
ular	u l a
ulas	u l a s
ulat	u l a t
ulit	u l i t
ultrabunyi	u l t r a b u ɲ i
ultrakonservatif	u l t r a k ɔ n s ə r v a t i f
ulun	u l u n
umak	u m a k
umbi	u m b i
umbut	u m b u t
ummah	u m m a h
umno	a m n o
umrah	u m r a h
ums	j u e m e s
undesilion	u n d ɛ s i l i o n
undi	u n d i
undian	u n d i a n
undur	u n d o
ungka	u ŋ k a
ungkit	u ŋ k i t
ungu	u ŋ u
universitas	u n i v ə r s i t a s
unta	u n t a
untuk	u n t o k
untung	u n t o ŋ
unvigintilion	u n f i ɡ i n t i l i o n
uolls	j u o l s
upacara	u p a t͡ʃ a r a
upah	u p a h
upas	u p a s
upih	u p i h
upnm	j u p i e n e m
upsr	j u p i e s a r
urat	u r a t
urin	u r i n
uruguay	j u r u ɡ u e j
urus	u r o s
urut	u r u t
usah	u s a h
usia	u s i a
usik	u s e k
usir	u s e
ustazah	u s t a z a h
usul	u s u l
usung	u s o ŋ
usus	u s o s
utak	u t a ʔ
utama	u t a m a
utan	u t a n
utar	j u t a
utara	u t a r a
utarid	u t a r e d
uterus	u t ə r u s
utm	j u t i e m
utus	u t o s
utusan	u t u s a n
uum	j u j u e m
uvula	u v u l a
vanila	v a n i l a
venis	v e n i s
video	v i d e o
videofon	v i d e o f o n
videografi	v i d e o ɡ r a f i
videokan	v i d e o k a n
vigintilion	f i ɡ i n t i l i o n
virus	v a j r ə s
voivoda	v o j v o d a
vokal	v o k a l
voltan	v o l t a n
waduh	w a d o h
wahid	w a h i d
wai	w a i
waizuri	w a i z u r i
wajah	w a d͡ʒ a h
wajib	w a d͡ʒ e b
waktu	w a k t u
walao	w a l a w
walaupun	w ä l ä u p ʊ n
walimana	w a l i m a n a
walmana	w a l m a n a
wanara	w a n a r a
wang	w a ŋ
wangi	w a ŋ i
wangian	w a ŋ i a n
wangkang	w a ŋ k a ŋ
wangsa	w a ŋ s a
wanita	a
wap	u a p
waras	w a r a s
warga	w a r ɡ a
warganegara	w a r ɡ a n ə ɡ a r a
waris	w a r e s
warisan	w a r i s a n
warkah	w a k a h
warna	w a n ə
warta	w a r t a
warung	w a r o ŋ
watpa	w a t p a
wau	w a u̯
wawasan	w a w a s a n
wayang	w a j a ŋ
wayu	w a j u
wazir	w a z e
welirang	w e l i r a ŋ
weskot	w e s k o t
wibu	w i b u
wikang	w i k a ŋ
wilayah	w i l a j a h
wilmana	w i l m a n a
wira	w i r a
wisel	w i s e l
wisma	w i s m a
wizurai	w i z u r a j
woksyop	w o k ʃ o p
wolanda	w o l a n d a
worawari	w o r a w a r i
xenofobia	x e n o f o b i a
xilofon	z i l o f o n
yah	j a h
yak	j a k
yaman	j a m a n
yamtuan	j a m t u a n
yatim	j a t i m
yaum	j a w m
yayi	j a j i
yerusalem	j e r u s a l e m
yogurt	j o ɡ u t
ysuku	w a j s u k u
ytjt	w a j t i d͡ʒ e t i
yu	j u
yunan	j u n a n
yunani	j u n a n i
yuran	j u r a n
yuyu	j u j u
zabah	z a b a h
zabaniah	z a b a n i a h
zabedah	z a b e d a h
zabib	z a b i b
zadah	z a d a h
zaitun	z a i t o n
zakar	z a k a r
zaleha	z a l e h a
zalim	z a l i m
zaman	z a m a n
zamin	z a m i n
zamindar	z a m i n d a r
zan	z a n
zanggi	z a ŋ ɡ i
zaujah	z a ʊ d͡ʒ a h
zawiat	z a w i a t
zed	z e d
zilofon	z i l o f o n
zirafah	z i r a f a h
zodiak	z o d i a ʔ
zohrin	z u h r i n
zon	z o n
zoo	z u
zooekologi	z u e k o l o ɡ i
zubaidah	z u b a i d a h
zuhal	z u h a l
zuhrah	z u h r a h
zuriat	z u r i a t
