на	n a
да	d a
за	z a
си	s i
че	t͡ɕʰ ɛ
са	s a
ми	m i
но	n o
има	i m a
му	m u
съм	s ɔ m
ти	tʰ i
само	s a m o
няма	nʲ a m a
аз	a z
ни	n i
ги	ɡ i
им	i m
софия	s ɔ f i j a
ден	d e n
мен	m e n
над	n a d
чрез	t͡ɕʰ rʲ ɛ z
би	b i
нас	n a s
the	tʰ e
дни	d n i
иска	i s k a
сащ	s a ɕ
мисля	m i s ɮʲ a
пък	p ɔ k
русия	r u s i j a
каза	k a z a
център	t͡sʰ e n t ʊ r
било	b i ɮ o
града	k r a d a
месеца	m e s e t͡sʰ a
име	i m e
имаше	i m a ɕ e
що	ɕ ɔ
имаш	i m a ɕ
филм	f i ɮ m
ами	a m i
гърция	ɡ ɔ r t͡sʰ i j a
искаш	i s k a ɕ
месец	m e s e t͡sʰ
нощ	n ɔ ɕ
зад	z a d
намира	n a m i r a
съд	s ɔ d
димитър	d i m i t ʊ r
рано	r a n o
сила	s i ɮ a
информация	i n f ɔ r m a t͡sʰ i j a
цена	t͡sʰ e n a
ама	a m a
ес	j ɛ s
сам	s a m
думи	d u m i
къща	k ɕ a
храна	x r a n a
дума	d u m a
игра	i ɡ r a
цял	t͡sʰ j a ɮ
юли	j u ɮ i
дом	d ɔ m
ръка	r ɔ k a
щом	ɕ ɔ m
юни	j u n i
мария	m a r i j a
бих	b i x
to	t o
деня	d e n j a
права	p r a w a
игри	i ɡ r i
нямаше	nʲ a m a ɕ e
нашия	n a ɕ i j a
сутрин	s u t r i n
ню	nʲ u
сами	s a m i
лица	ɮ i t͡sʰ a
търси	t ɔ r s i
случи	s ɮ u t͡ɕʰ i
фирма	f i r m a
франция	f r a n t͡sʰ i j a
шанс	ɕ a n s
румъния	r u m n i j a
цени	t͡sʰ e n i
защита	z a ɕ i tʰ a
кара	k a r a
велико	ʋ e l i k o
лице	l i t͡sʰ e
зала	z a ɮ a
имена	i m e n a
магазин	m a ɣ a z i n
оръжие	ɔ r ʊ d͡ʑ i j ɛ
маса	m a s a
македония	m a kʲ e d o n i j a
армия	a r m i j a
нужно	n u ʑ n o
сина	s i n a
цяло	t͡sʰ j a ɮ o
градина	k r a d i n a
дано	d a n o
исках	i s k a x
хубава	x u b a w a
земи	z e m i
организация	ɔ r k a n i z a t͡sʰ i j a
разбрах	r a z b r a x
сама	s a m a
ал	a ɮ
казано	k a z a n o
нямаш	nʲ a m a ɕ
бавно	b a w n o
именно	i m e n n o
мир	m i r
народ	n a r oː d
дам	d a m
мама	m a m a
казах	k a z a x
пример	p r i m e r
дами	d a m i
сън	s ɔ n
база	b a z a
биха	b i x a
имах	i m a x
фирми	f i r m i
дух	d u x
прав	p r a w
de	d e
силна	s i ɮ n a
знаех	z n a j ɛ x
филма	f i ɮ m a
хил	x i ɮ
добрия	d ɔ b r i j a
магазина	m a ɣ a z i n a
турнира	tʰ u r n i r a
мина	m i n a
филми	f i ɮ m i
no	n o
курс	k u r s
риба	r i b a
езика	j ɛ z i k a
мартин	m a r tʰ i n
криза	k r i z a
мира	m i r a
машини	m a ɕ i n i
мери	m e r i
мерси	m e r s i
насам	n a s a m
мисия	m i s i j a
ох	ɔ x
силни	s i ɮ n i
снощи	s n ɔ ɕ i
анализ	a n a ɮ i z
градуса	k r a d u s a
дейвид	d e j v i d
месо	m e s o
сан	s a n
туризъм	t u r i z ʊ m
мин	m i n
сирия	s i r i j a
камъни	k a m n i
машина	m a ɕ i n a
наши	n a ɕ i
су	s u
рим	r i m
уби	u b i
me	m e
ди	d i
лидер	l i d e r
сити	s i t i
ана	a n a
казваше	k a z v a ɕ e
ма	m a
млада	m ɮ a d a
мозъка	m ɔ z k a
принцип	p r i n t͡sʰ i p
губи	ɡ u b i
мадрид	m a d r i d
масло	m a s ɮ o
ниско	n i s k o
миг	m i ɡ
тихо	tʰ i x o
all	a l
празници	p r a z n i t͡sʰ i
сцена	s t͡sʰ e n a
ха	x a
ниска	n i s k a
търсиш	t ɔ r s i ɕ
мед	m e d
нарушения	n a r u ɕ e n i j a
пряко	p rʲ a k o
смяна	s mʲ a n a
съюза	s j u z a
хари	x a r i
медицина	m e d i t͡sʰ i n a
разни	r a z n i
руско	r u s k o
ход	x ɔ d
езици	j ɛ z i t͡sʰ i
запазва	z a p a z v a
метод	m e t oː d
мини	m i n i
надпис	n a t pʰ i s
граници	k r a n i t͡sʰ i
индия	i n d i j a
крис	k r i s
нося	n ɔ s j a
прах	p r a x
яко	j a k o
la	l a
дал	d a ɮ
недей	n e d e j
храма	x r a m a
юг	j u ɡ
банско	b a n s k o
карл	k a r ɮ
медицински	m e d i t͡sʰ i n s k i
месеци	m e s e t͡sʰ i
наясно	n a j a s n o
ръст	r ɔ s t
слава	s ɮ a w a
ах	a x
хан	x a n
градини	k r a d i n i
ла	ɮ a
сряда	s rʲ a d a
тим	tʰ i m
дa	d a
зам	z a m
фаза	f a z a
гимназия	ɡ i m n a z i j a
духа	d u x a
забавно	z a b a w̜ n o
купя	k u pʲ a
можех	m ɔ ʑ ɛ x
разнообразие	r a z n oː b r a z i j ɛ
ан	a n
ани	a n i
кадри	k a d r i
наш	n a ɕ
химия	x i m i j a
ям	j a m
луда	ɮ u d a
напр	n a p r̩
примери	p r i m e r i
атина	a tʰ i n a
играя	i ɡ r a j a
принцеса	p r i n t͡sʰ e s a
сума	s u m a
годишния	ɡ ɔ d i ɕ n i j a
домашни	d ɔ m a ɕ n i
искаше	i s k a ɕ e
ия	i j a
нарушение	n a r u ɕ e n i j ɛ
наса	n a s a
аха	a x a
градска	k r a d s k a
милано	m i ɮ a n o
али	a ɮ i
данъци	d a n t͡sʰ i
единица	j ɛ d i n i t͡sʰ a
луд	ɮ u d
мила	m i ɮ a
нос	n ɔ s
сара	s a r a
охрана	ɔ x r a n a
разбра	r a z b r a
рая	r a j a
гуми	ɡ u m i
ин	i n
механизъм	m e x a n i z ʊ m
мило	m i ɮ o
риби	r i b i
ражда	r a ʒ d a
слабо	s ɮ a b o
съ	s
улици	u ɮ i t͡sʰ i
абе	a bʲ ɛ
граф	ɡ r a f
мая	m a j a
нар	n a r
носа	n ɔ s a
john	d ʒ oː n
доза	d ɔ z a
руска	r u s k a
замяна	z a mʲ a n a
куп	k u p
нa	n a
принципа	p r i n t͡sʰ i p a
pro	p r o
лидери	l i d e r i
мис	m i s
ри	r i
съдба	s ɔ d b a
ясна	j a s n a
зима	z i m a
избра	i z b r a
призная	p r i z n a j a
снима	s n i m a
алфа	a ɮ f a
гранд	k r a n d
албания	a ɮ b a n i j a
домашно	d ɔ m a ɕ n o
дъх	d ɔ x
магазини	m a ɣ a z i n i
образ	ɔ b r a z
разнообразни	r a z n oː b r a z n i
хит	x i t
арсенал	a r s e n a ɮ
германски	ɡ e r m a n s k i
дупница	d u p n i t͡sʰ a
караш	k a r a ɕ
любима	ɮʲ u b i m a
медицинска	m e d i t͡sʰ i n s k a
меню	m e n j u
гъби	ɡ ɔ b i
дейвис	d e j v i s
носиш	n ɔ s i ɕ
сълзи	s ɔ ɮ z i
годишнина	ɡ ɔ d i ɕ n i n a
ирина	i r i n a
мамо	m a m o
щата	ɕ a tʰ a
ясни	j a s n i
do	d o
арабия	a r a b i j a
комбинация	k ɔ m b i n a t͡sʰ i j a
къси	k s i
марс	m a r s
менюто	m e n j u t o
красимир	k r a s i m i r
курва	k u r v a
ориз	ɔ r i z
празни	p r a z n i
рила	r i ɮ a
скандал	s k a n d a ɮ
сър	s ɔ r
time	t iː m e
ало	a ɮ o
анализи	a n a ɮ i z i
гаранция	ɢ a r a n t͡sʰ i j a
крум	k r u m
надясно	n a dʲ a s n o
нап	n a p
тима	tʰ i m a
le	l e
любимия	ɮʲ u b i m i j a
нация	n a t͡sʰ i j a
наша	n a ɕ a
организирана	ɔ r k a n i z i r a n a
ра	r a
рали	r a ɮ i
туризма	tʰ u r i z m a
ценни	t͡sʰ e n n i
ирландия	i r ɮ a n d i j a
ман	m a n
наше	n a ɕ e
призна	p r i z n a
рамо	r a m o
вещи	ʋ ɛ ɕ i
нима	n i m a
равни	r a w n i
ръба	r ɔ b a
цици	t͡sʰ i t͡sʰ i
горния	ɡ ɔ r n i j a
денис	d e n i s
замина	z a m i n a
правни	p r a w n i
ритъм	r i t ʊ m
ян	j a n
am	a m
ада	a d a
карло	k a r ɮ o
крим	k r i m
анди	a n d i
жълт	ʒ ɔ ɮ tʰ
слагам	s ɮ a ɣ a m
издания	i z d a n i j a
мрази	m r a z i
as	a s
we	w e
бензин	b e n z i n
дискусия	d i s k u s i j a
зa	z a
изд	i z d
марина	m a r i n a
маями	m a j a m i
номинация	n ɔ m i n a t͡sʰ i j a
норми	n ɔ r m i
тъмни	t ɔ m n i
or	o ɾ
едро	j ɛ d r o
казино	k a z i n o
надписи	n a t pʰ i s i
нина	n i n a
синя	s i n j a
sofia	s o f i a
бас	b a s
сидни	s i d n i
сини	s i n i
залива	z a ɮ i v a
кал	k a ɮ
крило	k r i ɮ o
щат	ɕ a tʰ
na	n a
жанр	ʒ a n r̩
ив	i w
избрах	i z b r a x
кръгла	k r ɔ ɡ ɮ a
мазнини	m a z n i n i
пи	pʰ i
празна	p r a z n a
рани	r a n i
da	d a
li	l i
ам	a m
метър	m e t ʊ r
общинския	ɔ p ɕ i n s k i j a
праща	p r a ɕ a
пряка	p rʲ a k a
силвия	s i ɮ v i j a
хи	x i
fi	f i
not	n o t
докаже	d ɔ k a ʒ e
ик	i k
илия	i ɮ i j a
маси	m a s i
минаха	m i n a x a
мощ	m ɔ ɕ
прибрах	p r i b r a x
яна	j a n a
ала	a ɮ a
имаха	i m a x a
признае	p r i z n a j ɛ
удря	u d rʲ a
цифри	t͡sʰ i f r i
go	ɡ o
кеш	kʲ e ɕ
къса	k s a
масла	m a s ɮ a
образа	ɔ b r a z a
па	pʰ a
рик	r i k
хоп	x ɔ p
художници	x u d ɔ ʑ n i t͡sʰ i
допринася	d ɔ p r i n a s j a
дървесина	d ɔ r vʲ ɛ s i n a
ка	k a
любимци	ɮʲ u b i m t͡sʰ i
мала	m a ɮ a
мизия	m i z i j a
разби	r a z b i
ру	r u
франциско	f r a n t͡sʰ i s k o
хиляда	x i ɮʲ a d a
храсти	x r a s tʰ i
ширина	ɕ i r i n a
грубо	k r u b o
диска	d i s k a
знаеха	z n a j ɛ x a
излязоха	i z ɮʲ a z ɔ x a
исландия	i s ɮ a n d i j a
ит	i t
пит	pʰ i t
проява	p r ɔ j a v a
раса	r a s a
рут	r u t
тигър	tʰ i ɡ ʊ r
юн	j u n
грип	ɡ r i p
ем	j ɛ m
младия	m ɮ a d i j a
риска	r i s k a
сфера	s f e r a
финансира	f i n a n s i r a
аллах	a ɮː a x
домашна	d ɔ m a ɕ n a
каварна	k a w a r n a
кук	k u k
нервна	n e r v n a
прясно	p rʲ a s n o
верни	ʋ e r n i
ку	k u
мръсна	m r ɔ s n a
намираш	n a m i r a ɕ
нямах	nʲ a m a x
сценария	s t͡sʰ e n a r i j a
хип	x i p
хх	x
he	h e
десния	d e s n i j a
образи	ɔ b r a z i
правно	p r a w n o
прошка	p r ɔ ɕ k a
франсис	f r a n s i s
бах	b a x
въ	ʋ
губя	ɡ u b j a
каса	k a s a
кипър	k i p ʊ r
мани	m a n i
мига	m i ɣ a
мита	m i t a
натиска	n a tʰ i s k a
формира	f ɔ r m i r a
фу	f u
харис	x a r i s
video	v i d e o
жана	ʒ a n a
карал	k a r a ɮ
меси	m e s i
минеш	m i n e ɕ
мирно	m i r n o
надя	n a dʲ a
нора	n ɔ r a
норма	n ɔ r m a
омраза	ɔ m r a z a
разум	r a z u m
риза	r i z a
сребърни	s rʲ ɛ b ʊ r n i
царя	t͡sʰ a rʲ a
se	s e
анти	a n tʰ i
вип	ʋ i p
губиш	ɡ u b i ɕ
лас	ɮ a s
милър	m i ɮ ʊ r
нерви	n e r v i
пил	pʰ i ɮ
равно	r a w n o
търсих	t ɔ r s i x
хана	x a n a
seo	s e o
дим	d i m
ех	j ɛ x
камара	k a m a r a
класове	k l a s ɔ vʲ ɛ
махам	m a x a m
набира	n a b i r a
нощни	n ɔ ɕ n i
обиди	o b i d i
оф	ɔ f
румяна	r u mʲ a n a
слухове	s ɮ u x ɔ vʲ ɛ
сляп	s ɮʲ a p
ял	j a ɮ
миграция	m i ɡ r a t͡sʰ i j a
минах	m i n a x
миризма	m i r i z m a
чат	t͡ɕʰ a tʰ
деян	d e j a n
кадър	k a d ʊ r
крава	k r a w a
крила	k r i ɮ a
принципно	p r i n t͡sʰ i p n o
яка	j a k a
дж	d ʑ
дузина	d u z i n a
залез	z a ɮʲ ɛ z
различия	r a z ɮ i t͡ɕʰ i j a
разширява	r a z ɕ i rʲ a v a
со	s o
сформира	s f ɔ r m i r a
чили	t͡ɕʰ i ɮ i
южния	j u ʑ n i j a
will	w i l
биг	b i ɡ
груп	ɡ r u p
заплашва	z a p ɮ a ɕ v a
зимни	z i m n i
избягаш	i z bʲ a ɣ a ɕ
надписа	n a t pʰ i s a
нощи	n ɔ ɕ i
разумно	r a z u m n o
убила	u b i ɮ a
шин	ɕ i n
шрифт	ɕ r i f t
os	o s
дневни	d n e v n i
забавна	z a b a w̜ n a
катя	k a tʲ a
мацка	m a t͡sʰ k a
равна	r a w n a
цру	t͡sʰ r u
чин	t͡ɕʰ i n
венци	ʋ e n t͡sʰ i
данс	d a n s
ида	i d a
изкарва	i z k a r v a
инфо	i n f o
лана	ɮ a n a
мара	m a r a
мз	m a z
убиваш	u b i w a ɕ
щаба	ɕ a b a
залагам	z a ɮ a ɣ a m
милост	m i ɮ o s t
наслада	n a s ɮ a d a
невски	n e v s k i
пърси	p ɔ r s i
gold	ɡ o l d
park	p a r k
vi	v i
ап	a p
медия	m e d i j a
ханс	x a n s
едри	j ɛ d r i
камъка	k a m k a
мъгла	m ɔ ɡ ɮ a
ас	a s
венера	ʋ e n e r a
гъба	ɡ ɔ b a
засилва	z a s i ɮ v a
зърна	z ɔ r n a
кош	k o ɕ
микс	m i k s
long	l o ŋ
вегас	ʋ e ɡ a s
кризи	k r i z i
купър	k u p ʊ r
мафия	m a f i j a
махала	m a x a ɮ a
мишка	m i ɕ k a
навлиза	n a w ɮ i z a
нам	n a m
ранно	r a n n o
тих	tʰ i x
търпи	t ɔ r pʰ i
ирония	i r o n i j a
кабина	k a b i n a
каша	k a ɕ a
медицинския	m e d i t͡sʰ i n s k i j a
раз	r a z
сценарист	s t͡sʰ e n a r i s t
усетя	u s e tʲ a
ядро	j a d r o
алис	a ɮ i s
дъб	d ɔ b
минавам	m i n a v a m
руснаци	r u s n a t͡sʰ i
слиза	s ɮ i z a
як	j a k
дик	d i k
изгаря	i z ɡ a rʲ a
калъф	k a ɮ f
лиза	ɮ i z a
литър	l i t ʊ r
медицинско	m e d i t͡sʰ i n s k o
организирано	ɔ r k a n i z i r a n o
силва	s i ɮ v a
формация	f ɔ r m a t͡sʰ i j a
хваща	x w a ɕ a
юноши	j u n o ɕ i
got	ɡ o t
mi	m i
off	o f
so	s o
алиса	a ɮ i s a
анализа	a n a ɮ i z a
жълта	ʒ ɔ ɮ tʰ a
изказвания	i z k a z v a n i j a
кражби	k r a ʒ b i
храня	x r a nʲ a
гарсия	ɡ a r s i j a
дясна	dʲ a s n a
камина	k a m i n a
карах	k a r a x
нощно	n ɔ ɕ n o
правна	p r a w n a
рап	r a p
тила	tʰ i ɮ a
флаг	f ɮ a ɡ
ценност	t͡sʰ e n n o s t
яд	j a d
vii	v iː
адамс	a d a m s
аларма	a ɮ a r m a
геноцид	ɡ e n o t͡sʰ i d
едър	j ɛ d ʊ r
играеше	i ɡ r a j ɛ ɕ e
ил	i ɮ
нанси	n a n s i
нямал	nʲ a m a ɮ
разказвам	r a z k a z v a m
размяна	r a z mʲ a n a
снимаш	s n i m a ɕ
аванс	a w a n s
гадни	ɢ a d n i
замисля	z a m i s ɮʲ a
сребърна	s rʲ ɛ b ʊ r n a
съдилища	s dʲ i ɮ i ɕ a
доказано	d ɔ k a z a n o
напразно	n a p r a z n o
ралф	r a ɮ f
рико	r i k o
сфери	s f e r i
дъ	d
мур	m u r
надморска	n a d m ɔ r s k a
сатурн	s a tʰ u r n
създания	s ɔ z d a n i j a
шарън	ɕ a r ʊ n
шумно	ɕ u m n o
posted	p o s t e d
абу	a b u
адмирал	a d m i r a ɮ
анимация	a n i m a t͡sʰ i j a
бая	b a j a
бин	b i n
дерби	d e r b i
исляма	i s ɮʲ a m a
мас	m a s
мерилин	m e r i ɮ i n
нощна	n ɔ ɕ n a
организми	ɔ r ɢ a n i z m i
руди	r u d i
указания	u k a z a n i j a
цензура	t͡sʰ e n z u r a
цех	t͡sʰ e x
юлия	j u ɮ i j a
stars	s t a r s
задния	z a d n i j a
кръгли	k r ɔ ɡ ɮ i
лазар	ɮ a z a r̥
мики	m i k i
развие	r a z vʲ i j ɛ
разума	r a z u m a
суми	s u m i
таз	tʰ a z
арх	a r x
грузия	k r u z i j a
десетина	d e s e t i n a
домашния	d ɔ m a ɕ n i j a
занимания	z a n i m a n i j a
златоград	z ɮ a tʰ ɔ ɡ r a t
илюзия	i ɮʲ u z i j a
информира	i n f ɔ r m i r a
консумация	k ɔ n s u m a t͡sʰ i j a
късо	k s o
мега	m e ɡ a
мхм	m a x m
пращам	p r a ɕ a m
саша	s a ɕ a
скандала	s k a n d a ɮ a
фраза	f r a z a
чип	t͡ɕʰ i p
was	w a s
бик	b i k
деси	d e s i
замислих	z a m i s ɮ i x
рада	r a d a
франс	f r a n s
харисън	x a r i s ʊ n
хебър	xʲ ɛ b ʊ r
want	w a n t
наруши	n a r u ɕ i
прясна	p rʲ a s n a
women	w oː m e n
муха	m u x a
нюз	nʲ u z
приза	p r i z a
сбирка	s b i r k a
al	a l
bosch	b o ʃ
wars	w a r s
диша	d i ɕ a
мими	m i m i
рана	r a n a
русенски	r u s e n s k i
съни	s n i
тиха	tʰ i x a
фута	f u t a
халф	x a ɮ f
винсент	ʋ i n s e n t
генерира	ɡ e n e r i r a
ду	d u
излязла	i z ɮʲ a z ɮ a
камо	k a m o
тир	tʰ i r
тихия	tʰ i x i j a
бам	b a m
безумно	b e z u m n o
десни	d e s n i
дневника	d n e v n i k a
изборния	i z b ɔ r n i j a
насила	n a s i ɮ a
нервни	n e r v n i
римска	r i m s k a
русо	r u s o
сава	s a w a
фар	f a r
харчи	x a r t͡ɕʰ i
имащи	i m a ɕ i
куража	k u r a d͡ʑ a
мод	m o d
нико	n i k o
дени	d e n i
жанра	ʒ a n r a
кана	k a n a
надал	n a d a ɮ
сали	s a ɮ i
die	d i
wall	w a l
watch	w a t͡ʃ
графа	ɡ r a f a
дъха	d ɔ x a
забелязал	z a bʲ ɵ ɮʲ a z a ɮ
зора	z ɔ r a
изби	i z b i
мехур	m e x u r
мун	m u n
празно	p r a z n o
фази	f a z i
харви	x a r v i
худ	x u d
верно	ʋ e r n o
даваше	d a w a ɕ e
еба	j ɛ b a
златка	z ɮ a tʰ k a
круз	k r u z
куки	k u k i
мания	m a n i j a
мишо	m i ɕ o
di	d i
гери	ɡ e r i
разлог	r a z ɮ o ɡ
разшири	r a z ɕ i r i
сандра	s a n d r a
хилс	x i ɮ s
чи	t͡ɕʰ i
юрист	j u r i s t
анализира	a n a ɮ i z i r a
единодушно	j ɛ d i n o d u ɕ n o
зимния	z i m n i j a
избягаха	i z bʲ a ɣ a x a
мика	m i k a
мозъчна	m ɔ z t͡ɕʰ n a
намирал	n a m i r a ɮ
пърл	p ɔ r ɮ
рубли	r u b ɮ i
ядох	j a d ɔ x
need	n eː d
езда	j ɛ z d a
марсилия	m a r s i ɮ i j a
маха	m a x a
месни	m e s n i
мирише	m i r i ɕ e
обясниха	ɔ bʲ a s n i x a
трансформация	tʰ r a n s f ɔ r m a t͡sʰ i j a
ходих	x ɔ d i x
хю	xʲ u
цифра	t͡sʰ i f r a
анри	a n r i
дисни	d i s n i
зарази	z a r a z i
зимна	z i m n a
изигра	i z i ɡ r a
израснал	i z r a s n a ɮ
каним	k a n i m
кар	k a r
каси	k a s i
кралска	k r a ɮ s k a
лавандула	ɮ a w̜ a n d u ɮ a
механика	m e x a n i k a
ниша	n i ɕ a
разруши	r a z r u ɕ i
рус	r u s
сравни	s r a w n i
съпрузи	s p r u z i
федерер	f e d e r e r
фини	f i n i
чая	t͡ɕʰ a j a
юда	j u d a
golden	ɡ o l d e n
kw	k w
var	v a r
алисън	a ɮ i s ʊ n
късна	k s n a
пик	pʰ i k
разрушен	r a z r u ɕ e n
сун	s u n
тогавашния	tʰ ɔ ɣ a w a ɕ n i j a
юри	j u r i
яма	j a m a
list	l i s t
pop	p o p
измяна	i z mʲ a n a
кърт	k ɔ r̥ t
легнеш	l e ɡ n e ɕ
маркус	m a r k u s
ризи	r i z i
синия	s i n i j a
цецка	t͡sʰ e t͡sʰ k a
linux	l i n u x
she	ʃ e
доказа	d ɔ k a z a
зряла	z rʲ a ɮ a
ид	i d
измамници	i z m a m n i t͡sʰ i
изясни	i z j a s n i
марти	m a r tʰ i
мирни	m i r n i
монахиня	m ɔ n a x i nʲ a
фара	f a r a
фиш	f i ɕ
ща	ɕ a
full	f u l
volkswagen	v o l k s w aː ɡ e n
аш	a ɕ
дървесни	d ɔ r vʲ ɛ s n i
кап	k a p
копривщица	k ɔ p r i w ɕ t͡ɕ i t͡sʰ a
крива	k r i v a
мами	m a m i
нощния	n ɔ ɕ n i j a
ривър	r i w ʊ r
трансформира	tʰ r a n s f ɔ r m i r a
фридрих	f r i d r i x
хавана	x a w a n a
алианс	a ɮ i̯ aː n s
вега	ʋ e ɡ a
дамско	d a m s k o
залози	z a ɮ o z i
конфигурация	k ɔ n f i ɣ u r a t͡sʰ i j a
малцина	m a ɮ t͡sʰ i n a
нишка	n i ɕ k a
пробие	p r ɔ b i j ɛ
убило	u b i ɮ o
цитира	t͡sʰ i tʰ i r a
ясла	j a s ɮ a
mall	m a l
te	t e
аманда	a m a n d a
гръдния	k r ɔ d n i j a
жасмин	ʒ a s m i n
загубила	z a ɣ u b i ɮ a
задни	z a d n i
зимно	z i m n o
маша	m a ɕ a
снаха	s n a x a
цялост	t͡sʰ j a ɮ o s t
шри	ɕ r i
апи	a pʰ i
медитация	m e d i t a t͡sʰ i j a
мездра	m e z d r a
мик	m i k
мирис	m i r i s
прилика	p r i ɮ i k a
скара	s k a r a
франц	f r a n t͡sʰ
хюз	xʲ u z
юга	j u ɣ a
алма	a ɮ m a
звездни	z ʋ ɛ z d n i
карла	k a r ɮ a
комбинира	k ɔ m b i n i r a
машинно	m a ɕ i n n o
ница	n i t͡sʰ a
ом	ɔ m
раси	r a s i
хал	x a ɮ
tu	t u
адриана	a d r i aː n a
гаража	ɢ a r a d͡ʑ a
димо	d i m o
имитира	i m i tʰ i r a
фрази	f r a z i
st	s t
граничи	k r a n i t͡ɕʰ i
зъба	z b a
икономист	i k o n o m i s t
ина	i n a
караше	k a r a ɕ e
лара	ɮ a r a
разрушени	r a z r u ɕ e n i
ран	r a n
рум	r u m
салам	s a ɮ a m
снимах	s n i m a x
хазарта	x a z a r̥ tʰ a
ци	t͡sʰ i
божие	b ɔ ʑ i j ɛ
дет	d e t
дън	d ɔ n
залеза	z a ɮʲ ɛ z a
кука	k u k a
люси	ɮʲ u s i
мухи	m u x i
норис	n ɔ r i s
праха	p r a x a
руси	r u s i
сръбска	s r ɔ b s k a
уди	u d i
усилва	u s i ɮ v a
фишер	f i ɕ e r
французи	f r a n t͡sʰ u z i
хазарт	x a z a r̥ tʰ
bit	b i t
dreams	d r e a m s
вещ	ʋ ɛ ɕ
мазнина	m a z n i n a
нарушени	n a r u ɕ e n i
разбраха	r a z b r a x a
разрушена	r a z r u ɕ e n a
софиянци	s ɔ f i j a n t͡sʰ i
срина	s r i n a
тамара	tʰ a m a r a
хаха	x a x a
last	l a s t
задно	z a d n o
захранва	z a x r a n v a
кану	k a n u
миро	m i r o
невидими	n e v i d i m i
руса	r u s a
украсени	u k r a s e n i
фани	f a n i
фенер	f e n e r
фермер	f e r m e r
харди	x a r d i
едра	j ɛ d r a
калвин	k a ɮ v i n
крит	k r i t
миньор	m i n j oː r
невидим	n e v i d i m
ния	n i j a
рама	r a m a
сал	s a ɮ
ядра	j a d r a
ok	o k
дало	d a ɮ o
инвазия	i n v a z i j a
канализация	k a n a ɮ i z a t͡sʰ i j a
кралско	k r a ɮ s k o
красно	k r a s n o
мейсън	m e j s ʊ n
мемфис	m e m f i s
микроорганизми	m i k r oː r k a n i z m i
мозъчни	m ɔ z t͡ɕʰ n i
нса	n s a
пробвах	p r ɔ b v a x
скрива	s k r i v a
фишър	f i ɕ ʊ r
ца	t͡sʰ a
ципрас	t͡sʰ i p r a s
агро	a ɡ r o
диско	d i s k o
медни	m e d n i
миля	m i ɮʲ a
разумни	r a z u m n i
симулация	s i m u ɮ a t͡sʰ i j a
фа	f a
du	d u
алабама	a ɮ a b a m a
дяла	dʲ a ɮ a
изгрява	i z ɡ rʲ a v a
каня	k a nʲ a
лава	ɮ a w a
лама	ɮ a m a
невидима	n e v i d i m a
нервно	n e r v n o
прабългари	p r a b ɔ ɮ ɢ a r i
симънс	s i m ʊ n s
тара	tʰ a r a
ханибал	x a n i b a ɮ
ху	x u
цилиндър	t͡sʰ i ɮ i n d ʊ r
si	s i
изяжда	i z j a ʒ d a
инди	i n d i
ирис	i r i s
мартини	m a r tʰ i n i
мирна	m i r n a
рам	r a m
рика	r i k a
синьор	s i n j oː r
слама	s ɮ a m a
гинес	ɡ i n e s
зае	z a j
итън	i t ʊ n
ниш	n i ɕ
храним	x r a n i m
fly	f l i
hi	h i
ахил	a x i ɮ
зрялост	z rʲ a ɮ o s t
калфин	k a ɮ f i n
ларс	ɮ a r s
мадисън	m a d i s ʊ n
мартина	m a r tʰ i n a
програмист	p r ɔ ɡ r a m i s t
разумна	r a z u m n a
руби	r u b i
ширини	ɕ i r i n i
шкаф	ɕ k a f
general	ɡ e n e ɾ aː l
ph	pʰ
авраам	a w̜ r aː m
алианса	a ɮ i̯ aː n s a
бензина	b e n z i n a
грах	ɡ r a x
ибрахим	i b r a x i m
изиграха	i z i ɡ r a x a
красимира	k r a s i m i r a
микро	m i k r o
мозъци	m ɔ z t͡sʰ i
моисей	m o j i s e j
нервен	n e r v e n
оссе	ɔ s s ɛ
призраци	p r i z r a t͡sʰ i
разруха	r a z r u x a
скариди	s k a r i d i
слагаш	s ɮ a ɣ a ɕ
фина	f i n a
харесаха	x a rʲ ɵ s a x a
po	p o
амбиция	a m b i t͡sʰ i j a
генерация	ɡ e n e r a t͡sʰ i j a
дениз	d e n i z
дима	d i m a
ис	i s
карин	k a r i n
муса	m u s a
мутра	m u tʰ r a
ним	n i m
ну	n u
радара	r a d a r a
рид	r i d
хирурзи	x i r u r z i
ценим	t͡sʰ e n i m
festival	f e s t i v aː l
ma	m a
sa	s a
state	s t aː t e
two	t w o
za	z a
атила	a tʰ i ɮ a
дин	d i n
кама	k a m a
кришна	k r i ɕ n a
крия	k r i j a
кърк	k ɔ r k
нарязания	n a rʲ a z a n i j a
правния	p r a w n i j a
рамзи	r a m z i
украсена	u k r a s e n a
филхармония	f i ɮ x a r m o n i j a
фифа	f i f a
хладилници	x ɮ a d i ɮ n i t͡sʰ i
old	o l d
аса	a s a
дино	d i n o
ниши	n i ɕ i
обижда	ɔ b i ʑ d a
сабя	s a bʲ a
сахара	s a x a r a
срамно	s r a m n o
хисаря	x i s a rʲ a
шанън	ɕ a n
шофьорска	ɕ ɔ f j ɔ r s k a
явни	j a w n i
been	b eː n
standard	s t a n d a r d
аби	a b i
деп	d e p
диляна	d i ɮʲ a n a
избираш	i z b i r a ɕ
имейла	i m e j ɮ a
ланс	ɮ a n s
менсън	m e n s ʊ n
низ	n i z
нрав	n r a w
офисът	ɔ f i s ʊ t
рамос	r a m o s
тигри	tʰ i ɡ r i
фашизма	f a ɕ i z m a
химик	x i m i k
flash	f l a ʃ
бени	b e n i
гид	ɡ i d
графиня	k r a f i nʲ a
златица	z ɮ a tʰ i t͡sʰ a
кадъра	k a d r a
малария	m a ɮ a r i j a
мерлин	m e r ɮ i n
мързи	m ɔ r z i
приз	p r i z
признания	p r i z n a n i j a
прима	p r i m a
природния	p r i r o d n i j a
присъжда	p r i s ʊ d͡ʑ d a
украшения	u k r a ɕ e n i j a
фриц	f r i t͡sʰ
царска	t͡sʰ a r s k a
юноша	j u n o ɕ a
adidas	a d i d a s
los	l o s
ат	a tʰ
денвър	d e n v ʊ r
камп	k a m p
камчия	k a m t͡ɕʰ i j a
кашмир	k a ɕ m i r
лапи	ɮ a pʰ i
матис	m a tʰ i s
мени	m e n i
микробус	m i k r o b u s
налагало	n a ɮ a ɣ a ɮ o
нси	n s i
ням	nʲ a m
плава	p ɮ a w a
прашец	p r a ɕ e t͡sʰ
разсейва	r a z s e j v a
цилиндъра	t͡sʰ i ɮ i n d ʊ r a
ha	h a
th	tʰ
бакалавърска	b a k a ɮ a w̜ r s k a
денс	d e n s
дог	d ɔ ɡ
изяснява	i z j a s nʲ a v a
маслини	m a s ɮ i n i
нед	n e d
обясних	ɔ bʲ a s n i x
прибера	p r i b e r a
разрушение	r a z r u ɕ e n i j ɛ
сиси	s i s i
скука	s k u k a
сравним	s r a w n i m
събирания	s b i r a n i j a
цу	t͡sʰ u
шумни	ɕ u m n i
шърли	ɕ ɔ r ɮ i
stay	s t a j
како	k a k o
караджа	k a r a d͡ʑ a
маркес	m a r kʲ e s
медисън	m e d i s ʊ n
милиция	m i ɮ i t͡sʰ i j a
налагаше	n a ɮ a ɣ a ɕ e
напразни	n a p r a z n i
невинност	n e v i n n o s t
организирал	ɔ r k a n i z i r a ɮ
първомай	p ɔ r v ɔ m ɛː
римско	r i m s k o
силвър	s i ɮ v ʊ r
софиянски	s ɔ f i j a n s k i
сърди	s ɔ r d i
формирования	f ɔ r m i r o v a n i j a
хорър	x ɔ r ʊ r
юл	j u ɮ
ями	j a m i
гог	ɡ ɔ ɡ
дорис	d ɔ r i s
дъги	d ɔ ɡ i
жар	ʒ a r
запълва	z a p ɔ ɮ v a
заря	z a rʲ a
зори	z ɔː r i
карина	k a r i n a
кум	k u m
медуза	m e d u z a
миша	m i ɕ a
надига	n a d i ɣ a
програмни	p r ɔ ɡ r a m n i
риф	r i f
русенския	r u s e n s k i j a
русенско	r u s e n s k o
трудът	t r u d ʊ t
финишира	f i n i ɕ i r a
французин	f r a n t͡sʰ u z i n
шина	ɕ i n a
бивше	b i w ɕ e
зараза	z a r a z a
ип	i p
коз	k o z
къпя	k ɔ pʲ a
люба	ɮʲ u b a
мерил	m e r i l
разрушения	r a z r u ɕ e n i j a
савана	s a w a n a
фиг	f i ɡ
фино	f i n o
царско	t͡sʰ a r s k o
шан	ɕ a n
юношеска	j u n ɔ ɕ e s k a
bar	b a r
аладин	a ɮ a d i n
алба	a ɮ b a
гарда	ɢ a r t a
камбана	k a m b a n a
минно	m i n n o
наизуст	n a j i z u s t
нарушена	n a r u ɕ e n a
пир	pʰ i r
плаващ	p ɮ a w a ɕ
руни	r u n i
удържи	u d ɔ r d͡ʑ i
франсиско	f r a n s i s k o
шкафа	ɕ k a f a
арън	a r ʊ n
жалби	ʒ a ɮ b i
заслужи	z a s ɮ u d͡ʑ i
зи	z i
изба	i z b a
кам	k a m
кая	k a j a
криско	k r i s k o
меморандум	m e m ɔ r a n d u m
младини	m ɮ a d i n i
муза	m u z a
наброява	n a b r ɔ j a v a
нино	n i n o
рия	r i j a
россия	r ɔ s i j a
руда	r u d a
сe	s e
сандърс	s a n d ʊ r s
сдобие	s d ɔ b i j ɛ
фюри	fʲ u r i
хейвън	x e j v ʊ n
забил	z a b i ɮ
заслужили	z a s ɮ u d͡ʑ i ɮ i
кас	k a s
образна	ɔ b r a z n a
разболява	r a z b ɔ ɮʲ a v a
ръгби	r ɔ ɡ b i
украинския	u k r a j i n s k i j a
фарс	f a r s
хе	xʲ ɛ
hill	h i l
sg	s ɡ
автоматизация	a w̜ tʰ ɔ m a tʰ i z a t͡sʰ i j a
героизъм	ɡ e r o j i z ʊ m
гипс	ɡ i p s
дейна	d e j n a
здравия	z d r a vʲ i j a
имащ	i m a ɕ
комик	k o m i k
магда	m a ɡ d a
мъх	m ɔ x
носия	n ɔ s i j a
празнина	p r a z n i n a
разказваше	r a z k a z v a ɕ e
юсуф	j u s u f
say	s a j
should	ʃ o u l d
аб	a b
асо	a s o
дарън	d a r ʊ n
легне	l e ɡ n e
меда	m e d a
мобилизация	m ɔ b i ɮ i z a t͡sʰ i j a
синхронизация	s i ŋ x r ɔ n i z a t͡sʰ i j a
слабия	s ɮ a b i j a
фрида	f r i d a
химна	x i m n a
анархия	a n a r x i j a
ануса	a n u s a
везни	ʋ e z n i
гришо	ɡ r i ɕ o
изгубила	i z ɡ u b i ɮ a
иса	i s a
мал	m a ɮ
насладим	n a s ɮ a d i m
нормандия	n ɔ r m a n d i j a
продадоха	p r ɔ d a d ɔ x a
ради	r a d i
ранд	r a n d
ранди	r a n d i
рафа	r a f a
рийвс	r iː v s
русенци	r u s e n t͡sʰ i
сине	s i n e
фенери	f e n e r i
хирошима	x i r o ɕ i m a
чън	t͡ɕʰ ɔ n
amd	a m d
mark	m a r k
ари	a r i
веско	ʋ e s k o
градус	k r a d u s
гън	ɡ ɔ n
девизът	d e v i z ʊ t
изкарах	i z k a r a x
кадафи	k a d a f i
копър	k o p ʊ r
кубински	k u b i n s k i
купона	k u p o n a
митът	m i t ʊ t
осъзнавам	ɔ s t͡s n a v a m
пратя	p r a tʲ a
разбирай	r a z b i r ɛː
размах	r a z m a x
раян	r a j a n
самурай	s a m u r ɛː
сборници	s b ɔ r n i t͡sʰ i
хали	x a ɮ i
шабла	ɕ a b ɮ a
шаси	ɕ a s i
залагания	z a ɮ a ɣ a n i j a
кабул	k a b u ɮ
комбинирана	k ɔ m b i n i r a n a
мати	m a tʰ i
ниро	n i r o
прислужница	p r i s ɮ u ʑ n i t͡sʰ a
рийс	r iː s
рис	r i s
стъбла	s t ɔ b ɮ a
фб	f a b
фън	f ɔ n
хазна	x a z n a
хам	x a m
хахаха	x a x a x a
хинди	x i n d i
ча	t͡ɕʰ a
чара	t͡ɕʰ a r a
photos	pʰ o t o s
аня	a nʲ a
ария	a r i j a
биляна	b i ɮʲ a n a
гилдия	ɡ i ɮ d i j a
изи	i z i
иля	i ɮʲ a
кални	k a ɮ n i
любляна	ɮʲ u b ɮʲ a n a
марли	m a r ɮ i
махал	m a x a ɮ
наби	n a b i
нана	n a n a
насър	n a s ʊ r
нирвана	n i r v a n a
примири	p r i m i r i
разбираше	r a z b i r a ɕ e
саня	s a nʲ a
сир	s i r
сирни	s i r n i
слуз	s ɮ u z
храбри	x r a b r i
wild	w i l d
дина	d i n a
дук	d u k
комар	k o m a r
мадара	m a d a r a
марино	m a r i n o
мида	m i d a
мирния	m i r n i j a
мощния	m ɔ ɕ n i j a
намаляло	n a m a ɮʲ a ɮ o
нарушено	n a r u ɕ e n o
сзо	s z ɔ
сингх	s i ŋ x
хъмфри	x ɔ m f r i
ярда	j a r d a
ot	o t
ананас	a n a n a s
анубис	a n u b i s
гард	ɢ a r t
дъдли	d ɔ d ɮ i
зограф	z ɔ ɡ r a f
ирод	i r oː d
караха	k a r a x a
клише	k l i ɕ e
медицинският	m e d i t͡sʰ i n s k i j aː t
мито	m i t o
сом	s ɔ m
срама	s r a m a
физици	f i z i t͡sʰ i
храбро	x r a b r o
хук	x u k
цецо	t͡sʰ e t͡sʰ o
яла	j a ɮ a
fast	f a s t
алармира	a ɮ a r m i r a
вис	ʋ i s
графици	k r a f i t͡sʰ i
грифин	k r i f i n
десетия	d e s e t i j a
дървесна	d ɔ r vʲ ɛ s n a
загубва	z a ɣ u b v a
заряда	z a rʲ a d a
лам	ɮ a m
маг	m a ɡ
мерна	m e r n a
мулти	m u ɮ tʰ i
норм	n ɔ r m
пих	pʰ i x
пружина	p r u ʑ i n a
пръска	p r ɔ s k a
разрушено	r a z r u ɕ e n o
самара	s a m a r a
шен	ɕ e n
аналози	a n a ɮ o z i
девица	d e v i t͡sʰ a
дъг	d ɔ ɡ
жадни	ʒ a d n i
заразно	z a r a z n o
лиъм	ɮ i ʔ m
медина	m e d i n a
мобилизира	m ɔ b i ɮ i z i r a
мраморни	m r a m ɔ r n i
намираше	n a m i r a ɕ e
трансилвания	tʰ r a n s i ɮ v a n i j a
шише	ɕ i ɕ e
das	d a s
sting	s t i ŋ
vista	v i s t a
ади	a d i
венозна	ʋ e n o z n a
грация	k r a t͡sʰ i j a
деменция	d e m e n t͡sʰ i j a
демир	d e m i r
казина	k a z i n a
кошера	k ɔ ɕ e r a
крах	k r a x
криб	k r i b
кю	kʲ u
нани	n a n i
номинирана	n ɔ m i n i r a n a
сана	s a n a
слав	s ɮ a w
сърна	s ɔ r n a
шини	ɕ i n i
яхния	j a x n i j a
афро	a f r o
карим	k a r i m
круши	k r u ɕ i
кума	k u m a
милс	m i ɮ s
ня	nʲ a
рими	r i m i
help	h é l p
ho	h o
алпи	a ɮ pʰ i
граал	k r aː ɮ
искров	i s k r o v
кардиф	k a r d i f
крас	k r a s
кърма	k ɔ r m a
медна	m e d n a
мърда	m ɔ r d a
шейни	ɕ e j n i
щам	ɕ a m
ba	b a
daddy	d a d d i
por	p o ɾ
бис	b i s
диня	d i n j a
зидария	z i d a r i j a
инерция	i n e r t͡sʰ i j a
казарма	k a z a r m a
куку	k u k u
лан	ɮ a n
марвин	m a r v i n
мариса	m a r i s a
матура	m a tʰ u r a
матюс	m a tʲ u s
мезе	m e z e
прокарва	p r ɔ k a r v a
руля	r u ɮʲ a
румънска	r u m n s k a
сала	s a ɮ a
синди	s i n d i
сми	s m i
срамни	s r a m n i
сценография	s t͡sʰ e n o ɡ r a f i j a
федерико	f e d e r i k o
французина	f r a n t͡sʰ u z i n a
шумна	ɕ u m n a
щанда	ɕ a n d a
holiday	h o l i d a j
must	m u s t
ава	a w a
аида	a j i d a
аркадий	a r k a d iː
жил	d͡ʑ i ɮ
изгоряла	i z ɡ ɔ rʲ a ɮ a
имаща	i m a ɕ a
кралици	k r a ɮ i t͡sʰ i
кулминация	k u ɮ m i n a t͡sʰ i j a
лян	ɮʲ a n
марая	m a r a j a
мерло	m e r ɮ o
мес	m e s
мраз	m r a z
праз	p r a z
прусия	p r u s i j a
рибарско	r i b a r s k o
санди	s a n d i
ситно	s i t n o
суб	s u b
формуляра	f ɔ r m u ɮʲ a r a
хах	x a x
хибридни	x i b r i d n i
яж	j a ʒ
hall	h a l
wait	w a i t
yo	j o
алманах	a ɮ m a n a x
ара	a r a
бездна	b e z d n a
гранада	k r a n a d a
гру	ɡ r u
дафни	d a f n i
едисън	j ɛ d i s ʊ n
ез	j ɛ z
измамите	i z m a m i tʲ e
каб	k a b
камари	k a m a r i
крупни	k r u p n i
кус	k u s
мантия	m a n tʰ i j a
мармалад	m a r m a ɮ a t
размина	r a z m i n a
сас	s a s
финансист	f i n a n s i s t
фокусирана	f ɔ k u s i r a n a
ta	t a
ve	v e
villa	v i l l a
визи	ʋ i z i
графит	k r a f i t
диря	d i rʲ a
ее	j ɛ j ɛ
заразни	z a r a z n i
зими	z i m i
изминаха	i z m i n a x a
казана	k a z a n a
карамфил	k a r a m f i ɮ
лада	ɮ a d a
лила	ɮ i ɮ a
мало	m a ɮ o
невидимо	n e v i d i m o
ника	n i k a
плажен	p ɮ a ʒ e n
приземния	p r i z e m n i j a
програмния	p r ɔ ɡ r a m n i j a
сари	s a r i
славно	s ɮ a w n o
съст	s s t
финансирана	f i n a n s i r a n a
хаваи	x a w a j
храниш	x r a n i ɕ
ja	d ʒ a
still	s t i l
гиза	ɡ i z a
гулянци	ɡ u ɮʲ a n t͡sʰ i
дидо	d i d o
дини	d i n i
имения	i m e n i j a
ирма	i r m a
курц	k u r t͡sʰ
къв	k ɔ w̜
ману	m a n u
миризми	m i r i z m i
призма	p r i z m a
рамбо	r a m b o
хамас	x a m a s
амир	a m i r
бедро	b e d r o
грамада	k r a m a d a
дунавска	d u n a w̜ s k a
замислям	z a m i s ɮʲ a m
играх	i ɡ r a x
изгорял	i z ɡ ɔ rʲ a ɮ
изнасилвания	i z n a s i ɮ v a n i j a
ира	i r a
каро	k a r o
криси	k r i s i
мумия	m u m i j a
мус	m u s
нилс	n i ɮ s
ноща	n ɔ ɕ a
пис	pʰ i s
расизма	r a s i z m a
римлянин	r i m ɮʲ a n i n
сингър	s i ŋ ɡ ʊ r
сканира	s k a n i r a
фан	f a n
це	t͡sʰ e
яз	j a z
яни	j a n i
alt	a l t
hills	h i l s
nu	n u
ti	t i
алиша	a ɮ i ɕ a
армандо	a r m a n d o
грабва	k r a b v a
дезмънд	d e z m ʊ n d
играна	i ɡ r a n a
ламар	ɮ a m a r
лаф	ɮ a f
манди	m a n d i
нано	n a n o
обадиха	ɔ b a d i x a
различи	r a z ɮ i t͡ɕʰ i
разработил	r a z r a b o tʰ i ɮ
рибарска	r i b a r s k a
сбора	s b ɔ r a
схваща	s x w a ɕ a
тирания	tʰ i r a n i j a
фармация	f a r m a t͡sʰ i j a
фашист	f a ɕ i s t
физико	f i z i k o
хiх	x i x
хаас	x aː s
fall	f a l
motors	m ó t o r s
sos	s o s
алина	a ɮ i n a
верн	ʋ e r n
десетка	d e s e t k a
десница	d e s n i t͡sʰ a
единодушни	j ɛ d i n o d u ɕ n i
ест	j ɛ s t
кожух	k ɔ ʑ u x
крана	k r a n a
мосю	m ɔ s j u
напуснах	n a p u s n a x
орсън	ɔ r s ʊ n
рафи	r a f i
рима	r i m a
синоними	s i n o n i m i
славни	s ɮ a w n i
хун	x u n
хуя	x u j a
ценя	t͡sʰ e n j a
ni	n i
алваро	a ɮ v a r o
дейно	d e j n o
евразия	j ɛ v r a z i j a
езра	j ɛ z r a
криво	k r i v o
мазна	m a z n a
марияна	m a r i j a n a
мах	m a x
мерседес	m e r s e d e s
немец	n e m e t͡sʰ
низина	n i z i n a
разнообразно	r a z n oː b r a z n o
рамзес	r a m z e s
угризения	u ɡ r i z e n i j a
украшение	u k r a ɕ e n i j ɛ
фермерски	f e r m e r s k i
фи	f i
формуляри	f ɔ r m u ɮʲ a r i
хоровиц	x ɔ r o v i t͡sʰ
ядосана	j a d ɔ s a n a
ball	b a l
gta	ɡ t a
mo	m o
song	s o ŋ
su	s u
арно	a r n o
арфа	a r f a
асансьори	a s a n sʲ oː r i
бом	b ɔ m
девиза	d e v i z a
деймиън	d e j m i ʔ n
добие	d ɔ b i j ɛ
забранил	z a b r a n i ɮ
изгубва	i z ɡ u b v a
ист	i s t
ками	k a m i
малц	m a ɮ t͡sʰ
махнах	m a x n a x
мико	m i k o
михал	m i x a ɮ
моше	m ɔ ɕ e
надзорния	n a d͡z ɔ r n i j a
прим	p r i m
разсмя	r a z s mʲ a
русенска	r u s e n s k a
сформирана	s f ɔ r m i r a n a
формирана	f ɔ r m i r a n a
хидра	x i d r a
хизбула	x i z b u ɮ a
химера	x i m e r a
чут	t͡ɕʰ u t
ярд	j a r t
george	ɡ e o ɾ ɡ e
personal	p e r s o n aː l
stand	s t a n d
va	v a
анс	a n s
гарантирана	k a r a n tʰ i r a n a
деми	d e m i
зън	z ɔ n
изхожда	i z x ɔ ʑ d͡ʑ a
изясним	i z j a s n i m
имиграция	i m i ɡ r a t͡sʰ i j a
кала	k a ɮ a
капри	k a p r i
крю	k rʲ u
меги	m e ɡ i
модифицирана	m ɔ d i f i t͡sʰ i r a n a
наваро	n a w a r o
нарцис	n a r t͡sʰ i s
радари	r a d a r i
сабрина	s a b r i n a
самопризнания	s a m ɔ p r i z n a n i j a
симба	s i m b a
сузи	s u z i
хандбал	x a n d b a ɮ
явна	j a w n a
pre	p ɾ e
zu	z u
аркадия	a r k a d i j a
доха	d ɔ x a
забие	z a b i j ɛ
идейно	i d e j n o
избягам	i z bʲ a ɣ a m
камбанария	k a m b a n a r i j a
люка	ɮʲ u k a
маруля	m a r u ɮʲ a
матрици	m a tʰ r i t͡sʰ i
мендоса	m e n d o s a
надмина	n a d m i n a
назидание	n a z i d a n i j ɛ
нан	n a n
нарния	n a r n i j a
нахлу	n a x ɮ u
нужния	n u ʑ n i j a
присъща	p r i s ɕ t͡ɕ a
разбрано	r a z b r a n o
самоубийци	s a m oː b iː t͡sʰ i
сардиния	s a r d i n i j a
симбиоза	s i m b i oː z a
финес	f i n e s
цилиндри	t͡sʰ i ɮ i n d r i
юзу	j u z u
юк	j u k
ft	f t
ka	k a
анка	a ŋ k a
гарнизона	ɡ a r n i z o n a
генезис	ɡ e n e z i s
дисбаланс	d i s b a ɮ a n s
илиана	i ɮ i̯ aː n a
кръстю	k r ɔ s tʲ u
намалял	n a m a ɮʲ a ɮ
намирах	n a m i r a x
невидимия	n e v i d i m i j a
прашка	p r a ɕ k a
пружини	p r u ʑ i n i
рида	r i d a
рн	r ə n
рю	rʲ u
сабина	s a b i n a
сик	s i k
хърли	x ɔ r ɮ i
горящи	ɡ ɔ rʲ a ɕ i
гръдна	k r ɔ d n a
даващ	d a w a ɕ
дюма	dʲ u m a
задуши	z a d u ɕ i
илиада	i ɮ i̯ aː d a
камий	k a m iː
каши	k a ɕ i
кох	k ɔ x
краха	k r a x a
кух	k u x
масимо	m a s i m o
матка	m a tʰ k a
махало	m a x a ɮ o
машинист	m a ɕ i n i s t
нe	n e
приказна	p r i k a z n a
раб	r a b
равнец	r a w nʲ ɛ t͡sʰ
славна	s ɮ a w n a
убедиш	u b e d i ɕ
фейт	f e j t
халва	x a ɮ v a
химни	x i m n i
хъб	x ɔ b
arts	a r t s
pa	p a
wolf	w o l f
ya	j a
дъна	d n a
игрална	i ɡ r a ɮ n a
комисаря	k ɔ m i s a rʲ a
мазни	m a z n i
мултимедийни	m u ɮ tʰ i m e d iː n i
наско	n a s k o
нацизма	n a t͡sʰ i z m a
образни	ɔ b r a z n i
прибраха	p r i b r a x a
приляга	p r i ɮʲ a ɣ a
пробация	p r ɔ b a t͡sʰ i j a
рино	r i n o
сади	s a d i
салах	s a ɮ a x
сук	s u k
хавлия	x a w ɮ i j a
хъл	x ɔ ɮ
юра	j u r a
solar	s o l a r
жоро	ʒ ɔ r o
заразна	z a r a z n a
зоро	z ɔ r o
камино	k a m i n o
карабина	k a r a b i n a
краси	k r a s i
лае	ɮ a j
мадама	m a d a m a
мандарин	m a n d a r i n
мандра	m a n d r a
мармарис	m a r m a r i s
мейси	m e j s i
мириса	m i r i s a
мраморна	m r a m ɔ r n a
намаляла	n a m a ɮʲ a ɮ a
размаза	r a z m a z a
разработили	r a z r a b o tʰ i ɮ i
рифа	r i f a
сис	s i s
ска	s k a
сланина	s ɮ a n i n a
указа	u k a z a
украинска	u k r a j i n s k a
хулия	x u ɮ i j a
шатра	ɕ a tʰ r a
шеймъс	ɕ e j m ʊ s
шиш	ɕ i ɕ
щука	ɕ u k a
янус	j a n u s
bull	b u l
lo	l o
walk	w a l k
алианц	a ɮ i̯ aː n t͡sʰ
алхимия	a ɮ x i m i j a
балсам	b a ɮ s a m
гриф	ɡ r i f
звездно	z ʋ ɛ z d n o
кюрди	kʲ u r d i
лала	ɮ a ɮ a
ратифицира	r a tʰ i f i t͡sʰ i r a
бесни	b e s n i
градинари	k r a d i n a r i
зиг	z i ɡ
зина	z i n a
минас	m i n a s
носна	n ɔ s n a
салазар	s a ɮ a z a r̥
самир	s a m i r
слез	s ɮʲ ɛ z
уърлд	u ʔ r ɮ d
хуни	x u n i
