és	e s
is	i s
én	e n
el	æ l
magyar	m á ɡ j à r
itt	i t
mi	m i
es	e s
fel	f æ l
te	t e
több	t ø b
mit	m i t
le	l e
között	k ø z ø t
ott	o t
se	s e
kicsit	k í t͡ʃ s i t
inkább	ì n k á b
együtt	e ɡ j y t
valamint	v a l a m i n t
másik	m áː s i k
talán	t a l á n
este	e s t e
mind	m î n d
fontos	f ó n t o s
of	o f
in	i n
os	o s
legalább	l e ɡ a l á b
film	f i l m
egyetlen	e ɡ j e t l e n
tud	t uː d
mintha	m í n tʰ àː
történt	t ø r t e n t
közül	k ø z y l
öt	ø t
ön	ø n
közel	k ø z e l
ért	e r t
et	e t
hét	h e t
hat	h a t
nak	n a k
ti	t i
tökéletes	t ø k e l e t e s
évek	e v e k
ment	m ɛ n t
közös	k ø z ø s
egyedül	e ɡ j e d y l
körül	k ø r y l
ok	o k
lehetett	l e h e t e t
kapcsolatban	k a p t͡ʃ s o l a t b a n
él	e l
kaptam	k a p t a m
alkalommal	a l k a l o m m a l
egyetem	e ɡ j e t e m
kor	k o r
köszi	k ø s z i
lehetne	l e h e t n e
sor	s o r
külön	k y l ø n
no	n o
ot	o t
probléma	p r o b l eː m a
tartott	t a r t o t
kap	k a p
örülök	ø r y l ø k
különösen	k y l ø n ø s e n
miközben	m i k ø z b e n
mögött	m ø ɡ ø t
dal	d a l
hozott	h o z o t
nyílt	ɲ i l t
külföldi	k y l f ø l d i
biztonsági	b i z t o n s áː ɡ i
la	l a
tudományos	t u d o m áː ɲ o s
melynek	m e l y n e k
pontos	p ó n t o s
vörös	ʋ ø r ø s
ötlet	ø t l e t
esett	e s e t
ös	ø s
tóth	t óː t
török	t ø r ø k
egyesület	e ɡ j e s y l e t
kutya	k ú t j áː
közt	k ø z t
hihetetlen	h i h e t e t l e n
vel	ʋ æ l
at	a t
igazság	i ɡ á z s áː ɡ
nézz	n e z
halt	h a l t
világot	ʋ i l áː ɡ o t
cikk	t͡ʃ i k
dolgozott	d o l ɡ o z o t
indul	í n d u l
me	m e
nyitott	ɲ i t o t
töltött	t ø l t ø t
esik	e s i k
központ	k ø z p o n t
közösségi	k ø z ø s s eː ɡ i
látott	l áː t o t
nyilván	ɲ i l v á n
fent	f ɛ n t
tartalmaz	t a r t a l m a z
bent	b ɛ n t
döntött	d ø n t ø t
kislány	k i s l áː n y
különös	k y l ø n ø s
lehetnek	l e h e t n e k
kör	k ø r
senkinek	s e n k i n e k
fény	f e n i
kapcsolatot	k a p t͡ʃ s o l a t o t
közösen	k ø z ø s e n
it	i t
kötött	k ø t ø t
köztük	k ø z t y k
mark	m a r k
ukrán	u k r á n
örök	ø r ø k
iránt	i r á n t
képesek	k e p e s e k
közvetlen	k ø z v e t l e n
nyerte	ɲ é r t e
lehetetlen	l e h e t e t l e n
falu	f á l u
segített	s e ɡ i t e t
ügy	y ɡ y
dalt	d a l t
körülbelül	k ø r y l b e l y l
okozott	o k o z o t
földön	f ø l d ø n
pályán	p á l j á n
tök	t ø k
vi	ʋ i
bármi	b á r m ìː
hétvégén	h e t v e ɡ e n
nézzétek	n e z z e t e k
éva	eː v a
függ	f y ɡ
ill	i l
következik	k ø v e t k e z i k
pro	p r oː
ötödik	ø t ø d i k
from	f r o m
legmagasabb	l e ɡ m a ɡ a s a b
adtak	a d t a k
fizetni	f i z e t n i
jövök	j ø v ø k
man	m a n
világos	ʋ i l áː ɡ o s
házat	h á z à t
küldött	k y l d ø t
tartalmazza	t a r t a l m a z z a
bálint	b áː l i n t
katalin	k a t a l î n
tartanak	t a r t a n a k
vii	ʋ iː
alkalmazott	a l k a l m a z o t
bp	b eː p eː
események	e s e m e ɲ e k
ezüst	e z y s t
görög	ɡ ø r ø ɡ
nézek	n e z e k
an	a n
fölött	f ø l ø t
látok	l áː t o k
pesti	p é s t i
kapcsán	k a p t͡ʃ s á n
körüli	k ø r y l i
pontot	p ó n t o t
páros	p áː r o s
am	a m
üzlet	y z l e t
fiatalok	f i a t a l o k
kutatók	k u t a t ó k
tettek	t e t t e k
vették	v e t t e k
föl	f ø l
levelet	l e v e l e t
fi	f i
földi	f ø l d i
kim	k i m
külföldön	k y l f ø l d ø n
sült	s y l t
hit	h i t
legyenek	l e ɡ j e n e k
regionális	r e ɡ i o n áː l i s
területi	t e r y l e t i
unió	u n i óː
do	d oː
ezeknek	e z e k n e k
tartotta	t a r t o t t a
hölgy	h ø l ɡ y
matt	m a t
part	p a r t
st	s t
sérült	s e ɾ y l t
mért	m e r t
dolgoznak	d o l ɡ o z n a k
felirat	f e l i r aː t
közülük	k ø z y l y k
egymáshoz	e ɡ y m áː ʃ o z
kapcsolatok	k a p t͡ʃ s o l a t o k
sir	s i r
elégedett	e l e ɡ e d e t
est	e s t
free	f r eː
hagy	h á ɡ y
hagyott	h á ɡ j o t
kar	k a r
nyújtott	ɲ uː j t o t
öröm	ø r ø m
hagyd	h á ɡ y d
megérkezett	m e ɡ e r k e z e t
un	u n
demokratikus	d e m o k r a t i k u s
ep	e p
politika	p o l i t i k a
finn	f i n
közölte	k ø z ø l t e
nevezett	n e v e z e t
parkban	p a r k b a n
us	u s
dan	d a n
döntést	d ø n t e s t
iránti	i r á n t i
ix	i k s
lefelé	l e f e l e
microsoft	m i k r o s o f t
xi	x i
del	d æ l
fülöp	f y l ø p
hot	h o t
or	o r
papp	p a p
pop	p o p
önt	ø n t
nyomás	ɲ o m á s
puha	p u h áː
tartoznak	t a r t o z n a k
hírt	h i r t
konyha	k ó n j h áː
köze	k øː z e
németek	n e m e t e k
sört	s ø r t
határozottan	h a t áː r o z o t t a n
településen	t e l e p y l eː s e n
vitamin	v i t a m i n
örökre	ø r ø k r e
band	b â n d
ek	e k
fok	f o k
tartottak	t a r t o t t a k
egyesek	e ɡ j e s e k
fizika	f i z i k a
dj	d ʒ
fut	f u t
közlekedik	k ø z l e k e d i k
számban	ʃ á m b à n
sör	s øː r
eközben	e k ø z b e n
kapu	k á p ù
sam	s a m
büdös	b y d ø s
di	d i
dolgoztak	d o l ɡ o z t a k
fizetett	f i z e t e t
piacon	p i a t͡ʃ ó n
politikusok	p o l i t i k u s o k
si	s i
west	w e s t
elemek	e l e m e k
hiszek	h i s z e k
közti	k ø z t i
latin	l á t i n
soros	s óː r o s
dönt	d ø n t
feladatok	f e l a d a t o k
kritika	k r i t i k a
mail	m a i l
tartalma	t a r t a l m a
ült	y l t
dobd	d o b d
foglalt	f o ɡ l a l t
green	ɡ r eː n
matematika	m a t e m a t i k a
náluk	n áː l u k
technika	t e t͡ʃ n i k a
uk	u k
we	w e
épületek	e p y l e t e k
he	h e
küld	k y l d
tölti	t ø l t i
hidd	h i d
hozták	h o z t á k
kedd	k ɛ d
stílusban	s t iː l u s b a n
will	w i l
határozott	h a t áː r o z o t
kapcsolata	k a p t͡ʃ s o l a t a
vélemény	v e l e m e n i
fenti	f é n t i
foglalkozott	f o ɡ l a l k o z o t
hagyomány	h á ɡ j o m áː n y
királyt	k i r áː l yː t
kutatások	k u t a t áː s o k
tok	t o k
full	f u l
helyzetbe	h e l y z e t b e
királyság	k i r áː l y s á ɡ
következett	k ø v e t k e z e t
mar	m a r
történtek	t ø r t e n t e k
zsír	z s iː r
biztosított	b i z t o s i t o t
cikkek	t͡ʃ í k k è k
nukleáris	n u k l e áː r i s
tudósok	t u d óː s o k
vetett	v e t e t
war	w a r
hazafelé	h a z a f e l e
menekültek	m e n e k y l t e k
sír	s iː r
tartottam	t a r t o t t a m
félnek	f e l n e k
kormányt	k o r m áː n y t
letöltés	l e t ø l t e s
futott	f u t o t
hill	h i l
közeledik	k ø z e l e d i k
levelek	l e v e l e k
start	s t a r t
hányan	h á n j á n
kidolgozott	k i d o l ɡ o z o t
néznek	n e z n e k
püspök	p y s p ø k
önök	ø n ø k
ülök	y l ø k
egyikük	e ɡ j i k y k
ho	h oː
hívott	h iː v o t
post	p o s t
tizenkét	t i z e n k e t
tizenöt	t i z e n ø t
süti	s y t i
tartozott	t a r t o z o t
tükör	t y k ø r
good	ɡ oː d
li	l i
ni	n i
rögzített	r ø ɡ z i t e t
séta	s e t a
ütött	y t ø t
cikke	t͡ʃ í k k è
kezdet	k é z d e t
kiló	k i l óː
költözött	k ø l t ø z ø t
köt	k ø t
lények	l e ɲ e k
megérkezik	m e ɡ e r k e z i k
mutatkozott	m u t a t k o z o t
por	p o r
rita	ɽ i t a
tartalék	t a r t a l e k
gramm	ɡ r a m
hallgass	h a l ɡ a s
kun	k u n
lakik	l á k ì k
menekült	m e n e k y l t
not	n o t
parancsnok	p a r a n t͡s s n o k
tanított	t a n i t o t
táncos	t á n t͡ʃ o s
dark	d a r k
döntetlen	d ø n t e t l e n
hallgat	h a l ɡ a t
lányokat	l áː ɲ o k á t
nevezzük	n e v e z z y k
okokból	o k o k b ó l
tiltott	t i l t o t
tünetek	t y n e t e k
viselni	ʋ i s æ l n iː
hagyták	h á ɡ y t á k
hihetetlenül	h i h e t e t l e n y l
ket	k é t
nyomozó	ɲ o m o z óː
törött	t ø r ø t
ötlete	ø t l e t e
ötletet	ø t l e t e t
fogott	f ó ɡ o t
helyzetét	h e l y z e t eː t
hiányzol	h i áː n y z o l
lent	l ɛ n t
let	l e t
nel	n æ l
nevezték	n e v e z t e k
vélemények	v e l e m e ɲ e k
örül	ø r y l
bázis	b áː z i s
ehelyett	e h e l j e t
fedett	f e d e t
kat	k a t
könyörgöm	k ø n j ø r ɡ ø m
elizabeth	e l i z a b e t
emeltek	e m e l t e k
minimális	m i n i m áː l i s
párizs	p áː r i s
ötös	ø t ø s
körös	k ø r ø s
küldi	k y l d i
may	m â j
diéta	d i eː t a
konyhai	k ó n j h á i
köd	k ø d
küzdött	k y z d ø t
polgármesteri	p o l ɡ a r m e s t e r i
rákos	r áː k o s
demokrata	d e m o k r a t a
esetek	e s e t e k
hívjon	h iː v j o n
füst	f y s t
hali	h áː l iː
hazug	h á z ù ɡ
hitt	h i t
különbözik	k y l ø n b ø z i k
lehetnék	l e h e t n e k
phil	pʰ i l
son	s o n
sírt	s i r t
ugrott	ù ɡ r o t
örökös	ø r ø k ø s
christian	k r i s t i a n
hun	h u n
mutatták	m u t a t t a k
okt	o k t
problémákat	p r o b l e m á k a t
sa	s a
set	s e t
szt	ʃ t
sütit	s y t i t
valentin	v a l e n t i n
börtön	b ø r t ø n
evangélikus	e v a n ɡ e l i k u s
legyetek	l e ɡ j e t e k
megöltek	m e ɡ ø l t e k
megölték	m e ɡ ø l t e k
mesék	m e s e k
meséltem	m e s e l t e m
rohadtul	r o h a d t u l
örökség	ø r ø k s e ɡ
ütközött	y t k ø z ø t
fideszes	f i d e s z e s
közölt	k ø z ø l t
nyaralás	ɲ a r a l á s
vonultak	v o n u l t a k
ak	a k
fizetnek	f i z e t n e k
fordulnak	f o r d u l n a k
férfinak	f e r f i n a k
hé	h eː
kommunizmus	k o mː u n i z m u s
nézzetek	n e z z e t e k
reagál	r e a ɡ á l
ötletek	ø t l e t e k
egzotikus	e ɡ z o t i k u s
elnököt	e l n ø k ø t
felejtsük	f e l e j t͡s y k
hirdetett	h i r d e t e t
kijött	k i d ʒ ø t
küldök	k y l d ø k
lehettek	l e h e t t e k
napban	n á p b à n
nathan	n á t h à n
nyomorult	ɲ o m o r u l t
saint	s a i n t
adatbázis	a d a t b áː z i s
elesett	e l e s e t
ezekhez	e z e kʰ e z
foglalkoznak	f o ɡ l a l k o z n a k
görögök	ɡ ø r ø ɡ ø k
halottak	h a l o t t a k
hargita	h a r ɡ i t a
kiadások	k i a d áː s o k
közeleg	k ø z e l e ɡ
lost	l o s t
mesélte	m e s e l t e
életük	e l e t y k
eltört	e l t ø r t
folyosón	f o l j o s o n
hozom	h óː z o m
ik	i k
int	i n t
kezdd	k ɛ z d
köteles	k ø t e l e s
köti	k ø t i
építették	e p i t e t t e k
holt	h o l t
il	i l
ker	k æ r
küzd	k y z d
milyenek	m i l j e n e k
net	n e t
tartalmaznak	t a r t a l m a z n a k
tömör	t ø m ø r
építettek	e p i t e t t e k
bumm	b u m
kifizetni	k i f i z e t n i
nyitotta	ɲ i t o t t a
nyitottak	ɲ i t o t t a k
nyomást	ɲ o m á s t
törökök	t ø r ø k ø k
zala	z áː l àː
értitek	e r t i t e k
alonso	a l óː n s o
kapcsolatokat	k a p t͡ʃ s o l a t o k a t
kifinomult	k i f i n o m u l t
ko	k o
menekül	m e n e k y l
nyaklánc	ɲ a k l á n t͡ʃ
valencia	v a l e n t͡ʃ i a
zoe	z óː e
ék	e k
üdvözöljük	y d v ø z ø l j y k
üzletben	y z l e t b e n
fények	f e ɲ e k
harcolt	h a r t͡ʃ o l t
ismeretek	i s m e r e t e k
jöhetnek	j ø h e t n e k
legénység	l e ɡ e n y s eː ɡ
um	u m
balett	b a l e t
domináns	d o m i n á n s
estek	e s t e k
ezekről	e z e k r ɔː l
feleségének	f e l e s e ɡ e n e k
fokozott	f o k o z o t
ke	k e
kikapott	k i k a p o t
akciók	a k t͡ʃ i ó k
kialakulását	k i a l a k u l áː s aː t
kori	k óː r ìː
körök	k ø r ø k
munkához	m u n k áː h o z
nyrt	n y r t
ob	o b
om	o m
putyin	p u t j í n
segítettek	s e ɡ i t e t t e k
telefonos	t e l e f oː n o s
töltés	t ø l t e s
üzenetek	y z e n e t e k
bit	b i t
but	b u t
holott	h o l o t
küldöm	k y l d ø m
leírt	l e i r t
munkások	m u n k áː s o k
toll	t o l
örökbe	ø r ø k b e
dolgozok	d o l ɡ o z o k
dunai	d u n á i
falut	f á l u t
királyok	k i r áː l j o k
mutattak	m u t a t t a k
republikánus	r e p u b l i k áː n u s
stan	s t a n
ann	a n
boldogok	b o l d o ɡ o k
bízott	b i z o t
feltöltött	f e l t ø l t ø t
folt	f o l t
harcosok	h a r t͡ʃ o s o k
kövess	k ø v e s
köz	k ø z
nyeri	ɲ éː ɽ ìː
pet	p e t
süt	s y t
örültem	ø r y l t e m
evett	e v e t
füstölt	f y s t ø l t
hatások	h a t áː s o k
helyzetek	h e l y z e t e k
következőket	k ø v e t k e z øː k e t
noémi	n o eː m íː
roll	r o l
röplabda	r ø p l a b d a
tehetnek	t e h e t n e k
vitaminok	ʋ i t a m i n o k
zita	z i t a
ét	e t
ölte	ø l t e
aláírt	a l áː i r t
felügyelet	f e l y ɡ j e l e t
hallgatott	h a l ɡ a t o t
hozzuk	h ó z z u k
kalandos	k a l á n d o s
katalán	k a t a l á n
kezdeményezett	k e z d e m e ɲ e z e t
lo	l o
original	o r i ɡ i n aː l
pite	p i t e
támadások	t áː m a d áː s o k
önöket	ø n ø k e t
dolognak	d o l o ɡ n a k
döntenek	d ø n t e n e k
fizetek	f i z e t e k
férfiaknak	f e r f i a k n a k
hibákat	h ì b áː k à t
kiment	k i m é n t
közli	k ø z l i
okoztak	o k o z t a k
palacsinta	p a l a t͡ʃ s i n t a
raktam	r a k t a m
rekordot	r e k o r d o t
tudnának	t u d n áː n a k
ur	u r
app	a p
felügyelete	f e l y ɡ j e l e t e
gázt	ɡ á z t
harold	h a r o l d
kanál	k a n á l
robinson	r o b i n s o n
telepített	t e l e p i t e t
christina	k r i s t i n a
egyezik	e ɡ j e z i k
hibák	h ì b á k
okostelefon	o k o s t e l e f o n
plüss	p l y s
swift	s w i f t
sül	s y l
üzletek	y z l e t e k
arcán	a r t͡ʃ á n
hans	h â n s
kialakulása	k i a l a k u l áː s a
lánc	l á n t͡ʃ
mek	m e k
neveznek	n e v e z n e k
protokoll	p r o t o k o l
sakk	s a k
split	s p l i t
tehetek	t e h e t e k
tudnák	t u d n á k
tulajdonosok	t u l a j d o n o s o k
töltöttek	t ø l t ø t t e k
vonult	v o n u l t
budaörs	b u d a ø r s
cpu	t͡ʃ p u
döntetlent	d ø n t e t l e n t
farkasok	f a r k a s o k
fül	f y l
haltak	h a l t a k
kislányt	k i s l áː n y t
kk	k eː k eː
kritikusok	k r i t i k u s o k
melegek	m e l e ɡ e k
má	m áː
oktatása	o k t a t áː s a
stílusos	s t iː l u s o s
tökös	t ø k ø s
ölt	ø l t
öltözött	ø l t ø z ø t
üzletet	y z l e t e t
analóg	a n a l óː ɡ
biztosak	b i z t o s a k
dolgozol	d o l ɡ o z o l
férfiakat	f e r f i a k a t
gi	ɡ i
globe	ɡ l óː b e
hölgynek	h ø l ɡ y n e k
im	i m
klubot	k l ú b o t
kommunisták	k o m m u n i s t aː k
küldd	k y l d
mozaik	m o z a i k
nyomozók	ɲ o m o z ó k
sztárok	ʃ t áː r o k
totális	t o t áː l i s
tömegek	t ø m e ɡ e k
weboldalak	w e b o l d a l a k
évf	e f
öböl	ø b ø l
öltek	ø l t e k
bi	b i
blogot	b l óː ɡ o t
elérkezett	e l e r k e z e t
fogyott	f ó ɡ j o t
kent	k ɛ n t
küldenek	k y l d e n e k
lak	l a k
lé	l eː
neveztek	n e v e z t e k
pöcs	p ø k s
uralkodik	u r a l k o d i k
utazások	u t a z áː s o k
bukkant	b u k k a n t
dunán	d u n á n
egyiptom	e ɡ j i p t o m
kapcsolódnak	k a p t͡ʃ s o l o d n a k
kaphatnak	k a pʰ a t n a k
megnéztük	m e ɡ n e z t y k
nyomott	ɲ o m o t
szőrös	ʃ øː r ø s
tükörbe	t y k ø r b e
aids	a i d s
bel	b ê l
eltöltött	e l t ø l t ø t
hölgyet	h ø l ɡ j e t
kek	k é k
követtek	k ø v e t t e k
lenti	l é n t i
lux	l u k s
töltik	t ø l t i k
vonattal	v o n a t t a l
ötletnek	ø t l e t n e k
alkalmasak	a l k a l m a s a k
elkötelezett	e l k ø t e l e z e t
erotikus	e ɾ o t i k u s
figyelek	f i ɡ j e l e k
fordultak	f o r d u l t a k
hatvanas	h a t v a n a s
igazságos	i ɡ a z s áː ɡ o s
kötöttek	k ø t ø t t e k
people	p e o p l e
sonic	s óː n i t͡ʃ
tartalommal	t a r t a l o m m a l
tevékenységének	t e v e k e n y s e ɡ e n e k
töltöm	t ø l t ø m
érsek	e r s e k
örömteli	ø r ø m t e l i
egyesületi	e ɡ j e s y l e t i
hord	h o r d
költözik	k ø l t ø z i k
mu	m u
öl	ø l
child	t͡ʃ i l d
fizettek	f i z e t t e k
kinizsi	k i n í z s i
következmények	k ø v e t k e z m e ɲ e k
lift	l i f t
mozifilm	m o z i f i l m
puszit	p u s z i t
tanulnak	t a n u l n a k
tartozol	t a r t o z o l
und	u n d
wes	w e s
bin	b i n
egyetemista	e ɡ j e t e m i s t a
fincsi	f í n t͡ʃ s i
frost	f r o s t
halhatatlan	h a l h a t a t l a n
hallgatok	h a l ɡ a t o k
kitart	k i t a r t
legális	l e ɡ áː l i s
megromlott	m e ɡ r o m l o t
melyeknek	m e l j e k n e k
pat	p a t
paula	p á u l àː
sebesült	s e b e s y l t
vírust	ʋ iː r u s t
alkalmanként	a l k a l m a n k e n t
egyek	e ɡ j e k
félt	f e l t
hatalommal	h a t a l o m m a l
iránta	i r á n t a
kihagytam	k i h á ɡ y t á m
nevetett	n e v e t e t
sztálin	ʃ t áː l i n
örülne	ø r y l n e
örült	ø r y l t
на	n a
doom	d oː m
farm	f a r m
fedeztek	f e d e z t e k
félix	f e l i k s
hasonlítanak	h a s o n l iː t a n a k
kuba	k ú b àː
következtetni	k ø v e t k e z t e t n i
közte	k ø z t e
po	p o
ro	ɽ oː
szenátus	ʃ e n áː t u s
sütött	s y t ø t
utazók	u t a z ó k
fedél	f e d e l
figyeltek	f i ɡ j e l t e k
foglalkoztam	f o ɡ l a l k o z t a m
hallgatnak	h a l ɡ a t n a k
kitalálta	k i t a l á l t a
kitaláltam	k i t a l á l t a m
képességek	k e p e s e ɡ e k
következnek	k ø v e t k e z n e k
különösebb	k y l ø n ø s e b
mid	m i d
mig	m î ɡ
temetkezési	t e m e t k e z eː s i
virgin	v i r ɡ i n
apostol	a p o s t o l
bükk	b y k
centrum	t͡ʃ ɛ n t r u m
cinema	t͡ʃ i n éː m a
elhagyatott	e l h a ɡ j a t o t
füle	f y l e
kapcsolatuk	k a p t͡ʃ s o l a t u k
kapcsolják	k a p t͡ʃ s o ʎ aː k
migránsok	m i ɡ r áː n s o k
panel	p a n æ l
ph	pʰ
sírtam	s i r t a m
tartottuk	t a r t o t t u k
törik	t ø r i k
történni	t ø r t e n n i
ütközés	y t k ø z e s
drogot	d r óː ɡ o t
feladatait	f e l a d a t a i t
megírta	m e ɡ i r t a
miattuk	m i a t t u k
mutáns	m u t á n s
stark	s t a r k
településeken	t e l e p y l e s e k e n
tipikusan	t i p i k u s a n
világunk	ʋ i l áː ɡ u ŋ k
örömet	ø r ø m e t
dolgait	d o l ɡ a i t
egyetemeken	e ɡ j e t e m e k e n
ist	i s t
kapcsolatai	k a p t͡ʃ s o l a t a i
kart	k a r t
kutyának	k u t j áː n a k
követnek	k ø v e t n e k
közlöny	k ø z l ø n y
különböznek	k y l ø n b ø z n e k
rovarok	r o v a r o k
still	s t i l
aláírta	a l áː i r t a
bizalmat	b i z a l m a t
foglaltak	f o ɡ l a l t a k
fán	f á n
kapun	k a p u n
kifolyólag	k i f o l j óː l a ɡ
kül	k y l
magasabbra	m a ɡ a s a b r a
nsa	n s a
patrik	p a t r i k
sokasága	s o k a s áː ɡ a
tartalmas	t a r t a l m a s
éreznek	e ɾ e z n e k
alkalmazottak	a l k a l m a z o t t a k
azokból	a z o k b ó l
egyesületek	e ɡ j e s y l e t e k
kan	k a n
matyi	m á t j ìː
nat	n a t
startup	s t a r t u p
tétlenül	t e t l e n y l
világok	ʋ i l áː ɡ o k
börtönt	b ø r t ø n t
dönti	d ø n t i
hagytál	h á ɡ y t á l
harckocsik	h a r t͡ʃ k o t͡ʃ s i k
helyiség	h e l j i s eː ɡ
igazolta	i ɡ a z o l t a
kitüntetett	k i t y n t e t e t
külgazdasági	k y l ɡ a z d a s áː ɡ i
megölnek	m e ɡ ø l n e k
mihamarabb	m i h a m a r a b
sek	s e k
törtek	t ø r t e k
win	w i n
befolyása	b e f o l j áː s a
bocsátott	b o k s á t o t
bokor	b óː k o r
bukkantak	b u k k a n t a k
cigaretta	t͡ʃ i ɡ a r e t t a
elött	e l ø t
feliratok	f e l i r a t o k
fizetik	f i z e t i k
foglalnak	f o ɡ l a l n a k
fontot	f ó n t o t
harcoltak	h a r t͡ʃ o l t a k
het	h e t
krumplit	k r u m p l i t
kötnek	k ø t n e k
marx	m a r k s
megöltem	m e ɡ ø l t e m
mozgott	m o z ɡ o t
mögül	m ø ɡ y l
nyomban	ɲ ó m b à n
problémákkal	p r o b l e m á k k a l
pánik	p áː n i k
six	s i k s
tanulmányokat	t a n u l m á ɲ o k a t
telefonok	t e l e f o n o k
titkai	t i t k á i
törés	t ø r e s
értelek	e r t e l e k
alakítottak	a l a k i t o t t a k
bolygók	b o l y ɡ ó k
filmnek	f i l m n e k
kill	k i l
közalkalmazottak	k ø z a l k a l m a z o t t a k
közoktatási	k ø z o k t a t áː s i
mé	m e
olimpikonok	o l i m p i k o n o k
sin	s i n
sorozatokban	s o r o z a t o k b a n
vonatkoznak	v o n a t k o z n a k
örökölte	ø r ø k ø l t e
akárhol	a k á r h o l
bá	b áː
eseménynek	e s e m e n y n e k
foglalkoztak	f o ɡ l a l k o z t a k
kidobott	k i d o b o t
lakk	l a k
megegyeznek	m e ɡ e ɡ j e z n e k
megegyezés	m e ɡ e ɡ j e z e s
meztelenül	m e z t e l e n y l
másutt	m áː s u t
pi	p i
tartozék	t a r t o z e k
igazgatási	i ɡ a z ɡ a t áː s i
kedvesek	k e d v e s e k
kinyitottam	k i ɲ i t o t t a m
switch	s w i t͡ʃ
érezték	e ɾ e z t e k
üzenetét	y z e n e t eː t
aláírása	a l áː i r áː s a
egyetemek	e ɡ j e t e m e k
egyiknek	e ɡ j i k n e k
felépített	f e l e p i t e t
fokkal	f o k k a l
honor	h óː n o r
lakóinak	l a k ó i n a k
megoldott	m e ɡ o l d o t
tek	t e k
tudomásul	t u d o m áː s u l
ámde	á m d èː
dik	d i k
dolgozzon	d o l ɡ o z o n
eladók	e l a d ó k
feltöltés	f e l t ø l t e s
feminista	f e m i n i s t a
futottak	f u t o t t a k
holnapután	h o l n a p u t á n
hüvelyk	h y v e l y k
katonaság	k a t o n a s á ɡ
küzdenek	k y z d e n e k
mechanizmus	m e t͡ʃ a n i z m u s
megölik	m e ɡ ø l i k
optimista	o p t i m i s t a
tehetik	t e h e t i k
yale	j áː l èː
építmények	e p i t m e ɲ e k
cliff	k l i f
fagyi	f á ɡ j ìː
felügyeleti	f e l y ɡ j e l e t i
jelölés	j e l ø l e s
kötik	k ø t i k
köztes	k ø z t e s
küldik	k y l d i k
monte	m ó n t e
munkáit	m u n k á i t
programozási	p r o ɡ r a m o z áː s i
tanulási	t a n u l áː s i
temették	t e m e t t e k
tömött	t ø m ø t
átvett	a t v e t
cal	t͡ʃ æ l
circus	t͡ʃ í r t͡ʃ u s
fagyos	f á ɡ j o s
feladatuk	f e l a d a t u k
felelek	f e l e l e k
fun	f u n
halkan	h a l k a n
helytörténeti	h e l y t ø r t e n e t i
hibázott	h i b áː z o t
kedvencek	k e d v e n t͡ʃ e k
kidolgozása	k i d o l ɡ o z aː s a
költöztek	k ø l t ø z t e k
megismerte	m e ɡ i s m e r t e
must	m u s t
powell	p o w e l
sap	s a p
szabályozása	ʃ a b a l j o z aː s a
tartalmazott	t a r t a l m a z o t
törnek	t ø r n e k
törzsi	t ø r z s i
vulkán	v u l k á n
örömöt	ø r ø m ø t
ötöst	ø t ø s t
doo	d oː
felületén	f e l y l e t e n
hímzett	h i m z e t
kinti	k í n t i
körét	k ø r e t
közlekednek	k ø z l e k e d n e k
op	o p
pilot	p i l o t
slim	s l iː m
sunday	s ù n d â j
tekintette	t e k i n t e t t e
töltenek	t ø l t e n e k
örs	ø r s
üt	y t
adományozott	a d o m áː ɲ o z o t
aranyosak	a r a ɲ o s a k
erotika	e ɾ o t i k a
fehérvári	f e h e r v áː r i
gif	ɡ i f
hart	h a r t
hatalmasat	h a t a l m a s a t
höz	h ø z
körülöttem	k ø r y l ø t t e m
vírusok	ʋ iː r u s o k
éreztük	e ɾ e z t y k
öntött	ø n t ø t
önöknek	ø n ø k n e k
üdvözlet	y d v ø z l e t
ap	a p
csoportokban	k s o p o r t o k b a n
címzett	t͡ʃ i m z e t
glen	ɡ l eː n
hordott	h o r d o t
katt	k a t
koktélt	k o k t e l t
költöztetés	k ø l t ø z t e t e s
met	m e t
nyilatkozata	ɲ i l a t k o z a t a
nyomokat	ɲ o m o k á t
népének	n e p e n e k
olt	o l t
orvosnak	o r v o s n a k
pina	p i n a
repülnek	r e p y l n e k
said	s a i d
tudása	t u d áː s a
biztosnak	b i z t o s n a k
botrányt	b o t r áː n y t
bázist	b áː z i s t
hatos	h á t o s
humanitárius	h u m a n i t áː r i u s
irodalmat	i r o d a l m a t
sorozatokat	s o r o z a t o k a t
társadalmat	t a r s a d a l m a t
uralkodott	u r a l k o d o t
vetített	v e t i t e t
biztosítottak	b i z t o s i t o t t a k
botrányos	b o t r áː n j o s
duran	d u r a n
elhelyezve	e l h e l j e z v e
felületi	f e l y l e t i
göndör	ɡ ø n d ø r
hindu	h í n d u
hölgyeknek	h ø l ɡ j e k n e k
kifogytam	k i f ó ɡ y t á m
kisfilm	k i s f i l m
klikk	k l i k
késéssel	k e s e s e l
megérkeznek	m e ɡ e r k e z n e k
megírtam	m e ɡ i r t a m
mák	m á k
piknik	p í k n i k
rövidített	r ø v i d i t e t
segítették	s e ɡ i t e t t e k
spanyolok	s p a ɲ o l o k
vehetnek	v e h e t n e k
étkezés	e t k e z e s
buenos	b u eː n o s
dia	d i a
keletkeznek	k e l e t k e z n e k
lokális	l o k áː l i s
nee	n eː
nikolett	n i k o l e t
szakosodott	ʃ a k o s o d o t
tanultak	t a n u l t a k
öltött	ø l t ø t
üldözött	y l d ø z ø t
ütöttem	y t ø t t e m
banánt	b a n á n t
bizonyultak	b i z o ɲ u l t a k
fedezték	f e d e z t e k
homlokzat	h o m l o k z a t
hullik	h u l l i k
irt	i r t
kezelését	k e z e l e s e t
közeledett	k ø z e l e d e t
lin	l i n
menekülnek	m e n e k y l n e k
pörkölt	p ø r k ø l t
seth	s eː θ
tulajdonságokkal	t u l a j d o n s a ɡ o k k a l
épültek	e p y l t e k
étkezési	e t k e z eː s i
öltözve	ø l t ø z v e
öregnek	ø r e ɡ n e k
örökölt	ø r ø k ø l t
diplomata	d i p l o m a t a
elköltözött	e l k ø l t ø z ø t
említettük	e m l iː t e t t y k
kapcsolatra	k a p t͡ʃ s o l a t r a
költött	k ø l t ø t
kölykök	k ø l y k ø k
központok	k ø z p o n t o k
mulatság	m u l a t͡s á ɡ
pisilnem	p i s i l n e m
sim	s i m
sol	s o l
tehetségét	t e h e t͡s e ɡ e t
telepedett	t e l e p e d e t
tevékenykedik	t e v e k e n y k e d i k
ártalmatlan	a r t a l m a t l a n
átalakítása	á t a l a k í t áː s a
értekezés	e r t e k e z e s
ölték	ø l t e k
ühüm	y h y m
adatbázist	a d a t b áː z i s t
fiataloknak	f i a t a l o k n a k
hull	h u l
kapcsolatosan	k a p t͡ʃ s o l a t o s a n
kilogramm	k i l o ɡ r a m
kinyitotta	k i ɲ i t o t t a
kisalföld	k i s a l f ø l d
körözött	k ø r ø z ø t
nyugalmazott	ɲ u ɡ a l m a z o t
né	n eː
vetették	v e t e t t e k
önhöz	ø n h ø z
ötöt	ø t ø t
üldözés	y l d ø z e s
apokalipszis	a p o k a l i p s z i s
apostolok	a p o s t o l o k
blikk	b l i k
chanel	t͡ʃ a n æ l
delfin	d æ l f i n
draft	d r a f t
eredetét	e ɾ e d e t eː t
fedezett	f e d e z e t
fordít	f o r d iː t
fék	f e k
helytelenül	h e l y t e l e n y l
kitartott	k i t a r t o t
kokaint	k o k a i n t
kutyával	k u t j áː v a l
közük	k ø z y k
list	l i s t
tabletta	t a b l e t t a
tartoztak	t a r t o z t a k
tekintették	t e k i n t e t t e k
tükörben	t y k ø r b e n
valamiben	v a l a m i b e n
bánik	b áː n i k
ezüstöt	e z y s t ø t
filmről	f i l m r ɔː l
foglalkozása	f o ɡ l a l k o z aː s a
halmozott	h a l m o z o t
imádott	i m áː d o t
kiadók	k i a d ó k
lakóit	l a k ó i t
lopták	l ó p t á k
magasságában	m a ɡ a s s a ɡ aː b a n
parazita	p a r a z i t a
pörög	p ø r ø ɡ
rum	r u m
sea	s e a
sí	s iː
tilalmat	t i l a l m a t
törölve	t ø r ø l v e
wan	w a n
öleli	ø l e l i
üti	y t i
bree	b r eː
bukkantam	b u k k a n t a m
egerek	e ɡ e r e k
fala	f á l àː
féltek	f e l t e k
galaxisok	ɡ a l a k s i s o k
inn	i n
iszonyat	i s z o ɲ âː t
kelti	k é l t i
lina	l i n a
pitt	p i t
tükröt	t y k r ø t
ye	j e
üzemek	y z e m e k
füzetek	f y z e t e k
golyót	ɡ o l j óː t
hordoz	h ó r d o z
kabin	k á b ì n
kib	k î b
ködös	k ø d ø s
közöl	k ø z ø l
külpolitika	k y l p o l i t i k a
lefoglalt	l e f o ɡ l a l t
mása	m áː s a
olvasnak	o l v a s n a k
ost	o s t
titkait	t i t k a i t
troll	t r o l
ukránok	u k r áː n o k
vehetett	v e h e t e t
zöldek	z ø l d e k
ízesített	iː z e s i t e t
budaörsi	b u d a ø r s i
egyesül	e ɡ j e s y l
finomságok	f i n o m s á ɡ o k
hátlap	h á t l á p
ismeretlenek	i s m e r e t l e n e k
mandarin	m a n d a r i n
meghibásodott	m e ɡ i b áː s o d o t
pedofil	p e d o f i l
pin	p i n
profilt	p r o f i l t
ruháit	r u h á i t
telitalálat	t e l i t a l áː l a t
ten	t ɛ n
tudomása	t u d o m áː s a
táncolt	t á n t͡ʃ o l t
vö	ʋ øː
zárul	z áː r u l
ömlik	ø m l i k
alkalmasnak	a l k a l m a s n a k
azonosak	a z o n o s a k
azonosított	a z o n o s i t o t
botanikus	b o t a n i k u s
fish	f i ʃ
hallban	h a l b a n
keletkeztek	k e l e t k e z t e k
következtek	k ø v e t k e z t e k
lakosainak	l a k o s a i n a k
linkek	l ì n k é k
lógok	l óː ɡ o k
mosolygok	m o s o l y ɡ o k
mostanáig	m o s t a n á i ɡ
mozdult	m o z d u l t
oknál	o k n á l
okostelefonok	o k o s t e l e f o n o k
profilok	p r o f i l o k
párkapcsolatban	p a r k a p t͡ʃ s o l a t b a n
sértett	s e r t e t
törődött	t ø r ø d ø t
vehettek	v e h e t t e k
ödön	ø d ø n
öltözni	ø l t ø z n iː
adrienn	a d r i ɛ n
bebizonyosodott	b e b i z o ɲ o s o d o t
cent	t͡ʃ ɛ n t
gazdagság	ɡ a z d a ɡ s aː ɡ
harmadikat	h a r m a d i k a t
királyságot	k i r áː l y s á ɡ o t
különc	k y l ø n t͡ʃ
monty	m ó n t i
push	p u ʃ
sat	s a t
sharp	ʃ a r p
shift	ʃ i f t
tehetett	t e h e t e t
tiltakozott	t i l t a k o z o t
törölte	t ø r ø l t e
wa	w a
énekelek	e n e k e l e k
értették	e r t e t t e k
azonosította	a z o n o s i t o t t a
borította	b o r i t o t t a
domain	d o m a i n
együttest	e ɡ j y t t e s t
földek	f ø l d e k
hurok	h ù r ó k
levesek	l e v e s e k
maradhatnak	m a r a d h a t n a k
mehetnek	m e h e t n e k
nehézség	n e h e z s eː ɡ
nyomoz	ɲ óː m o z
parancsok	p a r a n t͡ʃ s o k
pe	p e
pult	p u l t
puritán	p u r i t á n
pókok	p óː k o k
sorolta	s o r o l t a
sus	s u s
telített	t e l i t e t
tevékenykedett	t e v e k e n y k e d e t
utalást	u t a l á s t
örökségét	ø r ø k s e ɡ e t
felületek	f e l y l e t e k
férfiakkal	f e r f i a k k a l
gödör	ɡ ø d ø r
irányult	i r áː n j u l t
költenek	k ø l t e n e k
parkinson	p a r k i n s o n
programnak	p r o ɡ r a m n a k
sunset	s ù n s e t
sértetlenül	s e r t e t l e n y l
chart	t͡ʃ a r t
diákot	d i áː k o t
egyezett	e ɡ j e z e t
emeletén	e m e l e t e n
etikett	e t i k e t
foglyot	f ó ɡ l j o t
hatan	h á t à n
helyzetnek	h e l y z e t n e k
kenyai	k é ɲ á i
klorid	k l óː r i d
költözni	k ø l t ø z n iː
kötelez	k ø t e l e z
lynch	l y n t͡ʃ
megalapozott	m e ɡ a l a p o z o t
mehetett	m e h e t e t
mozgalmak	m o z ɡ a l m a k
oldalunkat	o l d a l u n k a t
strukturális	s t r u k t u r aː l i s
telefonra	t e l e f óː n r a
telepesek	t e l e p e s e k
tevékenységük	t e v e k e n y s eː ɡ y k
trónt	t r ó n t
drew	d r ɛ w
egynek	e ɡ y n e k
folytatnak	f o l y t a t n a k
füstös	f y s t ø s
határoz	h a t áː r o z
him	h i m
lovasok	l o v a s o k
mat	m a t
megalkotott	m e ɡ a l k o t o t
mutatok	m u t a t o k
okozták	o k o z t á k
oz	o z
parancsa	p a r a n t͡ʃ s a
parancsokat	p a r a n t͡ʃ s o k a t
pu	p u
ritkább	r i t k á b
tanítottak	t a n i t o t t a k
titkosított	t i t k o s i t o t
tudományt	t u d o m áː n y t
tükrözik	t y k r ø z i k
ízlett	i z l e t
egyenlet	e ɡ j e n l e t
egyesületet	e ɡ j e s y l e t e t
garrett	ɡ a r e t
hibásan	h i b áː s a n
kifogást	k i f o ɡ á s t
kitörés	k i t ø r e s
körön	k ø r ø n
leírtam	l e i r t a m
monetáris	m o n e t áː r i s
pálos	p áː l o s
stílusok	s t iː l u s o k
tökéletesek	t ø k e l e t e s e k
tüntettek	t y n t e t t e k
zenekarral	z e n e k a r aː l
életek	e l e t e k
örökletes	ø r ø k l e t e s
darts	d a r t s
elkülönített	e l k y l ø n i t e t
ezoterikus	e z o t e r i k u s
feladatának	f e l a d a t áː n a k
figyelmezteti	f i ɡ j e l m e z t e t i
grill	ɡ r i l
halk	h a l k
kötelezte	k ø t e l e z t e
megnézik	m e ɡ n e z i k
nyomása	ɲ o m áː s a
rahul	r á h u l
utazása	u t a z áː s a
zombik	z ó m b i k
öli	øː l i
adományozta	a d o m áː ɲ o z t a
brent	b r ɛ n t
ci	t͡ʃ i
elhagyása	e l h a ɡ j áː s a
fiatalnak	f i a t a l n a k
fémek	f e m e k
hand	h â n d
helyzetük	h e l y z e t y k
köhögés	k ø h ø ɡ e s
költözés	k ø l t ø z e s
kötelet	k ø t e l e t
köztudott	k ø z t u d o t
merültek	m e ɾ y l t e k
milo	m íː l o
méretek	m e ɾ e t e k
névtelenül	n e f t e l e n y l
rip	ɽ i p
soft	s o f t
tartalmat	t a r t a l m a t
tartsanak	t a r t͡s a n a k
törekedett	t ø r e k e d e t
viz	ʋ i z
wizz	w i z
élhetnek	e l h e t n e k
évezredek	e v e z r e d e k
ütöttek	y t ø t t e k
ehetek	e h e t e k
elütött	e l y t ø t
eseményekre	e s e m e ɲ e k r e
fogalmának	f o ɡ a l m áː n a k
foglalkozások	f o ɡ l a l k o z aː s o k
füstöt	f y s t ø t
kapcsolatnak	k a p t͡ʃ s o l a t n a k
királyhoz	k i r áː l y h o z
közömbös	k ø z ø m b ø s
mart	m a r t
mechanika	m e t͡ʃ a n i k a
medicina	m e d i t͡ʃ i n a
megalakulása	m e ɡ a l a k u l áː s a
periódus	p e r i óː d u s
republikánusok	r e p u b l i k áː n u s o k
rohanás	r o h a n á s
tudván	t u d v á n
tükrök	t y k r ø k
építésének	e p i t e s e n e k
ök	ø k
alakítanak	a l a k i t a n a k
edison	e d i s o n
egyiptomiak	e ɡ j i p t o m i a k
elárul	e l áː r u l
felejtsék	f e l e j t͡s e k
hatol	h á t o l
hivatkoznak	h i v a t k o z n a k
kötelesek	k ø t e l e s e k
követlek	k ø v e t l e k
lim	l i m
makk	m a k
nélkülük	n e l k y l y k
tartalmazta	t a r t a l m a z t a
tizenkilenc	t i z e n k i l e n t͡ʃ
tm	t eː m
twin	tʷ i n
töretlen	t ø r e t l e n
zi	z i
adatbázisok	a d a t b áː z i s o k
bolygónk	b o l y ɡ ó ŋ k
diplomázott	d i p l o m áː z o t
egyesületnek	e ɡ j e s y l e t n e k
elátkozott	e l áː t k o z o t
feliratokat	f e l i r a t o k a t
fenék	f e n e k
golyókat	ɡ o l j óː k a t
hirdették	h i r d e t t e k
képessé	k e p e s e
központnak	k ø z p o n t n a k
megegyezett	m e ɡ e ɡ j e z e t
mozgások	m o z ɡ áː s o k
méltatta	m e l t a t t a
nehéznek	n e h e z n e k
röhög	r ø h ø ɡ
share	ʃ áː r èː
sorakoznak	s o r a k o z n a k
szaporodnak	ʃ a p o r o d n a k
tarkított	t a r k i t o t
tartalmak	t a r t a l m a k
tul	t u l
tüntették	t y n t e t t e k
vonulnak	v o n u l n a k
bukkannak	b u k k a n n a k
dolgokhoz	d o l ɡ o kʰ o z
egyebet	e ɡ j e b e t
eltüntetni	e l t y n t e t n i
felületes	f e l y l e t e s
folk	f o l k
fordulok	f o r d u l o k
imádkozott	i m áː d k o z o t
kedvezett	k e d v e z e t
kifogástalan	k i f o ɡ á s t a l a n
kutyákkal	k u t j á k k a l
közületek	k ø z y l e t e k
lexi	l é k s i
mutatók	m u t a t ó k
mászik	m á s z i k
pak	p a k
pom	p o m
ritkák	r i t k á k
sark	s a r k
tulajdonságokat	t u l a j d o n s a ɡ o k a t
vonzotta	v o n z o t t a
vöröses	ʋ ø r ø s e s
édesek	e d e s e k
üzemelteti	y z e m e l t e t i
elesik	e l e s i k
elf	æ l f
farkam	f a r k a m
felettük	f e l e t t y k
feminizmus	f e m i n i z m u s
fizették	f i z e t t e k
kezdeményezést	k e z d e m e ɲ e z e s t
kiküldött	k i k y l d ø t
körülvett	k ø r y l v e t
marsall	m a r s a l
megegyeztek	m e ɡ e ɡ j e z t e k
oktatott	o k t a t o t
oázis	o áː z i s
pá	p áː
pán	p á n
sütik	s y t i k
trent	t r ɛ n t
ördögök	ø r d ø ɡ ø k
üldözte	y l d ø z t e
egyetemisták	e ɡ j e t e m i s t aː k
egyeznek	e ɡ j e z n e k
fiait	f i a i t
futók	f u t ó k
hatolt	h a t o l t
határozták	h a t áː r o z t á k
helyezését	h e l j e z e s e t
háztartások	h á z t a r t áː s o k
kelenföldi	k e l e n f ø l d i
királyunk	k i r áː l j u ŋ k
kismamák	k i s m a m á k
klik	k l i k
köröm	k ø r ø m
községek	k ø z s e ɡ e k
lepke	l é p k e
mom	m o m
nyújtson	ɲ uː j t͡s o n
sörrel	s ø r r e l
totálisan	t o t áː l i s a n
tudomásom	t u d o m áː s o m
vonalán	v o n a l á n
zenél	z e n e l
értesítették	e r t e s i t e t t e k
ütközet	y t k ø z e t
akaratának	a k a r a t áː n a k
bináris	b i n áː r i s
biztosítson	b i z t o s iː t͡s o n
börtönre	b ø r t ø n r e
cindy	t͡ʃ í n d i
elértük	e l e r t y k
erednek	e ɾ e d n e k
felügyeletet	f e l y ɡ j e l e t e t
gin	ɡ i n
gran	ɡ r a n
házához	h á z áː h o z
inkabb	ì n k á b
kapcsolatokkal	k a p t͡ʃ s o l a t o k k a l
költöznek	k ø l t ø z n e k
kötetek	k ø t e t e k
lehetetlennek	l e h e t e t l e n n e k
mafc	m a f t͡ʃ
megakadályozása	m e ɡ a k a d á l j o z aː s a
meghallgatásra	m e ɡ h a l ɡ a t aː s r a
mérgezett	m e r ɡ e z e t
pontosak	p o n t o s a k
sakkban	s a k b a n
tip	t î p
tévedett	t e v e d e t
tüze	t y z e
zack	z á k
zöldes	z ø l d e s
életfogytig	e l e t f o ɡ y t i ɡ
ültettek	y l t e t t e k
alkalmazottat	a l k a l m a z o t t a t
atomenergia	a t o m e n e r ɡ i a
bol	b o l
boyd	b ó j d
csíkok	t͡ʃ s i k o k
egyesben	e ɡ j e s b e n
eladása	e l a d áː s a
eredetit	e ɾ e d e t i t
finnek	f i n n e k
fizetniük	f i z e t n i y k
gazdagodott	ɡ a z d a ɡ o d o t
gigantikus	ɡ i ɡ a n t i k u s
hordanak	h o r d a n a k
kapcsoljuk	k a p t͡ʃ s o ʎ u k
körülöttük	k ø r y l ø t t y k
különböztetni	k y l ø n b ø z t e t n i
megismerkedett	m e ɡ i s m e r k e d e t
mei	m æ i̯
nyomozni	ɲ o m o z n iː
nézetek	n e z e t e k
pol	p o l
polip	p o l i p
ponthoz	p ó n tʰ o z
pályázott	p á l j áː z o t
ritkaság	r i t k a s á ɡ
sokaknak	s o k a k n a k
spin	s p i n
sum	s u m
sérül	s e ɾ y l
tor	t o r
zenéhez	z e n eː h e z
alapítottak	a l a p i t o t t a k
falait	f a l a i t
films	f i l m s
hírrel	h i r r e l
karibi	k á r ì b íː
khz	kʰ z
körkörös	k ø r k ø r ø s
köröket	k ø r ø k e t
neveltek	n e v e l t e k
okkult	o k k u l t
paleolit	p a l e o l i t
populáris	p o p u l áː r i s
pratt	p r a t
repültek	r e p y l t e k
sütöttem	s y t ø t t e m
tak	t a k
term	t ɛ r m
tiltakozik	t i l t a k o z i k
tollak	t o l l a k
tudattal	t u d a t t a l
örömök	ø r ø m ø k
adatainak	a d a t a i n a k
dorina	d o r i n a
döntik	d ø n t i k
elhíresült	e l h iː r e s y l t
figyelmeztetni	f i ɡ j e l m e z t e t n i
frontra	f r ó n t r a
kaliforniába	k a l i f o r n i aː b a
kötöttem	k ø t ø t t e m
közlik	k ø z l i k
lom	l o m
ments	m ɛ n t s
mitch	m i t͡ʃ
mozdulatot	m o z d u l áː t o t
polgármesterek	p o l ɡ a r m e s t e r e k
schmitt	ʃ m i t
sebesültek	s e b e s y l t e k
sharpe	ʃ á r p èː
tartozéka	t a r t o z eː k a
were	w èː ɽ éː
cukros	t͡ʃ ú k r o s
helyzetüket	h e l y z e t y k e t
hitük	h i t y k
hiányoztak	h i áː ɲ o z t a k
költözz	k ø l t ø z
legyengült	l e ɡ j e n ɡ y l t
letelepedett	l e t e l e p e d e t
letört	l e t ø r t
lábuk	l áː b u k
partit	p a r t i t
protokollt	p r o t o k o l t
püspökök	p y s p ø k ø k
rolls	r o l s
törölt	t ø r ø l t
uss	u s
vin	ʋ i n
vontak	v o n t a k
vonulni	v o n u l n iː
öltöny	ø l t ø n y
üdvözlöm	y d v ø z l ø m
berek	b è r è k
bipoláris	b i p o l áː r i s
epikus	e p i k u s
galaxisban	ɡ a l a k s i s b a n
hipnózis	h i p n óː z i s
kapcsolatukat	k a p t͡ʃ s o l a t u k a t
kedvetek	k e d v e t e k
köztetek	k ø z t e t e k
martinez	m a r t i n e z
nevelték	n e v e l t e k
rekordok	r e k o r d o k
sörök	s ø r ø k
tekintse	t e k í n t͡s e
tit	t i t
vírusos	ʋ iː r u s o s
böjt	b ø j t
együttesét	e ɡ j y t t e s eː t
elefántok	e l e f á n t o k
feladatainak	f e l a d a t a i n a k
funny	f ú n n i
hiányzom	h i áː n y z o m
körömlakk	k ø r ø m l a k
megírtuk	m e ɡ i r t u k
ner	n æ r
ombudsman	o m b u d s m a n
pikk	p i k
piramisok	p i r a m i s o k
prix	p r i k s
stabilan	s t a b i l a n
titoktartási	t i t o k t a r t áː s i
toplista	t o p l i s t a
trombita	t r o m b i t a
tulajdonsággal	t u l a j d o n s a ɡ ɡ a l
átalakulása	á t a l a k u l áː s a
dominik	d o m i n i k
elnökök	e l n ø k ø k
elárulom	e l áː r u l o m
hatottak	h a t o t t a k
huzamosabb	h u z a m o s a b
kirakott	k i r a k o t
királyát	k i r áː l j áː t
központosított	k ø z p o n t o s i t o t
omlott	o m l o t
shot	ʃ o t
tartaniuk	t a r t a n i u k
telepítettek	t e l e p i t e t t e k
utalások	u t a l áː s o k
örökbefogadott	ø r ø k b e f o ɡ a d o t
büntetlenül	b y n t e t l e n y l
eltörte	e l t ø r t e
fegyelmezett	f e ɡ j e l m e z e t
feltörték	f e l t ø r t e k
fiatalkorúak	f i a t a l k o r u a k
finomak	f i n o m a k
fordítsa	f o r d iː t͡s a
fry	f r yː
levéltára	l e v e l t áː r a
marxista	m a r k s i s t a
mozit	m o z i t
mutatkoznak	m u t a t k o z n a k
ruiz	r u i z
som	s o m
witch	w i t͡ʃ
bela	b éː l a
egymáson	e ɡ y m áː s o n
egymásért	e ɡ y m áː s e r t
emelnek	e m e l n e k
felejtse	f e l e j t͡s e
fo	f oː
fokozódik	f o k o z óː d i k
griff	ɡ r i f
homlok	h ó m l o k
hülyegyerek	h y l j e ɡ j e r e k
kezeltek	k e z e l t e k
kol	k o l
megismerkedik	m e ɡ i s m e r k e d i k
mutatkoztak	m u t a t k o z t a k
nyilatkozatok	ɲ i l a t k o z a t o k
ol	o l
paranccsal	p a r a n t͡ʃ s a l
patrícia	p a t r iː t͡ʃ i a
segítettem	s e ɡ i t e t t e m
sörös	s ø r ø s
tökéletesnek	t ø k e l e t e s n e k
történések	t ø r t e n e s e k
öbölbe	ø b ø l b e
bonyolultak	b o ɲ o l u l t a k
esték	e s t e k
férfinek	f e r f i n e k
halhatatlanok	h a l h a t a t l a n o k
hazament	h a z a m e n t
hátrányt	h á t r áː n y t
kokain	k o k a i n
kraft	k r a f t
képességének	k e p e s e ɡ e n e k
kínosan	k i n o s a n
közlekedett	k ø z l e k e d e t
lam	l a m
lefoglalta	l e f o ɡ l a l t a
megértették	m e ɡ e r t e t t e k
mihail	m i h a i l
moll	m o l
nézzenek	n e z z e n e k
piacán	p i a t͡ʃ á n
programhoz	p r o ɡ r a m h o z
rj	ɛ r d ʒ
tehettek	t e h e t t e k
tekintettek	t e k i n t e t t e k
thököly	tʰ ø k ø l y
titánok	t i t áː n o k
tudásom	t u d áː s o m
tulajdonságainak	t u l a j d o n s a ɡ a i n a k
térfogata	t e r f o ɡ a t a
unatkoztam	u n a t k o z t a m
viktoriánus	ʋ i k t o r i áː n u s
értettek	e r t e t t e k
dat	d a t
ezüstös	e z y s t ø s
fit	f i t
helmut	h é l m u t
képesnek	k e p e s n e k
könyörgött	k ø n j ø r ɡ ø t
különbözteti	k y l ø n b ø z t e t i
leírtak	l e i r t a k
lowe	l óː w e
magos	m á ɡ o s
mazda	m á z d àː
mill	m i l
nik	n i k
paktum	p a k t u m
schultz	ʃ u l t͡s
shin	ʃ i n
települt	t e l e p y l t
tigrisek	t i ɡ r i s e k
tizenharmadik	t i z e n h a r m a d i k
toronto	t o r o n t o
értetek	e r t e t e k
örömömre	ø r ø m ø m r e
elemezte	e l e m e z t e
feladatnak	f e l a d a t n a k
felügyelt	f e l y ɡ j e l t
fiukat	f i u k á t
fölös	f ø l ø s
hala	h á l àː
helyreállítását	h e l y r e a l l i t aː s aː t
honismereti	h o n i s m e r e t i
iratait	i r a t a i t
kristina	k r i s t i n a
kártyán	k á r t j á n
kísértetek	k i s e r t e t e k
közelednek	k ø z e l e d n e k
közlönyben	k ø z l ø n y b e n
különbözött	k y l ø n b ø z ø t
lemezét	l e m e z e t
leromlott	l e r o m l o t
lopta	l ó p t a
mir	m i r
nyitottam	ɲ i t o t t a m
nyomor	ɲ óː m o r
pofátlan	p o f á t l a n
testileg	t e s t i l e ɡ
törték	t ø r t e k
utódok	u t óː d o k
zni	z n iː
értékesek	e r t e k e s e k
bus	b u s
daganatok	d a ɡ a n a t o k
dömötör	d ø m ø t ø r
eretnek	e ɾ e t n e k
fin	f i n
halandók	h a l a n d ó k
iparkamara	i p a r k a m a r a
iz	i z
kompozit	k o m p o z i t
lot	l o t
mán	m á n
másikhoz	m áː s i kʰ o z
politikust	p o l i t i k u s t
pot	p o t
raoul	ɽ á u l
retorika	r e t o r i k a
tartományt	t a r t o m áː n y t
tüzek	t y z e k
zip	z i p
ápol	áː p o l
ökör	ø k ø r
bat	b â t
egyetemnek	e ɡ j e t e m n e k
egyiptomba	e ɡ j i p t o m b a
felemelkedett	f e l e m e l k e d e t
feleségéhez	f e l e s e ɡ e h e z
hasított	h a s i t o t
hatalomnak	h a t a l o m n a k
hímzés	h i m z e s
ismétlem	i s m e t l e m
kapcsolatainak	k a p t͡ʃ s o l a t a i n a k
kerülök	k e r y l ø k
lerombolták	l e r o m b o l t aː k
látomása	l áː t o m áː s a
lénynek	l e n y n e k
moduláris	m o d u l áː r i s
motorosok	m o t o r o s o k
muzeális	m u z e áː l i s
okostelefont	o k o s t e l e f o n t
pikáns	p i k á n s
pixel	p i k s e l
ragadott	r a ɡ a d o t
sétára	s e t áː r a
tanfolyamra	t a n f o l j a m r a
testületek	t e s t y l e t e k
tüntetett	t y n t e t e t
uralkodnak	u r a l k o d n a k
átmentek	a t m e n t e k
üldözték	y l d ø z t e k
beraktam	b ə r a k t a m
buy	b u j
dent	d ɛ n t
diadalmaskodott	d i a d a l m a s k o d o t
dobozból	d o b o z b ó l
engedélyezve	e n ɡ e d e l j e z v e
eseményeknek	e s e m e ɲ e k n e k
esetnek	e s e t n e k
feladathoz	f e l a d a tʰ o z
flip	f l i p
foglalkoztatta	f o ɡ l a l k o z t a t t a
hasonlókat	h a s o n l óː k a t
hegynek	h e ɡ y n e k
hordoznak	h o r d o z n a k
kapcsolatokban	k a p t͡ʃ s o l a t o k b a n
kend	k ɛ n d
kendrick	k ɛ n d r i k
kísérletezés	k i s e r l e t e z e s
körnek	k ø r n e k
közlés	k ø z l e s
legitim	l e ɡ i t i m
lovakkal	l o v a k k a l
mechanizmusok	m e t͡ʃ a n i z m u s o k
megoldódik	m e ɡ o l d óː d i k
tiltakoznak	t i l t a k o z n a k
tiltakoztak	t i l t a k o z t a k
tüntetve	t y n t e t v e
unalmasnak	u n a l m a s n a k
vitatkoznak	v i t a t k o z n a k
yi	j i
zenekarnak	z e n e k a r n a k
öltöznöm	ø l t ø z n ø m
ötletes	ø t l e t e s
ültették	y l t e t t e k
akt	a k t
anális	a n áː l i s
burok	b ù r ó k
butch	b u t͡ʃ
böde	b øː d e
elégett	e l e ɡ e t
esküdött	e s k y d ø t
foglalkoznia	f o ɡ l a l k o z n i a
görögül	ɡ ø r ø ɡ y l
haldoklik	h a l d o k l i k
kiütötte	k i y t ø t t e
klorofill	k l o r o f i l
krím	k r iː m
kísérletezett	k i s e r l e t e z e t
kölyköt	k ø l y k ø t
könyök	k ø n j ø k
kötelezett	k ø t e l e z e t
küzdelemre	k y z d e l e m r e
lehetetlent	l e h e t e t l e n t
lolita	l o l i t a
lydia	l y d i a
mare	m áː ɽ èː
meghallgatáson	m e ɡ h a l ɡ a t áː s o n
mozdulatok	m o z d u l a t o k
neem	n eː m
rövidek	r ø v i d e k
sokkolta	s o k k o l t a
solid	s o l iː d
tudnátok	t u d n áː t o k
unióhoz	u n i óː h o z
vigyáznak	v i ɡ j áː z n a k
zayn	z â j n
zöldet	z ø l d e t
ütik	y t i k
üzenetben	y z e n e t b e n
azonosítatlan	a z o n o s i t a t l a n
bányai	b á n j á i
farrell	f a r e l
feneketlen	f e n e k e t l e n
férfiakra	f e r f i a k r a
gazdaságok	ɡ a z d a s á ɡ o k
gru	ɡ r uː
hányas	h á n j á s
hök	h ø k
jelölések	j e l ø l e s e k
jelöléssel	j e l ø l e s e l
körözés	k ø r ø z e s
különlegesek	k y l ø n l e ɡ e s e k
külügy	k y l y ɡ y
lantos	l á n t o s
lebontása	l e b o n t áː s a
levették	l e v e t t e k
magyarokkal	m a ɡ j a r o k k a l
mém	m e m
nyolcszor	ɲ o l t͡s ʃ o r
pilátus	p i l áː t u s
püspököt	p y s p ø k ø t
raid	r a i d
segítenének	s e ɡ i t e n eː n e k
stuff	s t u f
szabályoknak	ʃ a b a l j o k n a k
településnek	t e l e p y l e s n e k
titkolt	t i t k o l t
töltést	t ø l t e s t
történetük	t ø r t e n e t y k
weboldalt	w e b o l d a l t
árfolyamok	a r f o l j a m o k
ömlött	ø m l ø t
örültek	ø r y l t e k
azonosítottak	a z o n o s i t o t t a k
döntésnek	d ø n t e s n e k
harcosokat	h a r t͡ʃ o s o k a t
hatalmasabb	h a t a l m a s a b
hitelesnek	h i t e l e s n e k
hivatalában	h i v a t a l áː b a n
kifizette	k i f i z e t t e
kitömött	k i t ø m ø t
korához	k o r áː h o z
káplán	k á p l á n
kérnék	k e r n e k
köntös	k ø n t ø s
közöm	k ø z ø m
latte	l á t t e
megrögzött	m e ɡ r ø ɡ z ø t
milk	m i l k
nyomorultak	ɲ o m o r u l t a k
népességének	n e p e s e ɡ e n e k
orvosoknak	o r v o s o k n a k
raider	r a i d e r
soroljuk	s o r o ʎ u k
tehetitek	t e h e t i t e k
telepet	t e l e p e t
töltsük	t ø l t͡s y k
vehették	v e h e t t e k
életfogytiglani	e l e t f o ɡ y t i ɡ l a n i
élhetek	e l h e t e k
élvonalában	e l v o n a l áː b a n
öltözik	ø l t ø z i k
ötleted	ø t l e t e d
ütközetben	y t k ø z e t b e n
adatik	a d a t i k
balesetnek	b a l e s e t n e k
bekerültek	b e k e r y l t e k
bizalmatlan	b i z a l m a t l a n
bizalommal	b i z a l o m m a l
bozontos	b o z óː n t o s
cukik	t͡ʃ ú k ì k
duett	d u e t
dustin	d u s t i n
dübörög	d y b ø r ø ɡ
felírt	f e l i r t
finch	f i n t͡ʃ
fiához	f i áː h o z
gömböt	ɡ ø m b ø t
hadba	h á d b àː
halakkal	h a l a k k a l
hewlett	h e w l e t
hibridek	h i b r i d e k
igazolása	i ɡ a z o l áː s a
igényeknek	i ɡ e ɲ e k n e k
iktatta	i k t a t t a
kopik	k ó p i k
kozott	k o z o t
képességeik	k e p e s e ɡ e i k
különlegesnek	k y l ø n l e ɡ e s n e k
lepték	l e p t e k
loptak	l ó p t a k
manipulálni	m a n i p u l áː l n iː
megadása	m e ɡ a d áː s a
meséltek	m e s e l t e k
parancsait	p a r a n t͡ʃ s a i t
sik	s i k
tagozatának	t a ɡ o z a t aː n a k
telepatikus	t e l e p a t i k u s
tiltotta	t i l t o t t a
turistáknak	t u r i s t a k n a k
tá	t áː
töltsék	t ø l t͡s e k
ugrál	ù ɡ r áː l
wolfe	w o l f e
zh	ʒ
éreztek	e ɾ e z t e k
öbb	ø b
öröklött	ø r ø k l ø t
örökségének	ø r ø k s e ɡ e n e k
akarattal	a k a r a t t a l
apokaliptikus	a p o k a l i p t i k u s
boot	b oː t
egyebkent	e ɡ j e b k e n t
egyenesek	e ɡ j e n e s e k
elm	æ l m
ems	ɛ m s
kinézek	k i n e z e k
kirándulást	k i r á n d u l á s t
közlöm	k ø z l ø m
letették	l e t e t t e k
letöltött	l e t ø l t ø t
medián	m e d i á n
mobiltelefonok	m o b i l t e l e f o n o k
mun	m u n
okosak	o k o s a k
olyanoknak	o l j a n o k n a k
parlamentnek	p a r l a m e n t n e k
pinot	p i n o t
sorait	s o r a i t
sorozatra	s o r o z a t r a
tartalmakat	t a r t a l m a k a t
tat	t a t
tik	t i k
tudniuk	t u d n i u k
tunézia	t u n eː z i a
törjön	t ø r j ø n
unión	u n i óː n
alapfogalmak	a l a p͡f o ɡ a l m a k
befolyó	b e f o l j óː
bekötött	b e k ø t ø t
duális	d u áː l i s
egyeztetni	e ɡ j e z t e t n i
elértek	e l e r t e k
filmesek	f i l m e s e k
hikaru	h ì k áː r ù
jöhettek	j ø h e t t e k
kiadónak	k i a d óː n a k
kísérletnek	k i s e r l e t n e k
lökött	l ø k ø t
mak	m a k
mozgalomnak	m o z ɡ a l o m n a k
nevelik	n e v e l i k
oldalnak	o l d a l n a k
pepsi	p é p s i
pitbull	p i t b u l
politikusokat	p o l i t i k u s o k a t
put	p u t
sot	s o t
tartaná	t a r t a n áː
tarthatnak	t a r tʰ a t n a k
ze	z e
zt	z t
zulu	z úː l u
értesül	e r t e s y l
öltözék	ø l t ø z e k
alkalmatlannak	a l k a l m a t l a n n a k
elkülönült	e l k y l ø n y l t
entry	æ n t r i
esetlen	e s e t l e n
felügyelte	f e l y ɡ j e l t e
flat	f l a t
foglalkozol	f o ɡ l a l k o z o l
folyosók	f o l j o s o k
fölül	f ø l y l
fönt	f ø n t
hegedüs	h e ɡ e d y s
kalandorok	k a l a n d o r o k
kedvelték	k e d v e l t e k
káin	k á i n
latba	l á t b àː
mehettek	m e h e t t e k
menekültügyi	m e n e k y l t y ɡ j i
minimálisan	m i n i m áː l i s a n
nyilatkozatban	ɲ i l a t k o z a t b a n
némelyikük	n e m e l j i k y k
nézhetek	n e z h e t e k
riportok	r i p o r t o k
sorsának	s o r s áː n a k
spartan	s p a r t a n
templomokban	t ɛ m p l o m o k b a n
területükön	t e r y l e t y k ø n
tudósokat	t u d óː s o k a t
törölköző	t ø r ø l k ø z ø
élvezték	e l v e z t e k
öltözet	ø l t ø z e t
ördögöt	ø r d ø ɡ ø t
digitalizált	d i ɡ i t a l i z a l t
faktorok	f a k t o r o k
felépítésének	f e l e p i t e s e n e k
fitch	f i t͡ʃ
fizikusok	f i z i k u s o k
iparosok	i p a r o s o k
kahn	k aː n
kapitánnyal	k a p i t á n ɲ a l
kifutott	k i f u t o t
kiugrik	k i ù ɡ r í k
közöltek	k ø z ø l t e k
küzdök	k y z d ø k
lufthansa	l u f t h a n s a
megrakott	m e ɡ r a k o t
megértsék	m e ɡ e r t͡s e k
népmesék	n e p m e s e k
polgármesterrel	p o l ɡ a r m e s t e r r e l
szerelemnek	ʃ e r e l e m n e k
tizenötödik	t i z e n ø t ø d i k
twain	tʷ á i n
törekednek	t ø r e k e d n e k
élveznek	e l v e z n e k
ütköznek	y t k ø z n e k
drum	d r u m
eltörik	e l t ø r i k
eltörött	e l t ø r ø t
etnikailag	e t n i k a i l á ɡ
karbantartása	k a r b a n t a r t aː s a
katonáit	k a t o n á i t
kutyust	k ú t j u s t
kísérleteztek	k i s e r l e t e z t e k
követeltek	k ø v e t e l t e k
köztudottan	k ø z t u d o t t a n
közöltem	k ø z ø l t e m
letett	l e t e t
nyilatkoztak	ɲ i l a t k o z t a k
nyomták	ɲ o m t á k
pip	p i p
programozott	p r o ɡ r a m o z o t
sütök	s y t ø k
tizennegyedik	t i z e n n e ɡ j e d i k
tutit	t u t i t
éneklik	e n e k l i k
ölik	ø l i k
üzemanyaggal	y z e m a ɲ a ɡ ɡ a l
alkalmazkodott	a l k a l m a z k o d o t
burn	b u r n
bántalmazták	b á n t a l m a z t á k
bányák	b á n j á k
bürokratikus	b y r o k r a t i k u s
drukkolok	d r u k k o l o k
eltitkolt	e l t i t k o l t
hordozott	h o r d o z o t
kartell	k a r t e l
kitöltött	k i t ø l t ø t
kínáltak	k i n á l t a k
kölök	k ø l ø k
lányhoz	l áː n j h o z
makacsul	m a k a t͡ʃ s u l
melegség	m e l e ɡ s eː ɡ
mondogatta	m o n d o ɡ a t t a
pelikán	p e l i k á n
polgároknak	p o l ɡ a r o k n a k
portugálok	p o r t u ɡ áː l o k
silk	s i l k
sínen	s iː n e n
sün	s y n
településén	t e l e p y l e s e n
tolta	t o l t a
utalásokat	u t a l áː s o k a t
öntudatlan	ø n t u d a t l a n
celldömölk	t͡ʃ e l d ø m ø l k
egyeztek	e ɡ j e z t e k
egyiküknek	e ɡ j i k y k n e k
fordítsuk	f o r d iː t͡s u k
férfihoz	f e r f i h o z
hátrább	h á t r á b
kaplan	k a p l a n
keletkezését	k e l e t k e z e s e t
körmöm	k ø r m ø m
középiskolások	k ø z e p i s k o l áː s o k
lekötött	l e k ø t ø t
licit	l i t͡ʃ i t
mechanizmust	m e t͡ʃ a n i z m u s t
megragadott	m e ɡ r a ɡ a d o t
nyílván	ɲ í l v á n
nézitek	n e z i t e k
ohm	oː m
ragadtak	r a ɡ a d t a k
syd	s yː d
tehetetlenül	t e h e t e t l e n y l
tehetnék	t e h e t n e k
tekintettem	t e k i n t e t t e m
zaklatta	z a k l a t t a
zömét	z ø m e t
alapismeretek	a l a p i s m e r e t e k
britt	b r i t
charleston	t͡ʃ a r l e s t o n
elesettek	e l e s e t t e k
fake	f á k èː
fedezzük	f e d e z z y k
fenomenális	f e n o m e n áː l i s
fiatalokkal	f i a t a l o k k a l
finomított	f i n o m i t o t
házelnök	h áː z e l n ø k
iskolások	i s k o l áː s o k
kikötött	k i k ø t ø t
kisiklott	k i s i k l o t
kritikusan	k r i t i k u s a n
kínának	k i n áː n a k
lala	l áː l àː
lefordított	l e f o r d i t o t
levezetni	l e v e z e t n i
megadatott	m e ɡ a d a t o t
minimal	m i n i m aː l
nord	n o r d
süss	s y s
tudósa	t u d óː s a
töltök	t ø l t ø k
történetbe	t ø r t e n e t b e
töröljük	t ø r ø l j y k
ufc	u f t͡ʃ
vörösek	ʋ ø r ø s e k
wat	w a t
ütnek	y t n e k
alaposabb	a l a p o s a b
dolgozniuk	d o l ɡ o z n i u k
egyeztetett	e ɡ j e z t e t e t
elfogása	e l f o ɡ áː s a
feltöltöm	f e l t ø l t ø m
holmikat	h o l m i k a t
hozhatnak	h o z h a t n a k
kialakultak	k i a l a k u l t a k
kifogása	k i f o ɡ áː s a
kohl	k o h l
költi	k ø l t i
középületek	k ø z e p y l e t e k
lawson	l á w s o n
lemezük	l e m e z y k
lepte	l é p t e
levéltárban	l e v e l t a r b a n
lépésnek	l e p e s n e k
mundi	m ú n d ìː
mérgezést	m e r ɡ e z e s t
püspöknek	p y s p ø k n e k
rust	r u s t
söpört	s ø p ø r t
tehették	t e h e t t e k
tulajdonságaik	t u l a j d o n s a ɡ a i k
tüntetnek	t y n t e t n e k
utazáshoz	u t a z áː ʃ o z
éneklek	e n e k l e k
ölnek	ø l n e k
ötkor	ø t k o r
ütköztek	y t k ø z t e k
bartlett	b a r t l e t
benito	b e n i t o
biztatta	b i z t a t t a
elköltöztek	e l k ø l t ø z t e k
erények	e ɾ e ɲ e k
gill	ɡ i l
hartmann	h a r t m a n
hatásosan	h a t áː s o s a n
homlokzatán	h o m l o k z a t á n
kezded	k é z d e d
kezdetnek	k e z d e t n e k
kifizetett	k i f i z e t e t
koránt	k o r á n t
köles	k ø l e s
költöztem	k ø l t ø z t e m
körhinta	k ø r h i n t a
kötelek	k ø t e l e k
lok	l o k
lovagol	l o v a ɡ o l
léc	l e k
megindultak	m e ɡ i n d u l t a k
nyomozót	ɲ o m o z ó t
polgárainak	p o l ɡ a r a i n a k
raboltak	r a b o l t a k
shu	ʃ uː
sorakoztak	s o r a k o z t a k
telepes	t e l e p e s
tetteket	t e t t e k e t
tevékenykednek	t e v e k e n y k e d n e k
tiltakozása	t i l t a k o z aː s a
titkolta	t i t k o l t a
utódot	u t óː d o t
zak	z a k
ököl	ø k ø l
öst	ø s t
üzemelnek	y z e m e l n e k
biciklizni	b i t͡ʃ i k l í z n iː
bok	b o k
egyedileg	e ɡ j e d i l e ɡ
elkötelezte	e l k ø t e l e z t e
eszén	e s z e n
eszük	e s z y k
fasírt	f a s i r t
felemelkedik	f e l e m e l k e d i k
foglalkoztatottak	f o ɡ l a l k o z t a t o t t a k
ginny	ɡ í n n i
gogol	ɡ ó ɡ o l
hemoglobin	h e m o ɡ l o b i n
hibásak	h i b áː s a k
huba	h ú b àː
irántuk	i r á n t u k
kanca	k á n t͡ʃ à
kaphattak	k a pʰ a t t a k
kifogások	k i f o ɡ áː s o k
kikiáltott	k i k i á l t o t
következhet	k ø v e t k e z h e t
közigazgatásilag	k ø z i ɡ a z ɡ a t áː s i l a ɡ
madarakkal	m a d a r a k k a l
madaraknak	m a d a r a k n a k
megismétli	m e ɡ i s m e t l i
oktatásügy	o k t a t áː s y ɡ y
ox	o k s
rokonságot	r o k o n s á ɡ o t
stu	s t uː
testületnek	t e s t y l e t n e k
tömböt	t ø m b ø t
wilkins	w i l k i n s
alkalmazottakat	a l k a l m a z o t t a k a t
alkalmazottal	a l k a l m a z o t t a l
birodalmak	b i r o d a l m a k
dinamika	d i n a m i k a
dok	d o k
elköltözik	e l k ø l t ø z i k
fil	f i l
fácán	f á t͡ʃ á n
gitárok	ɡ i t áː r o k
gould	ɡ u l d
györgynek	ɡ j ø r ɡ y n e k
izotóp	i z o t ó p
kapcsolatosak	k a p t͡ʃ s o l a t o s a k
kedveltek	k e d v e l t e k
kitartanak	k i t a r t a n a k
kivonult	k i v o n u l t
kínálok	k i n áː l o k
ködöt	k ø d ø t
lepett	l e p e t
lerombolta	l e r o m b o l t a
leírhatatlan	l e i r h a t a t l a n
metódus	m e t óː d u s
mok	m o k
nagyközönségnek	n a ɡ y k ø z ø n s e ɡ n e k
nyugodott	ɲ u ɡ o d o t
nyílások	ɲ iː l áː s o k
németnek	n e m e t n e k
papírokkal	p a p i r o k k a l
partik	p a r t i k
pokolból	p o k o l b ó l
publikál	p u b l i k áː l
pí	p íː
shit	ʃ i t
soho	s óː h o
sokkalta	s o k k a l t a
stabilak	s t a b i l a k
sümeg	s y m æ ɡ
területük	t e r y l e t y k
törpök	t ø r p ø k
tünetmentes	t y n e t m e n t e s
tüntetik	t y n t e t i k
égitestek	e ɡ i t e s t e k
önbizalmam	ø n b i z a l m a m
öntözés	ø n t ø z e s
ürügy	y ɾ y ɡ y
alkoholisták	a l k o h o l i s t aː k
alkoholmentes	a l k o h o l m e n t e s
anomália	a n o m áː l i a
becsülte	b e k s y l t e
dooku	d oː k u
dá	d áː
döntök	d ø n t ø k
egyhuzamban	e ɡ y h u z a m b a n
eseményekhez	e s e m e ɲ e kʰ e z
esten	e s t e n
gödröt	ɡ ø d r ø t
hibásnak	h i b áː s n a k
huxley	h u k s l i
iskoláit	i s k o l á i t
katalógusok	k a t a l óː ɡ u s o k
kifogásolta	k i f o ɡ áː s o l t a
kinézett	k i n e z e t
konyhán	k o n y h á n
kétezres	k e t e z r e s
köntösben	k ø n t ø s b e n
lehull	l e h u l
lépésének	l e p e s e n e k
marhaság	m a r h a s á ɡ
megégett	m e ɡ e ɡ e t
megígérték	m e ɡ i ɡ e r t e k
metabolikus	m e t a b o l i k u s
metafizika	m e t a f i z i k a
nevükben	n e v y k b e n
optimizmus	o p t i m i z m u s
palackban	p a l á k b a n
parkból	p a r k b ó l
pim	p i m
pirított	p i r i t o t
rohannak	r o h a n n a k
tanulniuk	t a n u l n i u k
tizenhatodik	t i z e n h a t o d i k
zenit	z e n i t
élükön	e l y k ø n
üzletekben	y z l e t e k b e n
adományoz	a d o m áː ɲ o z
alagsorban	a l a ɡ s o r b a n
bonyolultnak	b o ɲ o l u l t n a k
bullshit	b u l ʃ i t
börtönök	b ø r t ø n ø k
fordulhatnak	f o r d u l h a t n a k
hatékonyságának	h a t e k o n y s a ɡ aː n a k
hibával	h i b áː v a l
hányt	h á n y t
itta	i t t a
kami	k á m ìː
kapcsolatunkat	k a p t͡ʃ s o l a t u n k a t
kialakulóban	k i a l a k u l óː b a n
kifutón	k i f u t ó n
kijöttek	k i d ʒ ø t t e k
kom	k o m
kurzusok	k u r z u s o k
közelükben	k ø z e l y k b e n
legénységi	l e ɡ e n y s eː ɡ i
magasodik	m a ɡ a s o d i k
nevetnek	n e v e t n e k
nevettek	n e v e t t e k
palma	p a l m a
parancsnokának	p a r a n t͡ʃ s n o k aː n a k
partizán	p a r t i z á n
precízen	p r e t͡ʃ iː z e n
shan	ʃ a n
solt	s o l t
tagadhatatlan	t a ɡ a d h a t a t l a n
tampa	t á m p àː
tapolcán	t a p o l t͡ʃ á n
értesültek	e r t e s y l t e k
ördögnek	ø r d ø ɡ n e k
ülők	y l øː k
ütközést	y t k ø z e s t
alakokkal	a l a k o k k a l
alkonyatkor	a l k o ɲ a t k o r
büntetik	b y n t e t i k
dum	d u m
elefántot	e l e f á n t o t
elégedetlenek	e l e ɡ e d e t l e n e k
fitt	f i t
fizikális	f i z i k áː l i s
focicsapat	f o t͡ʃ i t͡ʃ s a p a t
hivatkoztak	h i v a t k o z t a k
irodalomnak	i r o d a l o m n a k
irántam	i r á n t a m
kialszik	k i a l s z i k
kihallgatása	k i h a l ɡ a t áː s a
közöljük	k ø z ø l j y k
muzulmánok	m u z u l m áː n o k
máglyán	m á ɡ l j á n
organizmus	o r ɡ a n i z m u s
remegett	r e m e ɡ e t
tanácsait	t a n á t͡ʃ s a i t
tarthatott	t a r tʰ a t o t
temettek	t e m e t t e k
tízparancsolat	t i z p a r a n t͡ʃ s o l aː t
tökéletesebb	t ø k e l e t e s e b
tömve	t ø m v e
töretlenül	t ø r e t l e n y l
tükrös	t y k r ø s
világosak	ʋ i l áː ɡ o s a k
zömök	z ø m ø k
öltönyt	ø l t ø n y t
üzletnek	y z l e t n e k
artagnan	a r t a ɡ n a n
bitch	b i t͡ʃ
botanika	b o t a n i k a
bámul	b áː m u l
dem	d ɛ m
elemekre	e l e m e k r e
ert	æ r t
etanol	e t a n o l
felekezetek	f e l e k e z e t e k
feltételezték	f e l t e t e l e z t e k
felugrott	f e l u ɡ r o t
hallgasson	h a l ɡ a s o n
hasonlítottak	h a s o n l iː t o t t a k
hatásfok	h a t áː s f o k
hitelesített	h i t e l e s i t e t
hitetlenek	h i t e t l e n e k
hányást	h á n j á s t
iratkozott	i r a t k o z o t
kapcsolataik	k a p t͡ʃ s o l a t a i k
kezdésnek	k e z d e s n e k
kinyitott	k i ɲ i t o t
kirándulások	k i r á n d u l áː s o k
kocsihoz	k ó t͡ʃ s i h o z
károsodása	k á r o s o d áː s a
lerakott	l e r a k o t
meet	m eː t
nyomtak	ɲ o m t a k
nyomult	ɲ o m u l t
okiratának	o k i r a t áː n a k
orient	o r i ɛ n t
pinty	p í n t i
puhább	p u h á b
tartalmazhatnak	t a r t a l m a z h a t n a k
tudásra	t u d áː s r a
tököt	t ø k ø t
törlik	t ø r l i k
tüzelni	t y z æ l n iː
vörösök	ʋ ø r ø s ø k
weblapok	w e b l a p o k
öltönyben	ø l t ø n y b e n
önzetlenül	ø n z e t l e n y l
ügynöksége	y ɡ y n ø k s eː ɡ e
