ra	r ɑ
đó	d͡ʒ oː
năm	n ə m
chính	t͡ʃ iː n
nam	n ɑ m
nhân	n h ɑː n
nên	n eː n
phát	f ɑː t
tin	t i n
ta	t ɑ
lên	l eː n
dân	d ɑː n
lý	l iː
pháp	f ɑː p
văn	v ə n
qua	k w ɑ
em	e m
hai	h ɑ i̯
ăn	ə n
kỳ	k ə
chi	t͡ʃ i
tham	t ɑ m
ban	b ɑ n
hoa	h o ɑ̯
sao	s ɑ o̯
sĩ	s eː
luôn	l u o̯ n
lịch	l ɪ t͡ʃ
tâm	t ɑː m
phân	f ɑː n
dịch	d ɪ t͡ʃ
chế	t͡ʃ ɪ
vô	v oː
tăng	t ə n ɡ
ai	ɑ i̯
tuy	t u i̯
ba	b ɑ
quân	k w ɑː n
tra	t r ɑ
bé	b e
chí	t͡ʃ iː
rõ	r ɤ
bán	b ɑː n
vui	v u i̯
trả	t r ə
di	d i
in	i n
chân	t͡ʃ ɑː n
sư	s uː
tây	t ɑː j
ít	iː t
phim	f i m
hôm	h oː m
dễ	d ɔ m
kim	k i m
ty	t y
vi	v i
vũ	v oː
giám	ɡ i ɑː m
mô	m oː
mùa	m u ɑ̯
sân	s ɑː n
trò	t r ɔː
phép	f eː p
du	d u
phá	f ɑː
đa	d͡ʒ ɑ
đô	d͡ʒ oː
mua	m u ɑ̯
nhóm	n h oː m
trai	t r ɑ i̯
so	s o
tân	t ɑː n
lo	l o
cha	t͡ʃ ɑ
hát	h ɑː t
to	t o
tịch	t ɪ t͡ʃ
lê	l eː
phó	f oː
môn	m oː n
tôn	t oː n
giai	ɡ i ɑ i̯
lâm	l ɑː m
vai	v ɑ i̯
vua	v u ɑ̯
bí	b iː
kia	k i ɑ̯
huy	h u i̯
lai	l ɑ i̯
sai	s ɑ i̯
da	d ɑ
kéo	k e o
lá	l ɑː
mai	m ɑ i̯
phú	f uː
la	l ɑ
suy	s u i̯
ma	m ɑ
tuyên	t u j eː n
hôn	h oː n
tim	t i m
trao	t r ɑ o
cũ	t͡ʃ oː
kính	k iː n
quán	k w ɑː n
lao	l ɑ o̯
nuôi	n u o̯ i
tai	t ɑ i̯
ví	v iː
phù	f uː
thịt	θ ɪ t
video	v i d e o
ly	l y
phí	f iː
tu	t u
and	ɑ n d
chăm	t͡ʃ ə m
phê	f eː
đoán	d͡ʒ o ɑː n
kê	k eː
sa	s ɑ
võ	v ɤ
lính	l iː n
đám	d͡ʒ ɑː m
vân	v ɑː n
đón	d͡ʒ oː n
tam	t ɑ m
tá	t ɑː
bom	b o m
ko	k o
of	o f
tù	t uː
giáp	ɡ i ɑː p
no	n o
săn	s ə n
quê	k w eː
tô	t oː
đo	d͡ʒ o
đáp	d͡ʒ ɑː p
sáu	s ɑː u̯
lí	l iː
ga	ɡ ɑ
tri	t r i
bi	b i
bá	b ɑː
ha	h ɑ
on	o n
phán	f ɑː n
top	t o p
trăm	t r ə m
đai	d͡ʒ ɑ i̯
james	j ɑ m e s
loan	l o ɑ̯ n
pha	f ɑ
lui	l u i̯
đe	d͡ʒ e
đua	d͡ʒ u ɑ̯
hô	h oː
hư	h oː
lam	l ɑ m
mi	m i
kịp	k ɪ p
bám	b ɑː m
đĩa	d͡ʒ e ɑ̯
kém	k eː m
ép	e p
dính	d iː n
vé	v eː
trăng	t r ə n ɡ
chín	t͡ʃ iː n
san	s ɑ n
sót	s oː t
is	i s
lô	l oː
non	n o n
van	v ɑ n
ân	ɑː n
cai	t͡ʃ ɑ i̯
hi	h i
ii	iː
chinh	t͡ʃ i n
me	m e
park	p ɑ r k
ho	h o
hán	h ɑː n
singapore	s i ŋ ɡ ɑ p o r e
chán	t͡ʃ ɑː n
luân	l u ɑː n
đan	d͡ʒ ɑ n
chăn	t͡ʃ ə n
kín	k iː n
nô	n oː
tia	t i ɑ̯
for	f o r
tuân	t u ɑː n
paris	p ɑ r i s
gián	ɡ i ɑː n
men	m e n
vây	v ɑː j
kem	k e m
lân	l ɑː n
su	s u
ghé	ɡ eː
na	n ɑ
tv	t eː v eː
ven	v e n
ôn	oː n
it	i t
kí	k iː
paul	p ɑ u̯ l
tóm	t oː m
hot	h o t
hâm	h ɑː m
lee	l eː
virus	v i r u s
all	ɑ lː
im	i m
va	v ɑ
mét	m e t
chôn	t͡ʃ oː n
nai	n ɑ i̯
with	w i θ
mark	m ɑ r k
one	o n e
am	ɑ m
béo	b e o
bê	b eː
dò	d ɔː
li	l i
xi	k s i
mary	m ɑ r i
trân	t r ɑː n
ghét	ɡ eː t
ti	t i
bar	b ɑ r
model	m o d e l
frank	f r ɑ ŋ k
nhĩ	n eː
online	o n l i n e
voi	v o i̯
inch	i n t͡ʃ
phun	f u n
tom	t o m
vu	v u
hân	h ɑː n
martin	m ɑ r t i n
go	ɡ o
kitô	k i t oː
real	r e ɑ̯ l
thomas	t o m ɑ s
tỏa	t ɔː
đếm	d͡ʒ ɪ m
nôn	n oː n
pin	p i n
sam	s ɑ m
sáp	s ɑː p
up	u p
tp	t eː p eː
euro	e u̯ r o
ni	n i
gõ	ɡ ɤ
đoan	d͡ʒ o ɑ̯ n
hò	h oː
khoai	k o ɑ i̯
al	ɑ l
lăn	l ə n
radio	r ɑ d i o
tui	t u i̯
ván	v ɑː n
châm	t͡ʃ ɑː m
jones	j o n e s
nhì	n h iː
run	r u n
sét	s eː t
trùm	t r uː m
kép	k eː p
anna	ɑ nː ɑ
simon	s i m o n
time	t i m e
tôm	t oː m
đôn	d͡ʒ oː n
series	s e r i e̯ s
los	l o s
lùn	l uː n
madrid	m ɑ d r i d
rỉ	r ɔː
son	s o n
sâm	s ɑː m
trump	t r u m p
brazil	b r ɑ z i l
chris	k r i s
don	d o n
si	s i
at	ɑ t
rose	r o s e
vẹn	v ɛ n
đè	d͡ʒ ɛ
ham	h ɑ m
israel	i s r ɑ e l
smith	s m i θ
đê	d͡ʒ eː
green	ɡ r eː n
nhai	n h ɑ i̯
oh	o h
quí	k w iː
vietnam	v i e̯ t n ɑ m
bèn	b ɛ n
bìa	b i ɑ̯
dê	d eː
fan	f ɑ n
from	f r o m
grand	ɡ r ɑ n d
hitler	h i t l e r
land	l ɑ n d
mu	m u
pa	p ɑ
ki	k i
star	s t ɑ r
tăm	t ə m
adam	ɑ d ɑ m
as	ɑ s
ben	b e n
not	n o t
phô	f oː
sun	s u n
white	w i t e
đam	d͡ʒ ɑ m
el	e l
gũi	ɡ o i̯
phím	f iː m
ao	ɑ o̯
cõi	t͡ʃ ɤ i̯
flash	f l ɑ ʃ
két	k eː t
mini	m i n i
out	o u̯ t
mĩ	m e
ngai	ŋ ɡ ɑ i̯
st	s t
he	h e
len	l e n
united	u n i t e d
chip	t͡ʃ i p
ghê	ɡ eː
ok	o k
đao	d͡ʒ ɑ o̯
cd	s eː d eː
rome	r o m e
soi	s o i̯
super	s u p e r
times	t i m e s
data	d ɑ t ɑ
dna	d n ɑ
feet	f eː t
norman	n o r m ɑ n
sir	s i r
trù	t r uː
boston	b o s t o n
bính	b iː n
free	f r eː
kevin	k e v i n
kon	k o n
ri	r i
trán	t r ɑː n
xii	k s iː
line	l i n e
lén	l eː n
pp	p eː p eː
us	u s
ford	f o r d
grant	ɡ r ɑ n t
his	h i s
iso	i s o
live	l i v e
mao	m ɑ o̯
post	p o s t
đun	d͡ʒ u n
alan	ɑ l ɑ n
nhôm	n h oː m
set	s e t
eu	e u̯
loa	l o ɑ̯
santa	s ɑ n t ɑ
studio	s t u d i o
bank	b ɑ ŋ k
florida	f l o r i d ɑ
nhát	n h ɑː t
davis	d ɑ v i s
lucas	l u t͡s ɑ s
soo	s oː
toa	t o ɑ̯
body	b o d i
if	i f
mix	m i k s
robin	r o b i n
ion	i o n
mobile	m o b i l e
moi	m o i̯
or	o r
roi	r o i̯
ron	r o n
royal	r o j ɑ l
ráp	r ɑː p
un	u n
hiv	h i v
id	i d
miami	m i ɑ̯ m i
rô	r oː
se	s e
sô	s oː
tum	t u m
ve	v e
jason	j ɑ s o n
java	j ɑ v ɑ
min	m i n
nan	n ɑ n
photo	f o t o
pop	p o p
sáo	s ɑː o
vali	v ɑ l i
phil	f i l
china	t͡ʃ i n ɑ
gi	ɡ i
iraq	i r ɑ k
keo	k e o
rán	r ɑː n
site	s i t e
kali	k ɑ l i
ken	k e n
river	r i v e r
asia	ɑ s i ɑ̯
bén	b e n
hăng	h ə n ɡ
logo	l o ɡ o
rio	r i o
găng	ɡ ə n ɡ
just	j u s t
po	p o
see	s eː
tivi	t i v i
bus	b u s
gom	ɡ o m
intel	i n t e l
ios	i o s
marcus	m ɑ r t͡s u s
oliver	o l i v e r
open	o p e n
type	t y p e
giun	ɡ i u̯ n
há	h ɑː
jo	j o
lon	l o n
maya	m ɑ j ɑ
rò	r ɔː
tua	t u ɑ̯
tuỳ	t u ə̯
văng	v ə n ɡ
best	b e s t
bit	b i t
fifa	f i f ɑ
ali	ɑ l i
diego	d i e̯ ɡ o
justin	j u s t i n
nasa	n ɑ s ɑ
nokia	n o k i ɑ̯
von	v o n
amin	ɑ m i n
gu	ɡ u
hee	h eː
kíp	k iː p
obama	o b ɑ m ɑ
ram	r ɑ m
tỳ	t ə
virginia	v i r ɡ i n i ɑ
beta	b e t ɑ
metro	m e t r o
trá	t r ɑː
usa	u s ɑ
dave	d ɑ v e
gary	ɡ ɑ r i
gieo	ɡ i e̯ o
her	h e r
julia	j u l i ɑ̯
nhô	n h oː
oan	o ɑ̯ n
order	o r d e r
won	w o n
đán	d͡ʒ ɑː n
but	b u t
chót	t͡ʃ oː t
guy	ɡ u i̯
jose	j o s e
nhá	n h ɑː
trâm	t r ɑː m
yuri	j u r i
đu	d͡ʒ u
băn	b ə n
hp	h oː p eː
ivan	i v ɑ n
jon	j o n
lu	l u
batman	b ɑ t m ɑ n
hal	h ɑ l
karl	k ɑ r l
noel	n o e l
street	s t r eː t
boris	b o r i s
fort	f o r t
ip	i p
juventus	j u v e n t u s
latin	l ɑ t i n
léo	l e o
santiago	s ɑ n t i ɑ ɡ o
suzuki	s u z u k i
system	s y s t e m
ten	t e n
bbc	b eː b eː s eː
bin	b i n
chạp	t͡ʃ ɑː p
global	ɡ l o b ɑ l
god	ɡ o d
lisa	l i s ɑ
note	n o t e
ana	ɑ n ɑ
hé	h eː
isaac	i s ɑː t͡s
liga	l i ɡ ɑ
mỳ	m ə
năn	n ə n
vá	v ɑː
bu	b u
christina	k r i s t i n ɑ
dubai	d u b ɑ i̯
gas	ɡ ɑ s
gót	ɡ oː t
has	h ɑ s
joon	j oː n
juan	j u ɑ̯ n
lăm	l ə m
plus	p l u s
rìa	r i ɑ̯
te	t e
vegas	v e ɡ ɑ s
vest	v e s t
địt	d͡ʒ ɪ t
liu	l i u̯
nano	n ɑ n o
network	n e t w o r k
ninja	n i n j ɑ
đăk	d͡ʒ ə k
abu	ɑ b u
barnes	b ɑ r n e s
bon	b o n
into	i n t o
iris	i r i s
iron	i r o n
kai	k ɑ i̯
lít	l iː t
made	m ɑ d e
never	n e v e r
point	p o i̯ n t
ralph	r ɑ l f
antonio	ɑ n t o n i o
eugene	e u̯ ɡ e n e
gram	ɡ r ɑ m
hit	h i t
kansas	k ɑ n s ɑ s
las	l ɑ s
lim	l i m
miles	m i l e s
roma	r o m ɑ
samurai	s ɑ m u r ɑ i̯
trăn	t r ə n
aaron	ɑː r o n
diana	d i ɑ n ɑ
dog	d o ɡ
eva	e v ɑ
gán	ɡ ɑː n
hoi	h o i̯
japan	j ɑ p ɑ n
jesus	j e s u s
nato	n ɑ t o
phone	f o n e
toan	t o ɑ̯ n
ak	ɑ k
christ	k r i s t
fa	f ɑ
gregory	ɡ r e ɡ o r i
hunt	h u n t
mo	m o
pakistan	p ɑ k i s t ɑ n
rob	r o b
sub	s u b
tennis	t e nː i s
woman	w o m ɑ n
felix	f e l i k s
jerusalem	j e r u s ɑ l e m
joan	j o ɑ̯ n
lìa	l i ɑ̯
main	m ɑ i̯ n
os	o s
putin	p u t i n
sara	s ɑ r ɑ
suôn	s u o̯ n
ttg	t eː t eː ɡ eː
val	v ɑ l
april	ɑ p r i l
art	ɑ r t
bô	b oː
dĩa	d e ɑ̯
got	ɡ o t
hon	h o n
honda	h o n d ɑ
lynch	l y n t͡ʃ
mason	m ɑ s o n
mitsubishi	m i t͡s u b i ʃ i
neil	n e i̯ l
yi	j i
bai	b ɑ i̯
butler	b u t l e r
chun	t͡ʃ u n
deep	d eː p
del	d e l
idol	i d o l
karen	k ɑ r e n
keith	k e i̯ θ
kent	k e n t
laptop	l ɑ p t o p
map	m ɑ p
mân	m ɑː n
naruto	n ɑ r u t o
pablo	p ɑ b l o
saudi	s ɑ u̯ d i
valentine	v ɑ l e n t i n e
var	v ɑ r
hall	h ɑ lː
hope	h o p e
hun	h u n
inter	i n t e r
kén	k eː n
list	l i s t
mâm	m ɑː m
natri	n ɑ t r i
oa	o ɑ̯
radar	r ɑ d ɑ r
susan	s u s ɑ n
film	f i l m
hót	h oː t
let	l e t
pan	p ɑ n
ren	r e n
sakura	s ɑ k u r ɑ
ya	j ɑ
yo	j o
bịch	b ɪ t͡ʃ
festival	f e s t i v ɑ l
fire	f i r e
grey	ɡ r e i̯
him	h i m
hop	h o p
part	p ɑ r t
rap	r ɑ p
ronaldo	r o n ɑ l d o
sim	s i m
stefan	s t e f ɑ n
elena	e l e n ɑ
erik	e r i k
fu	f u
hugo	h u ɡ o
level	l e v e l
mart	m ɑ r t
sum	s u m
et	e t
helena	h e l e n ɑ
hen	h e n
huyên	h u j eː n
julie	j u l i e̯
linux	l i n u k s
oda	o d ɑ
osaka	o s ɑ k ɑ
rao	r ɑ o̯
soda	s o d ɑ
yu	j u
abe	ɑ b e
doi	d o i̯
formosa	f o r m o s ɑ
hotel	h o t e l
jun	j u n
nobel	n o b e l
nom	n o m
ohio	o h i o
qatar	k ɑ t ɑ r
vẹt	v ɛ t
zeus	z e u̯ s
hí	h iː
ja	j ɑ
jules	j u l e s
kìa	k i ɑ̯
mol	m o l
omar	o m ɑ r
philip	f i l i p
sharp	ʃ ɑ r p
tel	t e l
toi	t o i̯
tru	t r u
vii	v iː
archives	ɑ r t͡ʃ i v e s
been	b eː n
bolton	b o l t o n
die	d i e̯
dutch	d u t͡ʃ
gam	ɡ ɑ m
kid	k i d
madison	m ɑ d i s o n
mon	m o n
băm	b ə m
gene	ɡ e n e
kara	k ɑ r ɑ
ku	k u
les	l e s
luis	l u i̯ s
manila	m ɑ n i l ɑ
mario	m ɑ r i o
net	n e t
reed	r eː d
sán	s ɑː n
tyler	t y l e r
vo	v o
yoga	j o ɡ ɑ
asian	ɑ s i ɑ n
estrogen	e s t r o ɡ e n
hu	h u
jet	j e t
korea	k o r e ɑ̯
lin	l i n
lotus	l o t u s
noi	n o i̯
piper	p i p e r
profile	p r o f i l e
road	r o ɑ̯ d
roberto	r o b e r t o
solo	s o l o
alabama	ɑ l ɑ b ɑ m ɑ
avatar	ɑ v ɑ t ɑ r
bot	b o t
demo	d e m o
fi	f i
hood	h oː d
hê	h eː
leonardo	l e o n ɑ r d o
mega	m e ɡ ɑ
minas	m i n ɑ s
need	n eː d
nova	n o v ɑ
shin	ʃ i n
stevens	s t e v e n s
sắn	s ɛ n
test	t e s t
tien	t i e̯ n
vera	v e r ɑ
đít	d͡ʒ iː t
bird	b i r d
hùm	h uː m
hăm	h ə m
insulin	i n s u l i n
ipad	i p ɑ d
jamie	j ɑ m i e̯
láo	l ɑː o
mind	m i n d
nín	n iː n
pete	p e t e
plaza	p l ɑ z ɑ
porter	p o r t e r
râm	r ɑː m
răn	r ə n
viktor	v i k t o r
auto	ɑ u̯ t o
engine	e n ɡ i n e
forbes	f o r b e s
ia	i ɑ̯
ix	i k s
mafia	m ɑ f i ɑ̯
mị	m ɪ̃
rita	r i t ɑ
rosa	r o s ɑ
stan	s t ɑ n
stark	s t ɑ r k
stop	s t o p
teo	t e o
winston	w i n s t o n
hú	h uː
last	l ɑ s t
môt	m oː t
pat	p ɑ t
solomon	s o l o m o n
vip	v i p
alaska	ɑ l ɑ s k ɑ
amanda	ɑ m ɑ n d ɑ
dép	d e p
dí	d iː
eyes	e j e s
forum	f o r u m
gara	ɡ ɑ r ɑ
lún	l uː n
nhút	n h uː t
oxi	o k s i
port	p o r t
rom	r o m
sin	s i n
vít	v iː t
anti	ɑ n t i
chôm	t͡ʃ oː m
evil	e v i l
find	f i n d
graham	ɡ r ɑ h ɑ m
host	h o s t
kit	k i t
marina	m ɑ r i n ɑ
moore	m oː r e
nathan	n ɑ t h ɑ n
nina	n i n ɑ
nít	n iː t
pi	p i
teresa	t e r e s ɑ
trade	t r ɑ d e
bee	b eː
dana	d ɑ n ɑ
edit	e d i t
il	i l
joshua	j o ʃ u ɑ̯
kun	k u n
ky	k y
luna	l u n ɑ
messi	m e sː i
module	m o d u l e
motor	m o t o r
nu	n u
palestine	p ɑ l e s t i n e
pixel	p i k s e l
sám	s ɑː m
vol	v o l
des	d e s
je	j e
ka	k ɑ
lem	l e m
lumpur	l u m p u r
peru	p e r u
rê	r eː
bân	b ɑː n
desktop	d e s k t o p
europa	e u̯ r o p ɑ
lipid	l i p i d
mia	m i ɑ̯
mui	m u i̯
oz	o z
palm	p ɑ l m
paula	p ɑ u̯ l ɑ
sullivan	s u lː i v ɑ n
sá	s ɑː
tab	t ɑ b
too	t oː
toyota	t o j o t ɑ
ap	ɑ p
apache	ɑ p ɑ t͡ʃ e
bush	b u ʃ
fast	f ɑ s t
moses	m o s e s
plasma	p l ɑ s m ɑ
pope	p o p e
pu	p u
rai	r ɑ i̯
soon	s oː n
state	s t ɑ t e
tw	t uː
arena	ɑ r e n ɑ
bali	b ɑ l i
band	b ɑ n d
banks	b ɑ ŋ k s
derek	d e r e k
eun	e u̯ n
five	f i v e
hara	h ɑ r ɑ
héo	h e o
indiana	i n d i ɑ n ɑ
lara	l ɑ r ɑ
lost	l o s t
menu	m e n u
mun	m u n
nat	n ɑ t
nem	n e m
nê	n eː
poker	p o k e r
robinson	r o b i n s o n
sol	s o l
spider	s p i d e r
tara	t ɑ r ɑ
ukraina	u k r ɑ i̯ n ɑ
christmas	k r i s t m ɑ s
far	f ɑ r
gun	ɡ u n
hard	h ɑ r d
kw	k uː
left	l e f t
napoli	n ɑ p o l i
oi	o i̯
sasha	s ɑ ʃ ɑ
ship	ʃ i p
silver	s i l v æ r
speed	s p eː d
stalin	s t ɑ l i n
sushi	s u ʃ i
testosterone	t e s t o s t e r o n e
travel	t r ɑ v e l
uss	u sː
viettel	v i e̯ tː e l
visa	v i s ɑ
win	w i n
wu	w u
dom	d o m
federer	f e d e r e r
goku	ɡ o k u
junior	j u n i o r
oklahoma	o k l ɑ h o m ɑ
panama	p ɑ n ɑ m ɑ
rain	r ɑ i̯ n
rít	r iː t
yun	j u n
brand	b r ɑ n d
chíp	t͡ʃ iː p
mine	m i n e
montana	m o n t ɑ n ɑ
nakamura	n ɑ k ɑ m u r ɑ
oil	o i̯ l
pleiku	p l e i̯ k u
preston	p r e s t o n
pô	p oː
smart	s m ɑ r t
sẳn	s ɛ n
um	u m
bôn	b oː n
dark	d ɑ r k
elsa	e l s ɑ
genesis	ɡ e n e s i s
kirk	k i r k
lot	l o t
martha	m ɑ r t h ɑ
mõm	m ɤ m
nhún	n h uː n
nòi	n ɔ i̯
silicon	s i l i t͡s o n
ui	u i̯
éo	e o
diane	d i ɑ n e
gala	ɡ ɑ l ɑ
give	ɡ i v e
irish	i r i ʃ
joker	j o k e r
judith	j u d i θ
limited	l i m i t e d
moskva	m o s k v ɑ
nature	n ɑ t u r e
organ	o r ɡ ɑ n
pen	p e n
rossi	r o sː i
title	t i t l e
ghost	ɡ o s t
lopez	l o p e z
nhoi	n h o i̯
toronto	t o r o n t o
fury	f u r i
kan	k ɑ n
links	l i ŋ k s
mad	m ɑ d
nháp	n h ɑː p
piece	p i e̯ t͡s e
salt	s ɑ l t
db	d eː b eː
elvis	e l v i s
empire	e m p i r e
gio	ɡ i o
gone	ɡ o n e
itunes	i t u n e s
jedi	j e d i
om	o m
pg	p eː ɡ eː
răm	r ə m
save	s ɑ v e
timor	t i m o r
total	t o t ɑ l
ass	ɑ sː
chĩa	t͡ʃ e ɑ̯
darius	d ɑ r i u s
elite	e l i t e
feel	f eː l
gôn	ɡ oː n
jakarta	j ɑ k ɑ r t ɑ
lonely	l o n e l y
lucius	l u t͡s i u s
mama	m ɑ m ɑ
meta	m e t ɑ
mí	m iː
nhím	n h iː m
private	p r i v ɑ t e
sales	s ɑ l e s
sugar	s u ɡ ɑ r
visual	v i s u ɑ l
boat	b o ɑ̯ t
drama	d r ɑ m ɑ
er	e r
every	e v e r i
gaza	ɡ ɑ z ɑ
lena	l e n ɑ
ló	l oː
swan	s w ɑ n
sylvia	s y l v i ɑ̯
tina	t i n ɑ
viet	v i e̯ t
vinci	v i n t͡s i
đát	d͡ʒ ɑː t
api	ɑ p i
crom	k r o m
dam	d ɑ m
future	f u t u r e
gel	ɡ e l
jeju	j e j u
joel	j o e l
koi	k o i̯
mit	m i t
must	m u s t
nepal	n e p ɑ l
nua	n u ɑ̯
piston	p i s t o n
ria	r i ɑ̯
rôma	r oː m ɑ
uk	u k
bravo	b r ɑ v o
doris	d o r i s
files	f i l e s
goes	ɡ o e s
halogen	h ɑ l o ɡ e n
horus	h o r u s
kiev	k i e̯ v
lori	l o r i
nash	n ɑ ʃ
norton	n o r t o n
pedro	p e d r o
salad	s ɑ l ɑ d
status	s t ɑ t u s
yuki	j u k i
alone	ɑ l o n e
av	ɑ v
cật	t͡ʃ ɛ t
did	d i d
donna	d o nː ɑ
editor	e d i t o r
font	f o n t
futsal	f u t͡s ɑ l
hip	h i p
igor	i ɡ o r
iu	i u̯
julio	j u l i o
jupiter	j u p i t e r
law	l ɑ u̯
maximus	m ɑ k s i m u s
natalie	n ɑ t ɑ l i e̯
nikon	n i k o n
seri	s e r i
size	s i z e
tót	t oː t
đên	d͡ʒ eː n
đóm	d͡ʒ oː m
ash	ɑ ʃ
budapest	b u d ɑ p e s t
driver	d r i v e r
es	e s
hold	h o l d
info	i n f o
irene	i r e n e
jan	j ɑ n
lives	l i v e s
screen	s k r eː n
seal	s e ɑ̯ l
spa	s p ɑ
yen	j e n
ag	ɑ ɡ
alo	ɑ l o
amen	ɑ m e n
benedict	b e n e d i k t
boa	b o ɑ̯
dd	d eː d eː
der	d e r
gaston	ɡ ɑ s t o n
heroin	h e r o i̯ n
hopkins	h o p k i n s
joo	j oː
lars	l ɑ r s
marius	m ɑ r i u s
metal	m e t ɑ l
nadal	n ɑ d ɑ l
natasha	n ɑ t ɑ ʃ ɑ
telecom	t e l e t͡s o m
tiberius	t i b e r i u s
aa	ɑː
ar	ɑ r
bat	b ɑ t
dó	d oː
haiti	h ɑ i̯ t i
nigel	n i ɡ e l
nikita	n i k i t ɑ
nin	n i n
root	r oː t
trevor	t r e v o r
vic	v i t͡ʃ
ark	ɑ r k
atlas	ɑ t l ɑ s
both	b o θ
elias	e l i ɑ s
event	e v e n t
jolie	j o l i e̯
luc	l u k
mall	m ɑ lː
orchid	o r t͡ʃ i d
poster	p o s t e r
severus	s e v e r u s
sofa	s o f ɑ
stars	s t ɑ r s
tales	t ɑ l e s
tank	t ɑ ŋ k
uh	u h
yes	j e s
alma	ɑ l m ɑ
base	b ɑ s e
bp	b eː p eː
dee	d eː
dora	d o r ɑ
holt	h o l t
hù	h uː
ipod	i p o d
jai	j ɑ i̯
katherine	k ɑ t h e r i n e
koh	k o h
malik	m ɑ l i k
maps	m ɑ p s
motors	m o t o r s
mozart	m o z ɑ r t
ná	n ɑː
phnom	f n o m
salon	s ɑ l o n
slovakia	s l o v ɑ k i ɑ̯
ton	t o n
tuôn	t u o̯ n
unit	u n i t
alt	ɑ l t
bikini	b i k i n i
british	b r i t i ʃ
chòi	t͡ʃ ɔ i̯
fidel	f i d e l
gap	ɡ ɑ p
honor	h o n o r
iot	i o t
keep	k eː p
luca	l u t͡s ɑ
mat	m ɑ t
melanie	m e l ɑ n i e̯
met	m e t
mona	m o n ɑ
op	o p
pet	p e t
puerto	p u e̯ r t o
regina	r e ɡ i n ɑ
satan	s ɑ t ɑ n
tùm	t uː m
zen	z e n
aspirin	ɑ s p i r i n
aston	ɑ s t o n
beirut	b e i̯ r u t
door	d oː r
gin	ɡ i n
hanoi	h ɑ n o i̯
julius	j u l i u s
jump	j u m p
kira	k i r ɑ
lăk	l ə k
mig	m i ɡ
natural	n ɑ t u r ɑ l
nolan	n o l ɑ n
pe	p e
perez	p e r e z
polo	p o l o
shark	ʃ ɑ r k
soft	s o f t
talbot	t ɑ l b o t
toro	t o r o
wat	w ɑ t
ada	ɑ d ɑ
arms	ɑ r m s
hasan	h ɑ s ɑ n
jonas	j o n ɑ s
lip	l i p
maui	m ɑ u̯ i
mid	m i d
montreal	m o n t r e ɑ̯ l
mùn	m uː n
nana	n ɑ n ɑ
ramos	r ɑ m o s
safari	s ɑ f ɑ r i
simpson	s i m p s o n
soviet	s o v i e̯ t
videos	v i d e o s
abel	ɑ b e l
chít	t͡ʃ iː t
everest	e v e r e s t
finn	f i nː
hut	h u t
kat	k ɑ t
mesa	m e s ɑ
nv	ɛ n v eː
ny	n y
product	p r o d u k t
rufus	r u f u s
shinichi	ʃ i n i t͡ʃ i
siemens	s i e̯ m e n s
silva	s i l v ɑ
amino	ɑ m i n o
citizen	t͡s i t i z e n
evelyn	e v e l y n
farm	f ɑ r m
frost	f r o s t
găm	ɡ ə m
hana	h ɑ n ɑ
katie	k ɑ t i e̯
kremlin	k r e m l i n
lego	l e ɡ o
pamela	p ɑ m e l ɑ
sofia	s o f i ɑ̯
steel	s t eː l
task	t ɑ s k
tata	t ɑ t ɑ
tb	t eː b eː
thom	t o m
tree	t r eː
vietsub	v i e̯ t͡s u b
anita	ɑ n i t ɑ
atlantis	ɑ t l ɑ n t i s
bd	b eː d eː
bio	b i o
bolero	b o l e r o
final	f i n ɑ l
hari	h ɑ r i
isil	i s i l
jade	j ɑ d e
kaoru	k ɑ o̯ r u
liam	l i ɑ̯ m
mack	m ɑ k
mask	m ɑ s k
memory	m e m o r i
milk	m i l k
mira	m i r ɑ
salem	s ɑ l e m
sirius	s i r i u s
tone	t o n e
tịt	t ɪ t
yoko	j o k o
aha	ɑ h ɑ
bum	b u m
dear	d e ɑ̯ r
fatima	f ɑ t i m ɑ
gil	ɡ i l
gon	ɡ o n
himalaya	h i m ɑ l ɑ j ɑ
hên	h eː n
jamaica	j ɑ m ɑ i̯ t͡s ɑ
ké	k eː
leeds	l eː d s
lupus	l u p u s
lynn	l y nː
mangan	m ɑ ŋ ɡ ɑ n
marvin	m ɑ r v i n
mika	m i k ɑ
mom	m o m
mánh	m ɑː n
original	o r i ɡ i n ɑ l
otto	o tː o
ser	s e r
tahiti	t ɑ h i t i
tito	t i t o
travis	t r ɑ v i s
twin	t w i n
virut	v i r u t
while	w i l e
af	ɑ f
edison	e d i s o n
fun	f u n
gomez	ɡ o m e z
hám	h ɑː m
kylie	k y l i e̯
momo	m o m o
motorola	m o t o r o l ɑ
oleg	o l e ɡ
olsen	o l s e n
olympus	o l y m p u s
per	p e r
sala	s ɑ l ɑ
selena	s e l e n ɑ
taiwan	t ɑ i̯ w ɑ n
tip	t i p
upon	u p o n
braga	b r ɑ ɡ ɑ
cdc	s eː d eː s eː
dòm	d ɔː m
forest	f o r e s t
gardner	ɡ ɑ r d n e r
josephine	j o s e f i n e
maritime	m ɑ r i t i m e
marvel	m ɑ r v e l
match	m ɑ t͡ʃ
mina	m i n ɑ
multi	m u l t i
rum	r u m
saw	s ɑ u̯
tunisia	t u n i s i ɑ̯
voa	v o ɑ̯
atp	ɑ t eː p eː
deal	d e ɑ̯ l
gô	ɡ oː
hwan	h w ɑ n
inuyasha	i n u j ɑ ʃ ɑ
jared	j ɑ r e d
lia	l i ɑ̯
lumia	l u m i ɑ̯
lùm	l uː m
mar	m ɑ r
nhót	n h oː t
papa	p ɑ p ɑ
phuket	f u k e t
remote	r e m o t e
rú	r uː
saito	s ɑ i̯ t o
stokes	s t o k e s
sulu	s u l u
vogel	v o ɡ e l
wc	w ə s eː
wiki	w i k i
ava	ɑ v ɑ
belarus	b e l ɑ r u s
dot	d o t
esther	e s t h e r
gien	ɡ i e̯ n
jaime	j ɑ i̯ m æ
lite	l i t e
magazine	m ɑ ɡ ɑ z i n e
most	m o s t
oxit	o k s i t
peters	p e t e r s
ringo	r i ŋ ɡ o
sur	s u r
violin	v i o l i n
wichita	w i t͡ʃ i t ɑ
đĩ	d͡ʒ eː
dakota	d ɑ k o t ɑ
dăm	d ə m
gui	ɡ u i̯
history	h i s t o r i
irina	i r i n ɑ
jericho	j e r i t͡ʃ o
maldives	m ɑ l d i v e s
marilyn	m ɑ r i l y n
meet	m eː t
miura	m i u̯ r ɑ
monte	m o n t e
mịt	m ɪ̃ t
nhúm	n h uː m
phen	f e n
pv	p eː v eː
santana	s ɑ n t ɑ n ɑ
sik	s i k
tate	t ɑ t e
trip	t r i p
tyson	t y s o n
zidane	z i d ɑ n e
alison	ɑ l i s o n
baldwin	b ɑ l d w iː n
bible	b i b l e
hoe	h o e
kind	k i n d
lõa	l ɤ ɑ̯
nebraska	n e b r ɑ s k ɑ
nikki	n i kː i
nora	n o r ɑ
odin	o d i n
perseus	p e r s e u̯ s
rica	r i t͡s ɑ
step	s t e p
titus	t i t u s
ufo	u f o
én	e n
đom	d͡ʒ o m
arya	ɑ r j ɑ
bel	b e l
bim	b i m
dos	d o s
eli	e l i
giovanni	ɡ i o v ɑ nː i
goi	ɡ o i̯
haha	h ɑ h ɑ
hank	h ɑ ŋ k
havana	h ɑ v ɑ n ɑ
hub	h u b
kagome	k ɑ ɡ o m e
loki	l o k i
lôn	l oː n
node	n o d e
pia	p i ɑ̯
platinum	p l ɑ t i n u m
pos	p o s
reno	r e n o
rider	r i d e r
sid	s i d
snape	s n ɑ p e
stevie	s t e v i e̯
trám	t r ɑː m
tòi	t ɔ i̯
vani	v ɑ n i
venus	v e n u s
vó	v oː
bart	b ɑ r t
cham	t͡ʃ ɑ m
chief	t͡ʃ i e̯ f
cũi	t͡ʃ o i̯
drop	d r o p
dua	d u ɑ̯
emile	e m i l e
grimes	ɡ r i m e s
hiro	h i r o
lana	l ɑ n ɑ
lazio	l ɑ z i o
lupin	l u p i n
lù	l uː
naraku	n ɑ r ɑ k u
pb	p eː b eː
print	p r i n t
rat	r ɑ t
rin	r i n
sap	s ɑ p
suk	s u k
und	u n d
until	u n t i l
ames	ɑ m e s
asen	ɑ s e n
bun	b u n
disk	d i s k
emil	e m i l
ivy	i v y
kao	k ɑ o̯
late	l ɑ t e
mĩm	m e m
nikolai	n i k o l ɑ i̯
optimus	o p t i m u s
paso	p ɑ s o
plan	p l ɑ n
poly	p o l y
pool	p oː l
put	p u t
què	k w ɛ
raw	r ɑ u̯
russo	r u sː o
selen	s e l e n
sleep	s l eː p
spam	s p ɑ m
spartan	s p ɑ r t ɑ n
tool	t oː l
vega	v e ɡ ɑ
virgil	v i r ɡ i l
yusuf	j u s u f
epa	e p ɑ
ernesto	e r n e s t o
est	e s t
gavin	ɡ ɑ v i n
gemini	ɡ e m i n i
giles	ɡ i l e s
inches	i n t͡ʃ e s
io	i o
joanna	j o ɑ̯ nː ɑ
marsh	m ɑ r ʃ
mohamed	m o h ɑ m e d
mú	m uː
perkins	p e r k i n s
philips	f i l i p s
photos	f o t o s
rate	r ɑ t e
saladin	s ɑ l ɑ d i n
sat	s ɑ t
shizuka	ʃ i z u k ɑ
sonata	s o n ɑ t ɑ
trust	t r u s t
ul	u l
una	u n ɑ
area	ɑ r e ɑ̯
az	ɑ z
bien	b i e̯ n
bv	b eː v eː
cincinnati	t͡ʃ i n t͡s i nː ɑ t i
diva	d i v ɑ
fulham	f u l h ɑ m
giulia	ɡ i u̯ l i ɑ̯
guido	ɡ u i̯ d o
hiu	h i u̯
hulk	h u l k
ib	i b
kanji	k ɑ n j i
kumar	k u m ɑ r
label	l ɑ b e l
lenin	l e n i n
lola	l o l ɑ
lú	l uː
marek	m ɑ r e k
mori	m o r i
ost	o s t
pepsi	p e p s i
silk	s i l k
vietnamnet	v i e̯ t n ɑ m n e t
на	n a
gina	ɡ i n ɑ
gáp	ɡ ɑː p
hart	h ɑ r t
higgins	h i ɡː i n s
ju	j u
kazakhstan	k ɑ z ɑ k s t ɑ n
mas	m ɑ s
moto	m o t o
ontario	o n t ɑ r i o
oskar	o s k ɑ r
phantom	f ɑ n t o m
sal	s ɑ l
simone	s i m o n e
săm	s ə m
taliban	t ɑ l i b ɑ n
tulip	t u l i p
ub	u b
vin	v i n
also	ɑ l s o
alvin	ɑ l v i n
armando	ɑ r m ɑ n d o
bose	b o s e
brom	b r o m
chihiro	t͡ʃ i h i r o
ef	e f
fabio	f ɑ b i o
hua	h u ɑ̯
ira	i r ɑ
japanese	j ɑ p ɑ n e s e
lac	l ɑ k
mata	m ɑ t ɑ
mumbai	m u m b ɑ i̯
okinawa	o k i n ɑ w ɑ
portal	p o r t ɑ l
romano	r o m ɑ n o
rupee	r u p eː
salvatore	s ɑ l v ɑ t o r e
santos	s ɑ n t o s
solid	s o l i d
somalia	s o m ɑ l i ɑ̯
spark	s p ɑ r k
síp	s iː p
umm	u mː
viva	v i v ɑ
aziz	ɑ z i z
bahamas	b ɑ h ɑ m ɑ s
bonus	b o n u s
din	d i n
dolores	d o l o r e s
dota	d o t ɑ
duo	d u o̯
hiroshima	h i r o ʃ i m ɑ
hokkaido	h o kː ɑ i̯ d o
hurt	h u r t
investment	i n v e s t m e n t
kontum	k o n t u m
lies	l i e̯ s
lina	l i n ɑ
liz	l i z
luiz	l u i̯ z
miu	m i u̯
parkinson	p ɑ r k i n s o n
paulo	p ɑ u̯ l o
penelope	p e n e l o p e
petra	p e t r ɑ
registry	r e ɡ i s t r y
rĩ	r eː
seki	s e k i
slam	s l ɑ m
solar	s o l ɑ r
sputnik	s p u t n i k
tanya	t ɑ n j ɑ
tăn	t ə n
ursula	u r s u l ɑ
vivo	v i v o
zara	z ɑ r ɑ
aaa	ɑː ɑ
ara	ɑ r ɑ
beer	b eː r
bone	b o n e
child	t͡ʃ i l d
gestapo	ɡ e s t ɑ p o
hý	h iː
katrina	k ɑ t r i n ɑ
luisa	l u i̯ s ɑ
lux	l u k s
mayo	m ɑ j o
medusa	m e d u s ɑ
monitor	m o n i t o r
mõ	m ɤ
nathaniel	n ɑ t h ɑ n i e̯ l
panda	p ɑ n d ɑ
reese	r eː s e
serial	s e r i ɑ l
sometimes	s o m e t i m e s
spot	s p o t
trek	t r e k
adele	ɑ d e l e
bones	b o n e s
dino	d i n o
fat	f ɑ t
gaga	ɡ ɑ ɡ ɑ
greer	ɡ r eː r
gustavo	ɡ u s t ɑ v o
hwa	h w ɑ
kristen	k r i s t e n
mate	m ɑ t e
mel	m e l
milo	m i l o
miriam	m i r i ɑ m
misa	m i s ɑ
nagoya	n ɑ ɡ o j ɑ
niken	n i k e n
panorama	p ɑ n o r ɑ m ɑ
para	p ɑ r ɑ
pilar	p i l ɑ r
poe	p o e
properties	p r o p e r t i e̯ s
rank	r ɑ ŋ k
rodrigo	r o d r i ɡ o
sand	s ɑ n d
sprint	s p r i n t
trumpet	t r u m p e t
vat	v ɑ t
ala	ɑ l ɑ
ares	ɑ r e s
arm	ɑ r m
baptiste	b ɑ p t i s t e
chibi	t͡ʃ i b i
domino	d o m i n o
elaine	e l ɑ i̯ n æ
elip	e l i p
gregor	ɡ r e ɡ o r
lit	l i t
magnus	m ɑ ɡ n u s
mal	m ɑ l
nhó	n h oː
nsa	n s ɑ
petrov	p e t r o v
phăng	f ə n ɡ
plugin	p l u ɡ i n
pod	p o d
porto	p o r t o
praha	p r ɑ h ɑ
rafael	r ɑ f ɑ e l
siu	s i u̯
such	s u x
virgin	v i r ɡ i n
amos	ɑ m o s
bua	b u ɑ̯
casa	t͡ʃ ɑ s ɑ
ir	i r
johanna	j o h ɑ nː ɑ
mil	m i l
paper	p ɑ p e r
rama	r ɑ m ɑ
serena	s e r e n ɑ
sven	s v e n
truân	t r u ɑː n
trĩu	t r e u̯
ago	ɑ ɡ o
alps	ɑ l p s
amoled	ɑ m o l e d
baku	b ɑ k u
bet	b e t
blind	b l i n d
bug	b u ɡ
chin	t͡ʃ i n
clint	k l i n t
eliza	e l i z ɑ
feed	f eː d
gustav	ɡ u s t ɑ v
hazel	h ɑ z e l
hilton	h i l t o n
kobe	k o b e
kpop	k p o p
lima	l i m ɑ
linus	l i n u s
loi	l o i̯
lose	l o s e
mag	m ɑ ɡ
neal	n e ɑ̯ l
norris	n o rː i s
nán	n ɑː n
omaha	o m ɑ h ɑ
pain	p ɑ i̯ n
pd	p eː d eː
poole	p oː l e
puma	p u m ɑ
raj	r ɑ j
reza	r e z ɑ
romero	r o m e r o
rosen	r o s e n
svetlana	s v e t l ɑ n ɑ
tor	t o r
trees	t r eː s
zola	z o l ɑ
babe	b ɑ b e
dũ	d oː
enigma	e n i ɡ m ɑ
haven	h ɑ v e n
kaufman	k ɑ u̯ f m ɑ n
lét	l eː t
musk	m u s k
nine	n i n e
nou	n o u̯
nylon	n y l o n
pali	p ɑ l i
panel	p ɑ n e l
phenol	f e n o l
psi	p s i
silic	s i l i t͡s
tap	t ɑ p
tomas	t o m ɑ s
ama	ɑ m ɑ
asano	ɑ s ɑ n o
birds	b i r d s
heroes	h e r o e s
jasmine	j ɑ s m i n e
kimono	k i m o n o
lie	l i e̯
major	m ɑ j o r
mali	m ɑ l i
mars	m ɑ r s
midi	m i d i
norma	n o r m ɑ
nur	n u r
pit	p i t
prix	p r i k s
rada	r ɑ d ɑ
serotonin	s e r o t o n i n
sos	s o s
tres	t r e s
tron	t r o n
trót	t r oː t
turks	t u r k s
đak	d͡ʒ ɑ k
akira	ɑ k i r ɑ
bios	b i o s
bogotá	b o ɡ o t ɑː
bonaparte	b o n ɑ p ɑ r t e
bora	b o r ɑ
cesar	t͡ʃ e s ɑ r
das	d ɑ s
edited	e d i t e d
gột	ɡ ɔ t
hydrogen	h y d r o ɡ e n
lazarus	l ɑ z ɑ r u s
luka	l u k ɑ
marcelo	m ɑ r t͡s e l o
marks	m ɑ r k s
meg	m e ɡ
oval	o v ɑ l
pham	f ɑ m
pot	p o t
rest	r e s t
rules	r u l e s
sama	s ɑ m ɑ
seed	s eː d
seem	s eː m
silvia	s i l v i ɑ̯
som	s o m
somali	s o m ɑ l i
spanish	s p ɑ n i ʃ
tanaka	t ɑ n ɑ k ɑ
tráp	t r ɑː p
vp	v eː p eː
anten	ɑ n t e n
ari	ɑ r i
arkansas	ɑ r k ɑ n s ɑ s
artist	ɑ r t i s t
basel	b ɑ s e l
basil	b ɑ s i l
bazan	b ɑ z ɑ n
desire	d e s i r e
dt	d eː t eː
haas	h ɑː s
haw	h ɑ u̯
heidi	h e i̯ d i
kin	k i n
láp	l ɑː p
mojo	m o j o
natalia	n ɑ t ɑ l i ɑ̯
nemo	n e m o
olaf	o l ɑ f
pam	p ɑ m
par	p ɑ r
patch	p ɑ t͡ʃ
patel	p ɑ t e l
pic	p i t͡ʃ
plo	p l o
retro	r e t r o
sina	s i n ɑ
sup	s u p
telegraph	t e l e ɡ r ɑ f
toni	t o n i
uav	u ɑ̯ v
ups	u p s
yokohama	j o k o h ɑ m ɑ
đùn	d͡ʒ uː n
bath	b ɑ θ
brutus	b r u t u s
fans	f ɑ n s
fiat	f i ɑ̯ t
jar	j ɑ r
mateo	m ɑ t e o
memories	m e m o r i e̯ s
piranha	p i r ɑ n h ɑ
push	p u ʃ
python	p y t h o n
rfi	r f i
rush	r u ʃ
siri	s i r i
summit	s u mː i t
upload	u p l o ɑ̯ d
vegeta	v e ɡ e t ɑ
visit	v i s i t
void	v o i̯ d
anakin	ɑ n ɑ k i n
attila	ɑ tː i l ɑ
chiu	t͡ʃ i u̯
ebola	e b o l ɑ
ez	e z
filip	f i l i p
flint	f l i n t
horik	h o r i k
jamal	j ɑ m ɑ l
kaplan	k ɑ p l ɑ n
lamborghini	l ɑ m b o r ɡ i n i
listen	l i s t e n
lothar	l o t h ɑ r
lum	l u m
lun	l u n
lúp	l uː p
marko	m ɑ r k o
mũm	m o m
oak	o ɑ̯ k
oct	o k t
ottoman	o tː o m ɑ n
pegasus	p e ɡ ɑ s u s
peso	p e s o
plug	p l u ɡ
proton	p r o t o n
rfa	r f ɑː
salsa	s ɑ l s ɑ
sava	s ɑ v ɑ
sida	s i d ɑ
siro	s i r o
spin	s p i n
taj	t ɑ j
trôm	t r oː m
tucson	t u k s o n
vinyl	v i n y l
amp	ɑ m p
aryan	ɑ r j ɑ n
astrid	ɑ s t r i d
bristol	b r i s t o l
bõ	b ɤ
demi	d e m i
greta	ɡ r e t ɑ
gus	ɡ u s
hin	h i n
jojo	j o j o
kilo	k i l o
kubo	k u b o
mako	m ɑ k o
milano	m i l ɑ n o
minute	m i n u t e
mizuki	m i z u k i
nov	n o v
pasha	p ɑ ʃ ɑ
rambo	r ɑ m b o
regis	r e ɡ i s
selene	s e l e n e
shiva	ʃ i v ɑ
soyuz	s o j u z
yamaha	j ɑ m ɑ h ɑ
deportivo	d e p o r t i v o
estate	e s t ɑ t e
fukushima	f u k u ʃ i m ɑ
gideon	ɡ i d e o n
gum	ɡ u m
jude	j u d e
kô	k oː
melinda	m e l i n d ɑ
nhú	n h uː
pak	p ɑ k
pie	p i e̯
portman	p o r t m ɑ n
sloan	s l o ɑ̯ n
tot	t o t
véo	v e o
yakuza	j ɑ k u z ɑ
yg	y ɡ
astro	ɑ s t r o
audi	ɑ u̯ d i
banana	b ɑ n ɑ n ɑ
bud	b u d
chihuahua	t͡ʃ i h u ɑ h u ɑ
devon	d e v o n
dmitri	d m i t r i
dp	d eː p eː
eta	e t ɑ
fiona	f i o n ɑ
giant	ɡ i ɑ n t
guam	ɡ u ɑ̯ m
helius	h e l i u s
hitachi	h i t ɑ t͡ʃ i
holy	h o l y
honduras	h o n d u r ɑ s
method	m e t h o d
mimi	m i m i
minutes	m i n u t e s
mono	m o n o
nate	n ɑ t e
obi	o b i
photpho	f o t f o
pioneer	p i o n eː r
reeves	r eː v e s
riva	r i v ɑ
rám	r ɑː m
sabine	s ɑ b i n e
sentinel	s e n t i n e l
studios	s t u d i o s
subaru	s u b ɑ r u
survival	s u r v i v ɑ l
tôma	t oː m ɑ
vita	v i t ɑ
yet	j e t
zip	z i p
ami	ɑ m i
argos	ɑ r ɡ o s
baba	b ɑ b ɑ
finch	f i n t͡ʃ
fukuoka	f u k u o̯ k ɑ
gis	ɡ i s
granada	ɡ r ɑ n ɑ d ɑ
ipo	i p o
judas	j u d ɑ s
justine	j u s t i n e
kaiser	k ɑ i̯ s e r
kaito	k ɑ i̯ t o
koga	k o ɡ ɑ
mak	m ɑ k
near	n e ɑ̯ r
ones	o n e s
pictures	p i k t u r e s
riot	r i o t
sahara	s ɑ h ɑ r ɑ
sar	s ɑ r
soho	s o h o
spartacus	s p ɑ r t ɑ t͡s u s
toe	t o e
turin	t u r i n
vie	v i e̯
vigo	v i ɡ o
yamamoto	j ɑ m ɑ m o t o
amara	ɑ m ɑ r ɑ
asahi	ɑ s ɑ h i
asiad	ɑ s i ɑ̯ d
ask	ɑ s k
chỉa	t͡ʃ ɔː
det	d e t
enid	e n i d
faw	f ɑ u̯
hagrid	h ɑ ɡ r i d
harlan	h ɑ r l ɑ n
horst	h o r s t
isis	i s i s
katana	k ɑ t ɑ n ɑ
lán	l ɑː n
metropolis	m e t r o p o l i s
mili	m i l i
minsk	m i n s k
nami	n ɑ m i
neu	n e u̯
niu	n i u̯
oral	o r ɑ l
santo	s ɑ n t o
seen	s eː n
tori	t o r i
via	v i ɑ̯
vun	v u n
ùn	uː n
úa	u ɑ̯
almost	ɑ l m o s t
atom	ɑ t o m
bis	b i s
butch	b u t͡ʃ
devil	d e v i l
digimon	d i ɡ i m o n
dima	d i m ɑ
dior	d i o r
glory	ɡ l o r i
hashtag	h ɑ ʃ t ɑ ɡ
hom	h o m
hùa	h u ɑ̯
isp	i s p
janus	j ɑ n u s
kohl	k o h l
kop	k o p
maduro	m ɑ d u r o
mor	m o r
ozone	o z o n e
phin	f i n
pops	p o p s
rây	r ɑː j
sep	s e p
sonar	s o n ɑ r
states	s t ɑ t e s
streets	s t r eː t͡s
sít	s iː t
takashi	t ɑ k ɑ ʃ i
ando	ɑ n d o
aram	ɑ r ɑ m
bebop	b e b o p
dublin	d u b l i n
dumas	d u m ɑ s
ezra	e z r ɑ
falco	f ɑ l t͡s o
gee	ɡ eː
genoa	ɡ e n o ɑ̯
goal	ɡ o ɑ̯ l
horton	h o r t o n
iss	i sː
item	i t e m
joachim	j o ɑ̯ t͡ʃ i m
kayak	k ɑ j ɑ k
lat	l ɑ t
manor	m ɑ n o r
nak	n ɑ k
nazi	n ɑ z i
nest	n e s t
noo	n oː
oem	o e m
ops	o p s
origin	o r i ɡ i n
paint	p ɑ i̯ n t
rem	r e m
rene	r e n e
rôn	r oː n
servo	s e r v o
spirit	s p i r i t
toshiba	t o ʃ i b ɑ
valve	v ɑ l v æ
aden	ɑ d e n
ani	ɑ n i
ant	ɑ n t
bitch	b i t͡ʃ
bosnia	b o s n i ɑ̯
cerberus	t͡s e r b e r u s
chipset	t͡ʃ i p s e t
davies	d ɑ v i e̯ s
dei	d e i̯
dieter	d i e̯ t e r
dimitri	d i m i t r i
dustin	d u s t i n
eminem	e m i n e m
eur	e u̯ r
ezekiel	e z e k i e̯ l
hem	h e m
ig	i ɡ
indo	i n d o
insider	i n s i d e r
kata	k ɑ t ɑ
katniss	k ɑ t n i sː
ket	k e t
liquid	l i k w i d
lop	l o p
luck	l u k
mandarin	m ɑ n d ɑ r i n
mombasa	m o m b ɑ s ɑ
movies	m o v i e̯ s
nagasaki	n ɑ ɡ ɑ s ɑ k i
nhíp	n h iː p
poor	p oː r
pyramid	p y r ɑ m i d
pù	p uː
rí	r iː
shiro	ʃ i r o
sparks	s p ɑ r k s
suu	s uː
taipei	t ɑ i̯ p e i̯
tsubasa	t͡s u b ɑ s ɑ
tĩu	t e u̯
zapata	z ɑ p ɑ t ɑ
angola	ɑ ŋ ɡ o l ɑ
báp	b ɑː p
chũi	t͡ʃ o i̯
dina	d i n ɑ
gif	ɡ i f
int	i n t
kris	k r i s
nas	n ɑ s
peninsula	p e n i n s u l ɑ
qa	k ɑ
rip	r i p
shrek	ʃ r e k
siam	s i ɑ̯ m
sus	s u s
trum	t r u m
zona	z o n ɑ
đă	d͡ʒ ə
alien	ɑ l i e n
anatoly	ɑ n ɑ t o l y
apps	ɑ p s
chinook	t͡ʃ i n oː k
darth	d ɑ r θ
dm	d eː ɛ m
dopamine	d o p ɑ m i n e
eliot	e l i o t
faa	f ɑː
ghém	ɡ eː m
given	ɡ i v e n
harv	h ɑ r v
het	h e t
idaho	i d ɑ h o
josef	j o s e f
kenton	k e n t o n
kimi	k i m i
kip	k i p
koch	k o x
latvia	l ɑ t v i ɑ̯
levi	l e v i
liza	l i z ɑ
nero	n e r o
pad	p ɑ d
pai	p ɑ i̯
pavel	p ɑ v e l
peel	p eː l
photon	f o t o n
pussy	p u sː i
siem	s i e̯ m
sumo	s u m o
taki	t ɑ k i
torino	t o r i n o
truck	t r u k
yamato	j ɑ m ɑ t o
yves	y v e s
andreas	ɑ n d r e ɑ̯ s
bam	b ɑ m
bono	b o n o
breed	b r eː d
christi	k r i s t i
ci	t͡ʃ i
dv	d eː v eː
erika	e r i k ɑ
fin	f i n
flip	f l i p
formula	f o r m u l ɑ
industries	i n d u s t r i e̯ s
jam	j ɑ m
joint	j o i̯ n t
jura	j u r ɑ
kabuki	k ɑ b u k i
mut	m u t
neto	n e t o
nos	n o s
oaks	o ɑ̯ k s
ole	o l e
osama	o s ɑ m ɑ
past	p ɑ s t
pepe	p e p e
photoshop	f o t o ʃ o p
riu	r i u̯
sino	s i n o
strabo	s t r ɑ b o
tamara	t ɑ m ɑ r ɑ
ter	t e r
uno	u n o
voss	v o sː
yuko	j u k o
ansi	ɑ n s i
barbados	b ɑ r b ɑ d o s
bìu	b i u̯
denis	d e n i s
hamas	h ɑ m ɑ s
hóm	h oː m
ivo	i v o
ivory	i v o r i
jarvis	j ɑ r v i s
judo	j u d o
juno	j u n o
lak	l ɑ k
lama	l ɑ m ɑ
lugo	l u ɡ o
manual	m ɑ n u ɑ l
mustafa	m u s t ɑ f ɑ
natalya	n ɑ t ɑ l y ɑ
nhép	n h eː p
nola	n o l ɑ
oasis	o ɑ̯ s i s
pal	p ɑ l
sapa	s ɑ p ɑ
spurs	s p u r s
taekwondo	t ɑ e̯ k w o n d o
takes	t ɑ k e s
td	t eː d eː
tobin	t o b i n
tripoli	t r i p o l i
viper	v i p e r
asp	ɑ s p
diet	d i e̯ t
drum	d r u m
duk	d u k
edo	e d o
hemoglobin	h e m o ɡ l o b i n
hui	h u i̯
jen	j e n
johor	j o h o r
kar	k ɑ r
komatsu	k o m ɑ t͡s u
lap	l ɑ p
lines	l i n e s
nomad	n o m ɑ d
papua	p ɑ p u ɑ̯
pisa	p i s ɑ
ros	r o s
sng	s ɛ n ɡ
stories	s t o r i e̯ s
timer	t i m e r
vga	v ɡ ɑː
vidal	v i d ɑ l
vôn	v oː n
