bbr	b aː b i l u
bbt	b ɛ b ɛ t
bbwt	b ɛ b uː t
bdt	b ɛ d ɛ t
bdš	b ɛ d ɛ ʃ
bgs	b ɛ ɡ ɛ s
bhd	b ɛ h ɛ d
bhn	b ɛ h ɛ n
bht	b ɛ h ɛ t
bhꜣ	b ɛ h ɑ
bhꜣw	b ɛ h ɑ uː
bjf	b i f
bjk	b aː j V k
bjn	b aː j i n
bjnt	b a j n V t
bjrwnygꜣt	b i r uː n iː ɡ ɑ t
bjt	b i j a t
bjtj	b i j aː t V j
bjꜣ	b i ɑ
bjꜣt	b i ɑ t
bjꜣyt	b i ɑ iː t
bkꜣ	b ɛ k ɑ
bn	b ɛ n
bnbnt	b ɛ n b ɛ n ɛ t
bnr	b i n i j
bns	b ɛ n ɛ s
bntj	b ɛ n t i
bntwt	b ɛ n t uː t
bnw	b ɛ n uː
bnš	b ɛ n ɛ ʃ
brwgtj	b ɛ r uː ɡ t i
bs	b ɛ s
btj	b ɛ t i
btꜣ	b ɛ t ɑ
bw	b uː
bwt	b uː t
bwtj	b uː t i
bzj	b ɛ z i
bšj	b ɛ ʃ i
bšṯ	b ɛ ʃ ɛ t͡ʃ
bḥ	b ɛ h
bḥdt	b ɛ h d ɛ t
bḥn	b ɛ h ɛ n
bḥnj	b ɛ h ɛ n i
bḥnt	b ɛ h n ɛ t
bḥs	b ɛ h ɛ s
bḥw	b ɛ h uː
bḥz	b ɛ h ɛ z
bḫnt	b ɛ x n ɛ t
bṯ	b ɛ t͡ʃ
bẖbẖ	b ɛ ç b ɛ ç
bꜣ	b e j
bꜣbꜣrw	b ɑ b ɑ r uː
bꜣgj	b i ʀ kʼ i t
bꜣgsw	b ɑ ɡ s uː
bꜣj	b ɑ i
bꜣjr	b ɑ i r
bꜣk	b aː ʀ a k
bꜣkt	b a ʀ k a t
bꜣkw	b a ʀ k u w
bꜣkꜣ	b ɑ k ɑ
bꜣs	b ɑ s
bꜣst	b ɑ s ɛ t
bꜣstt	b u ʀ i s t i t
bꜣt	b aː ʀ a t
bꜣw	b i ʀ uː w a w
bꜣyt	b ɑ iː t
bꜣḥ	b ɑ h
bꜣẖ	b ɑ ç
bꜣẖw	b a ʀ ç a w
bꜥr	b a ʕ l u
bꜥḥ	b ɑː h
bꜥḥj	b e ʕ ħ a
bꜥḥw	b ɑː h uː
db	d ɛ b
dbn	d ɛ b ɛ n
dbnt	d ɛ b n ɛ t
dbḥ	d ɛ b ɛ h
dbꜣ	d ɛ b ɑ
ddw	d ɛ d uː
dgj	d ɛ ɡ i
dgm	d ɛ ɡ ɛ m
dgꜣj	d ɛ ɡ ɑ i
dhnt	d ɛ h n ɛ t
dj	d i
djnw	d i n uː
djw	d i uː
dm	d ɛ m
dmj	d ɛ m i
dmḏ	d ɛ m ɛ d͡ʒ
dmḏj	d ɛ m ɛ d͡ʒ i
dmꜣt	d ɛ m ɑ t
dn	d ɛ n
dnd	d ɛ n ɛ d
dng	d ɛ n ɛ ɡ
dnjt	d ɛ n i t
dns	d ɛ n ɛ s
dp	d ɛ p
dpt	d ɛ p ɛ t
dpy	d ɛ p iː
dqr	d ɛ k ɛ r
dr	d ɛ r
drp	d ɛ r ɛ p
ds	d ɛ s
dsj	d ɛ s i
dwn	d uː n
dwꜣ	d uː ɑ
dwꜣt	d uː ɑ t
dwꜣtj	d uː ɑ t i
dwꜣw	d uː ɑ uː
dyw	d iː uː
dšr	d ɛ ʃ ɛ r
dšrt	d ɛ ʃ r ɛ t
dḥr	d ɛ h ɛ r
dḫ	d ɛ x
dꜣ	d ɑ
dꜣb	d ɑ b
dꜣdꜣ	d ɑ d ɑ
dꜣjr	d ɑ i r
dꜣr	d ɑ r
dꜣt	d ɑ t
fdq	f ɛ d ɛ k
fgn	f ɛ ɡ ɛ n
fk	f ɛ k
fn	f ɛ n
fnḏ	f ɛ n ɛ d͡ʒ
fnḫw	f ɛ n ɛ x uː
fnṯ	f e n t
ftft	f ɛ t f ɛ t
fḫ	f ɛ x
fḫt	f ɛ x ɛ t
fꜣj	f iː ʀ i t
fꜣt	f ɑ t
gbb	kʼ eː β
gbtjw	ɡ ɛ b t i uː
gbꜣ	ɡ ɛ b ɑ
gm	ɡ ɛ m
gmgm	kʼ a m kʼ a m
gmj	kʼ iː m a
gmt	ɡ ɛ m ɛ t
gmḥ	ɡ ɛ m ɛ h
gmḥt	ɡ ɛ m h ɛ t
gnn	kʼ a n a n
gnẖ	ɡ ɛ n ɛ ç
gp	kʼ aː p
gr	kʼ aː ɾ
grg	kʼ a l kʼ
grgt	kʼ a ɾ uː kʼ V t
grt	ɡ ɛ r ɛ t
grw	ɡ ɛ r uː
grḥ	kʼ aː ɾ a ħ
gs	kʼ a s
gstj	kʼ a s t
gsꜣ	ɡ ɛ s ɑ
gwš	ɡ uː ʃ
gwꜣwꜣ	ɡ uː ɑ uː ɑ
gḥs	kʼ a ħ a s
gꜣbt	kʼ a ʀ b a t
gꜣw	ɡ ɑ uː
gꜣš	kʼ e ʃ
gꜣḏꜣty	ɡ ɑ d͡ʒ ɑ t iː
h	h ɛ
hb	h ɛ b
hbhb	h ɛ b h ɛ b
hbj	h i b j a w
hbnj	h ɛ b n i
hd	h ɛ d
hh	h ɛ h
hj	h e j
hkr	h ɛ k ɛ r
hmhmt	h ɛ m h ɛ m ɛ t
hmy	h ɛ m iː
hn	h ɛ n
hndwꜣy	h ɛ n d uː ɑ iː
hnn	h ɛ n ɛ n
hnw	h iː n
hp	h e p
hr	h aː ɾ
hrm	h ɛ r ɛ m
hrw	h a ɾ u w w
hwhw	h uː h uː
hy	h iː
hꜣ	h ɑ
hꜣb	h aː ʀ a b
hꜣj	h e ʔ j a
hꜣkr	h ɑ k ɛ r
hꜣw	h ɑ uː
j	i
jb	i b
jbht	i b h ɛ t
jbhtj	i b h ɛ t i
jbhyt	i b h iː t
jbj	i b i
jbn	i b ɛ n
jbnw	i b ɛ n uː
jbr	i b ɛ r
jbs	i b ɛ s
jbsꜣ	i b s ɑ
jbt	i b ɛ t
jbw	i b uː
jbwj	i b uː i
jbšꜣ	i b ʃ ɑ
jbḥ	i b ɛ h
jbḥw	i b h uː
jbṯt	i b t͡ʃ ɛ t
jbꜣ	i b ɑ
jbꜣr	i b ɑ r
jbꜣw	i b ɑ uː
jd	i d
jdb	i d ɛ b
jdbwj	i d ɛ b uː i
jdj	i d i
jdmj	i d m i
jdn	i d ɛ n
jdr	i d ɛ r
jdt	i d ɛ t
jdw	i d uː
jdwmꜥ	i d uː m ɑː
jdyt	i d iː t
jdḥw	i d h uː
jf	i f
jfd	i f ɛ d
jfdj	i f ɛ d i
jfdnw	i f ɛ d n uː
jfdt	i f d ɛ t
jfdw	i f ɛ d uː
jft	i f ɛ t
jgrt	i ɡ ɛ r ɛ t
jhb	i h ɛ b
jhm	i h ɛ m
jj	i ʔ i
jjwj	i ʔ i uː i
jkm	i k ɛ m
jkn	i k ɛ n
jkw	i k uː
jky	i k iː
jkꜣnꜣ	i k ɑ n ɑ
jkꜣw	i k ɑ uː
jm	i m
jmj	i m i
jmjtw	i m i t uː
jmn	i m ɛ n
jmnt	i m ɛ n ɛ t
jmntj	i m ɛ n t i
jmntt	i m ɛ n ɛ t ɛ t
jmnḥ	i m n ɛ h
jmr	i m ɛ r
jmst	i m s ɛ t
jmstj	i m s ɛ t i
jmt	i m ɛ t
jmtj	i m t i
jmw	i m uː
jmwr	i m uː r
jmwtj	i m uː t i
jmy	i m iː
jmyt	i m iː t
jmḏr	i m d͡ʒ ɛ r
jmḥ	i m ɛ h
jmḥt	i m h ɛ t
jmꜣ	i m ɑ
jmꜣt	i m ɑ t
jmꜣw	i m ɑ uː
jmꜣḫ	i m ɑ x
jmꜣḫt	i m ɑ x ɛ t
jmꜣḫw	i m ɑ x uː
jmꜣḫwt	i m ɑ x uː t
jmꜣḫyt	i m ɑ x iː t
jn	i n
jnb	i n ɛ b
jnbt	i n b ɛ t
jnd	i n ɛ d
jnj	i n i
jnjwbꜣ	i n i uː b ɑ
jnk	i n ɛ k
jnm	i n ɛ m
jnn	i n ɛ n
jnpw	i n ɛ p uː
jnpwt	i n p uː ɛ t
jnq	i n ɛ k
jnr	i n ɛ r
jnst	i n s ɛ t
jnswj	i n s uː i
jnt	i n ɛ t
jntjrwywꜣšꜣ	i n t i r uː iː uː ɑ ʃ ɑ
jnw	i n uː
jnḥ	i n ɛ h
jnḥw	i n ɛ h uː
jnꜥ	i n ɑː
jp	i p
jpdw	i p d uː
jpf	i p ɛ f
jpn	i p ɛ n
jpq	i p ɛ k
jpt	i p ɛ t
jptf	i p t ɛ f
jptn	i p t ɛ n
jptnj	i p ɛ t n i
jptntj	i p ɛ t n ɛ t i
jptw	i p t uː
jptwj	i p t uː i
jptwt	i p t uː t
jptwtj	i p t uː t i
jpw	i p uː
jpwj	i p uː i
jpḥ	i p ɛ h
jpꜣ	i p ɑ
jpꜣt	i p ɑ t
jqdw	i k ɛ d uː
jqr	i k ɛ r
jqḥ	i k ɛ h
jqḥw	i k ɛ h uː
jr	i r
jrj	i r i
jrkt	i r k ɛ t
jrm	i r ɛ m
jrp	i r ɛ p
jrsjrnꜣt	i r s i r ɛ n ɑ t
jrt	i r ɛ t
jrtjw	i r t i uː
jrw	i r uː
jrwrꜣ	i r uː r ɑ
jrwt	i r uː t
jry	i r iː
jrṯt	i r t͡ʃ ɛ t
js	i s
jsbnbn	i s b ɛ n b ɛ n
jspt	i s p ɛ t
jsqꜣrnj	i s k ɑ r ɛ n i
jsqꜣrwnj	i s k ɑ r uː n i
jsr	i s ɛ r
jsry	i s r iː
jst	i s ɛ t
jsw	i s uː
jswr	i s uː r
jsṯ	i s ɛ t͡ʃ
jt	i t
jtj	i t i
jtjw	i t i uː
jtmw	i t ɛ m uː
jtn	i t ɛ n
jtnw	i t ɛ n uː
jtrt	i t r ɛ t
jtrw	i t ɛ r uː
jty	i t iː
jtḥ	i t ɛ h
jw	i uː
jwbt	i uː b ɛ t
jwd	i uː d
jwdnb	i uː d n ɛ b
jwdt	i uː d ɛ t
jwf	i uː f
jwgrt	i uː ɡ r ɛ t
jwh	i uː h
jwj	i uː i
jwjt	i uː i t
jwjw	i uː i uː
jwms	i uː m ɛ s
jwn	i uː n
jwnj	i uː n i
jwnn	i uː n ɛ n
jwnt	i uː n ɛ t
jwntj	i uː n ɛ t i
jwnw	i uː n uː
jwnyt	i uː n iː t
jwnꜣ	i uː n ɑ
jwr	i uː r
jwryt	i uː r iː t
jwrꜣḥy	i uː r ɑ h iː
jwsw	i uː s uː
jwt	i uː t
jwtj	i uː t i
jwtjw	i uː t i uː
jwtn	i uː t ɛ n
jwtt	i uː t ɛ t
jwwj	i uː ʔ uː i
jwyt	i uː iː t
jwšš	i uː ʃ ɛ ʃ
jwḥ	i uː h
jwḥw	i uː h uː
jwꜣ	i uː ɑ
jwꜣt	i uː ɑ t
jwꜣyt	i uː ɑ iː t
jwꜥ	i uː ɑː
jwꜥt	i uː ɑː t
jwꜥw	i uː ɑː uː
jwꜥyt	i uː ɑː iː t
jyt	i ʔ iː t
jz	i z
jzft	i z f ɛ t
jzftj	i z f ɛ t i
jzj	i z i
jzkn	i z k ɛ n
jzr	i z ɛ r
jzwt	i z uː t
jzzj	i z ɛ z i
jšdt	i ʃ ɛ d ɛ t
jšst	i ʃ ɛ s ɛ t
jšš	i ʃ ɛ ʃ
jḥ	i h
jḥt	i h ɛ t
jḥw	i h uː
jḫ	i x
jḫmt	i x m ɛ t
jḫr	i x ɛ r
jḫt	i x ɛ t
jḫḫw	i x ɛ x uː
jṯj	i t͡ʃ i
jṯꜣ	i t͡ʃ ɑ
jꜣb	i ɑ b
jꜣbj	i ɑ b i
jꜣbt	i ɑ b ɛ t
jꜣbtj	i ɑ b t i
jꜣbtjw	i ɑ b t i uː
jꜣbtt	i ɑ b ɛ t ɛ t
jꜣd	i ɑ d
jꜣdt	i ɑ d ɛ t
jꜣdw	i ɑ d uː
jꜣft	i ɑ f ɛ t
jꜣj	i ɑ i
jꜣjw	i ɑ i uː
jꜣk	i ɑ k
jꜣkb	i ɑ k ɛ b
jꜣkby	i ɑ k b iː
jꜣkbyt	i ɑ k b iː t
jꜣkw	i ɑ k uː
jꜣm	i ɑ m
jꜣq	i ɑ k
jꜣqt	i ɑ k ɛ t
jꜣr	i ɑ r
jꜣrr	i ɑ r ɛ r
jꜣrrt	i ɑ r ɛ r ɛ t
jꜣrw	i ɑ r uː
jꜣs	i ɑ s
jꜣt	i ɑ t
jꜣtjw	i ɑ t i uː
jꜣtt	i ɑ t ɛ t
jꜣw	i ɑ uː
jꜣwj	i ɑ uː i
jꜣwt	i ɑ uː t
jꜣwtj	i ɑ uː t i
jꜣyt	i ɑ iː t
jꜣš	i ɑ ʃ
jꜣḫmjnš	i ɑ x m i n ɛ ʃ
jꜣḫw	i ɑ x uː
jꜣṯ	i ɑ t͡ʃ
jꜣṯw	i ɑ t͡ʃ uː
jꜣꜣ	i ɑ ʔ ɑ
jꜣꜣt	i ɑ ʔ ɑ t
jꜣꜣyt	i ɑ ʔ ɑ iː t
jꜣꜥ	i ɑ ʔ ɑː
jꜣꜥš	i ɑ ʔ ɑː ʃ
jꜥ	i ɑː
jꜥb	i ɑː b
jꜥf	i ɑː f
jꜥj	i ɑː i
jꜥn	i ɑː n
jꜥnt	i ɑː n ɛ t
jꜥnw	i ɑː n uː
jꜥr	i ɑː r
jꜥrt	i ɑː r ɛ t
jꜥryt	i ɑː r iː t
jꜥw	i ɑː uː
jꜥḥ	i ɑː h
jꜥꜣ	i ɑː ʔ ɑ
jꜥꜥw	i ɑː ʔ ɑː uː
kbn	k ɛ b ɛ n
kf	k ɛ f
kfj	k ɛ f i
kftjw	k ɛ f t i uː
kfꜣ	k ɛ f ɑ
kj	k i
kkw	k e k i
km	k aː m
kmbjṯt	k ɛ m b i t͡ʃ ɛ t
kmm	k a m a m
kmt	k eː m ə
kmyt	k ɛ m iː t
knj	k ɛ n i
kns	k ɛ n ɛ s
knꜥnw	k ɛ n ɑː n uː
krtj	k ɛ r t i
ksj	k ɛ s i
ksw	k ɛ s uː
ktt	k a t a t
kw	k uː
ky	k iː
kš	k ɛ ʃ
kꜣ	k a ʀ
kꜣhs	k ɑ h ɛ s
kꜣj	k ɑ i
kꜣkꜣ	k ɑ k ɑ
kꜣkꜣj	k ɑ k ɑ i
kꜣm	k a ʀ n V w
kꜣmn	k ɑ m ɛ n
kꜣmw	k a ʀ m i w
kꜣnywšꜣ	k ɑ n iː uː ʃ ɑ
kꜣnꜥnꜥ	k ɑ n ɑː n ɑː
kꜣp	k aː ʀ a p
kꜣpt	k a ʀ p a t
kꜣpw	k ɑ p uː
kꜣr	k ɑ r
kꜣry	k ɑ r iː
kꜣs	k ɑ s
kꜣt	k ɑ t
kꜣw	k ɑ uː
kꜣwtj	k ɑ uː t i
kꜣš	k ɑ ʃ
kꜣštꜣ	k ɑ ʃ t ɑ
m	m a
mds	m ɛ d ɛ s
mdw	m a tʼ u w w
mdwj	m aː tʼ a
mdwt	m aː tʼ a
mfkꜣt	m ɛ f k ɑ t
mgꜣ	m ɛ ɡ ɑ
mhj	m ɛ h i
mht	m ɛ h ɛ t
mj	m i
mjgꜣdn	m i ɡ ɑ d ɛ n
mjktj	m i k t i
mjn	m i n
mjnb	m i n ɛ b
mjnj	m i n i
mjnt	m i n ɛ t
mjt	m i t
mjtj	m i t i
mjtt	m i t ɛ t
mjtw	m i t uː
mjw	m i j u w
mjwj	m i uː i
mjwt	j V m aː j V t
mjzt	m i z ɛ t
mkj	m iː k a
mkt	m ɛ k ɛ t
mm	m ɛ m
mmj	m ɛ m i
mn	m aː n
mnhz	m ɛ n h ɛ z
mnj	m a n i j
mnjt	m ɛ n i t
mnjw	m ɛ n i uː
mnmn	m ɛ n m ɛ n
mnmnt	m ɛ n m ɛ n ɛ t
mnt	m aː n a
mnty	m V n aː t i j
mnw	m ɛ n uː
mnwt	m ɛ n uː t
mnyt	m ɛ n iː t
mnḏ	m a n a cʼ
mnḏm	m ɛ n d͡ʒ ɛ m
mnḏr	m ɛ n d͡ʒ ɛ r
mnḏt	m ɛ n d͡ʒ ɛ t
mnḥ	m ɛ n ɛ h
mnḥtj	m ɛ n h ɛ t i
mnḫ	m ɛ n ɛ x
mnḫt	m a w n aː χ i t
mnṯw	m a n c V w
mnꜥt	m ɛ n ɑː t
mr	m ɛ r
mrj	m e ʔ j a
mrkbt	b
mrrt	m ɛ r ɛ r ɛ t
mrt	m ɛ r ɛ t
mrw	m eː ɾ
mrwryt	m ɛ r uː r iː t
mrwt	m ɛ r uː t
mry	m a r j i w
mryt	m V ɾ aː j a ʔ
mrḥ	m ə ɾ e ħ ə
mrḥt	m V ɾ i ħ j a t
ms	m e s
msdmt	m i s tʼ uː m i t
msdw	m a s cʼ i w
msj	m iː s a
msjꜣt	m ɛ s i ɑ t
msktt	m ɛ s ɛ k t ɛ t
mskꜣ	m ɛ s k ɑ
msn	m ɛ s ɛ n
msqt	m ɛ s k ɛ t
mswt	m i s j aː j a ʔ
msyt	m ɛ s iː t
msḏj	m a s cʼ a j
msḏr	m e s t͡ʃʼ ə ʕ
msḥ	m ɛ s ɛ h
msḫn	m ɛ s x ɛ n
msḫtjw	m ɛ s x ɛ t i uː
msꜣḏt	m ɛ s ɑ d͡ʒ ɛ t
mt	m ɛ t
mtj	m ɛ t i
mtr	m ɛ t ɛ r
mtrt	m u t ɾ V t
mtt	m eː t ə
mtw	m ɛ t uː
mtwt	m e t w a
mw	m a w
mwjbw	m uː i b uː
mwt	m aː j a ʔ
mww	m uː ʔ uː
mwy	m uː iː
my	m iː
mz	m ɛ z
mzwr	m ɛ z uː r
mzwt	m ɛ z uː t
mzḥ	m V s a ħ
mšrw	m ɛ ʃ r uː
mšw	m ɛ ʃ uː
mšꜥ	m a ʃ ʕ a j
mḏd	m ɛ d͡ʒ ɛ d
mḏdt	m ɛ d͡ʒ d ɛ t
mḏdw	m ɛ d͡ʒ ɛ d uː
mḏrj	m e tʼ ɾ a
mḏt	m ɛ d͡ʒ ɛ t
mḏw	m eː tʼ
mḏwtj	cʼ a w aː t a j
mḏḥ	m ɛ d͡ʒ ɛ h
mḏꜣ	m ɛ d͡ʒ ɑ
mḏꜣt	m ɛ d͡ʒ ɑ t
mḏꜣy	m ɛ d͡ʒ ɑ iː
mḥ	m a ħ
mḥj	m ɛ h i
mḥn	m ɛ h ɛ n
mḥsḥs	m a ħ a s ħ a s
mḥt	m ɛ h ɛ t
mḥtj	m ɛ h t i
mḥtjw	m ɛ h t i uː
mḥtt	m ɛ h t ɛ t
mḥw	m ɛ h uː
mḥyt	m a ħ eː ʔ ə
mḥꜥw	m ɛ h ɑː uː
mḫꜣ	m ɛ x ɑ
mḫꜣt	m e ʔ χ a
mṯn	m ɛ t͡ʃ ɛ n
mṯwn	m ɛ t͡ʃ uː n
mṯꜣ	m ɛ t͡ʃ ɑ
mẖ	m ɛ ç
mẖnt	m ɛ ç n ɛ t
mẖr	m ɛ ç ɛ r
mẖtw	m ɛ ç t uː
mẖꜥqt	m a ç ʕ aː qʼ i t
mꜣ	m ɑ
mꜣj	m aː j ə
mꜣnw	m ɑ n uː
mꜣqt	m a j ʀ aː qʼ i t
mꜣqꜣrꜣ	m ɛ k ɛ r
mꜣr	m ø ʔ
mꜣt	m a ʀ iː j a t
mꜣtt	m ɑ t ɛ t
mꜣwj	m i ʀ w i t
mꜣwt	m a ʀ w V t
mꜣy	m ɑ iː
mꜣṯ	m ɑ t͡ʃ
mꜣẖ	m aː ʀ a ç
mꜣꜣ	m ɑ ʔ ɑ
mꜣꜥ	m a ʕ
mꜣꜥt	m eː ʕ ə
mꜣꜥtj	m ɑ ʔ ɑː t i
mꜣꜥw	m ɑ ʔ ɑː uː
mꜥbꜣ	m a ʕ b a ʀ
mꜥkꜣ	m ɑː k ɑ
mꜥnḏt	m V ʕ n i cʼ w V t
mꜥq	m ɑː k
mꜥr	m ɑː r
mꜥšꜣdjdjt	m ɑː ʃ ɑ d i d i t
mꜥḥꜥt	m a j ħ i ʕ w a ʔ
n	n e
nb	n a β i
nbj	n iː b a
nbnb	n ɛ b n ɛ b
nbs	n ɛ b ɛ s
nbt	n iː b a
nbtj	n ɛ b t i
nbw	n aː b a w
nf	n ɛ f
nfj	n iː f a
nfr	n aː f a
nfrt	n a f ɾ a
nfrtj	n ɛ f ɛ r t i
nfrw	n a f ɾ a w
nfrwt	n ɛ f r uː t
nfꜣ	n ɛ f ɑ
ngꜣw	n ɛ ɡ ɑ uː
nhj	n ɛ h i
nhm	n ɛ h ɛ m
nhmhm	n ɛ h ɛ m h ɛ m
nhnh	n ɛ h n ɛ h
nhp	n aː h a p
nht	n aː h a
nhw	n ɛ h uː
nhzj	n e h s a
nhꜣy	n ɛ h ɑ iː
nj	n i
njk	n i k
njnj	n i n i
njs	n i s
njtjt	n i t i t
njw	n i uː
njꜣj	n i ɑ i
nk	n ɛ k
nkt	n u k u t
nkw	n ɛ k uː
nmj	n iː m a
nmnm	n ɛ m n ɛ m
nms	n ɛ m ɛ s
nmsw	n ɛ m s uː
nmt	n ɛ m ɛ t
nmtj	n ɛ m t i
nmtt	n ɛ m t ɛ t
nmw	n ɛ m uː
nmḥ	n ɛ m ɛ h
nmꜣrṯ	n ɛ m ɑ r ɛ t͡ʃ
nmꜥ	n ɛ m ɑː
nn	n ɛ n
nnj	n ɛ n i
nnw	n aː n a w
nnwt	n ɛ n uː t
nnšm	j
npnpt	n ɛ p n ɛ p ɛ t
npꜣw	n ɛ p ɑ uː
nqdd	n ɛ k d ɛ d
nqꜥ	n ɛ k ɑː
nqꜥwt	n ə qʼ oː ʔ
nrj	n ɛ r i
nrt	n aː ɾ a
nrw	n ɛ r uː
ns	l e s
nsrt	n a s ɾ a
nst	n ɛ s ɛ t
nswt	n i j s iː j a ʔ
nswtyw	n ɛ s uː t iː uː
nsyt	n ɛ s iː t
nt	n ɛ t
ntb	n ɛ t ɛ b
ntf	j a n t a f
ntj	n i t i j
ntk	j a n t a k
nts	j a n t a s
ntsn	j a n t aː s i n
ntsnj	n ɛ t ɛ s ɛ n i
ntt	n ɛ t ɛ t
nttn	n ɛ t ɛ t ɛ n
ntw	n t a w
ntṯ	j a n t a ʔ
ntṯn	j a n t aː c i n
nw	n u w w u w
nwd	n uː d
nwdt	n uː d ɛ t
nwdw	n uː d uː
nwj	n uː i
nwt	n eː ʔ ə
nwtj	n uː t i
nwtkꜣrṯ	n uː t k ɑ r ɛ t͡ʃ
nwtwt	n uː t uː t
nwy	n uː iː
nwyt	n uː iː t
nwḥ	n uː h
nwḫ	n uː x
nwꜣ	n uː ɑ
nznzn	n ɛ z ɛ n z ɛ n
nš	n ɛ ʃ
nšm	n ɛ ʃ ɛ m
nšmt	n ɛ ʃ m ɛ t
nšnj	n ɛ ʃ n i
nšp	n aː ʃ a p
nšt	n ɛ ʃ ɛ t
nḏ	n ɛ d͡ʒ
nḏdnḏd	n ɛ d͡ʒ ɛ d n ɛ d͡ʒ ɛ d
nḏdḏd	n ɛ d͡ʒ ɛ d d͡ʒ ɛ d
nḏm	n aː cʼ a m
nḏnḏ	n ɛ d͡ʒ n ɛ d͡ʒ
nḏr	n ɛ d͡ʒ ɛ r
nḏrj	n ɛ d͡ʒ ɛ r i
nḏs	n aː cʼ a s
nḏt	n ɛ d͡ʒ ɛ t
nḏyt	n ɛ d͡ʒ iː t
nḏꜣ	n ɛ d͡ʒ ɑ
nḏꜣw	n ɛ d͡ʒ ɑ uː
nḏꜣḏꜣ	n ɛ d͡ʒ ɑ d͡ʒ ɑ
nḥ	n ɛ h
nḥbt	n ɛ h b ɛ t
nḥd	n ɛ h ɛ d
nḥm	n aː ħ a m
nḥmn	n ɛ h m ɛ n
nḥr	n ɛ h ɛ r
nḥrj	n ɛ h r i
nḥrw	n ɛ h ɛ r uː
nḥsj	n ɛ h s i
nḥtj	n e ħ t a
nḥḏt	n u t ʃʼ ħ a
nḥḥ	n eː ħ ə ħ
nḫ	n ɛ x
nḫbt	n ɛ x b ɛ t
nḫbḫb	n ɛ x ɛ b x ɛ b
nḫj	n ɛ x i
nḫn	n ɛ x ɛ n
nḫnt	n ɛ x n ɛ t
nḫnw	n ɛ x ɛ n uː
nḫt	n ɛ x ɛ t
nḫwt	n ɛ x uː t
nḫꜣw	n ɛ x ɑ uː
nḫꜣḫꜣ	n ɛ x ɑ x ɑ
nṯr	n aː c a ɾ
nṯrj	n u c ɾ i j
nṯrt	n a c aː ɾ a t
nṯrtj	n ɛ t͡ʃ ɛ r t i
nṯrw	n a c uː ɾ a w
nṯrwj	n ɛ t͡ʃ r uː i
nṯryt	n ɛ t͡ʃ r iː t
nẖnm	n ɛ ç n ɛ m
nẖs	n ɛ ç ɛ s
nꜣ	n i ʀ
nꜣj	n e j
nꜣy	n ɑ iː
nꜣyw	n ɑ iː uː
nꜣḏꜣ	n ɑ d͡ʒ ɑ
nꜣḏꜣrw	n ɑ d͡ʒ ɑ r uː
nꜥj	n ɑː i
nꜥr	n ɑː r
nꜥrt	n ɑː r ɛ t
nꜥꜥ	n ɑː ʔ ɑː
p	p ɛ
pds	p ɛ d ɛ s
pf	p ɛ f
pfꜣ	p ɛ f ɑ
pgꜣ	p ɛ ɡ ɑ
pj	p i
pn	p ɛ n
pnw	p iː n
pnꜥ	p aː n a ʕ
ppy	p ɛ p iː
pqt	p ɛ k ɛ t
pr	p aː ɾ u w
prj	p iː ɾ a
prt	p V ɾ aː j V t
prwypwsꜣ	p ɛ r uː iː p uː s ɑ
pryt	p ɛ r iː t
psg	p aː kʼ ə s
psj	p iː s a
psmṯk	p s a m aː t͡ʃ ə k
psš	p aː s a ʃ
psšt	p u s ʃ a t
psštj	p ɛ s ʃ ɛ t i
psḏ	p ɛ s ɛ d͡ʒ
psḏj	p e s tʼ a
psḏjw	p i s cʼ i j j a w
psḏntjw	p ɛ s d͡ʒ ɛ n t i uː
psḏnw	p ɛ s ɛ d͡ʒ n uː
psḏt	p i s iː cʼ a t
psḏw	p i s iː cʼ a w
pt	p e ʔ
ptpt	p ɛ t p ɛ t
ptr	p ɛ t ɛ r
ptwꜣrwmys	p ɛ t uː ɑ r uː m iː s
ptḥ	p i t a ħ
pw	p uː
pwnt	p uː n ɛ t
pwntjw	p uː n t i uː
pwrꜣsꜣtj	p uː r ɑ s ɑ t i
pwy	p uː iː
py	p iː
pzn	p ɛ z ɛ n
pzḥ	p aː s a ħ
pzḫ	p aː s a χ
pšn	p ɛ ʃ ɛ n
pḏ	p ɛ d͡ʒ
pḏt	p iː cʼ a t
pḏtj	p ɛ d͡ʒ ɛ t i
pḥ	p aː ħ
pḥrr	p ɛ h r ɛ r
pḥtj	p e ħ t
pḥwj	p ɛ h uː i
pẖr	p ɛ ç ɛ r
pẖrt	p ɛ ç r ɛ t
pꜣ	p i ʀ
pꜣj	p ɑ i
pꜣq	p ɑ k
pꜣqj	p i ʀ qʼ i t
pꜣqt	p ɑ k ɛ t
pꜣw	p ɑ uː
pꜣwt	p ɑ uː t
pꜣwtj	p ɑ uː t i
pꜣy	p ɑ iː
pꜣz	p ɑ z
pꜣḏ	p ɑ d͡ʒ
pꜣḫd	p ɑ x ɛ d
pꜥt	p eː ʕ a
qbb	k ɛ b ɛ b
qbw	k ɛ b uː
qbḥ	k ɛ b ɛ h
qbḥw	k ɛ b ɛ h uː
qbꜥw	k ɛ b ɑː uː
qd	k ɛ d
qdd	k ɛ d ɛ d
qdj	k ɛ d i
qdnw	k ɛ d n uː
qdt	k ɛ d ɛ t
qdtt	k ɛ d t ɛ t
qdš	k ɛ d ɛ ʃ
qdšw	k ɛ d ʃ uː
qjs	k i s
qmd	k ɛ m ɛ d
qmꜣ	k ɛ m ɑ
qnb	k ɛ n ɛ b
qnbt	k ɛ n b ɛ t
qnj	k ɛ n i
qnjt	k ɛ n i t
qnjw	k ɛ n i uː
qnt	k ɛ n ɛ t
qnw	k ɛ n uː
qnyt	k ɛ n iː t
qqtj	k ɛ k t i
qrf	k ɛ r ɛ f
qrft	k ɛ r f ɛ t
qrr	k ɛ r ɛ r
qrrt	k ɛ r ɛ r ɛ t
qrs	k ɛ r ɛ s
qrst	k ɛ r ɛ s ɛ t
qrsw	k ɛ r ɛ s uː
qrwjwꜣpꜣdrꜣ	k ɛ r uː i uː ɑ p ɑ d r ɑ
qrwjwꜣpꜣdrꜣt	k ɛ r uː i uː ɑ p ɑ d r ɑ t
qs	k ɛ s
qsn	k ɛ s ɛ n
qsnt	k ɛ s ɛ n ɛ t
qysrs	k iː s r ɛ s
qḥqḥ	k ɛ h k ɛ h
qḥqḥw	k ɛ h k ɛ h uː
qꜣb	k ɑ b
qꜣbt	k ɑ b ɛ t
qꜣdt	k ɑ d ɛ t
qꜣj	k ɑ i
qꜣqꜣw	k ɑ k ɑ uː
qꜣr	k ɑ r
qꜣs	k ɑ s
qꜣw	k ɑ uː
qꜣḏꜣr	k ɑ d͡ʒ ɑ r
qꜣꜣ	k ɑ ʔ ɑ
qꜣꜥ	k ɑ ʔ ɑː
qꜥḥ	k ɑː h
r	j i ɾ
rbw	r ɛ b uː
rd	r ɛ d
rhn	r ɛ h ɛ n
rk	r ɛ k
rkjšꜣ	r ɛ k i ʃ ɑ
rkḥ	r ɛ k ɛ h
rm	r ɛ m
rmj	r ɛ m i
rmn	r ɛ m ɛ n
rmnj	r ɛ m n i
rmnn	r ɛ m n ɛ n
rmrm	r ɛ m r ɛ m
rmrmt	r ɛ m r ɛ m ɛ t
rmyt	r a m iː j V ʔ
rmṯ	r ɛ m ɛ t͡ʃ
rmṯt	r ɛ m ɛ t͡ʃ ɛ t
rn	r ɛ n
rnn	r ɛ n ɛ n
rnp	r ɛ n ɛ p
rnpj	r ɛ n ɛ p i
rnpt	r ɛ n p ɛ t
rnpwt	r ɛ n p uː t
rpwḥw	r ɛ p uː h uː
rqj	r ɛ k i
rrj	r ɛ r i
rs	r ɛ s
rsj	r ɛ s i
rsw	r ɛ s uː
rswt	r ɛ s uː t
rtḥ	r ɛ t ɛ h
rtḥtj	r ɛ t h ɛ t i
rw	r uː
rwd	r uː d
rwj	r uː i
rwt	r uː t
rwḏ	r uː d͡ʒ
rwḏt	r uː d͡ʒ ɛ t
rš	r ɛ ʃ
ršpw	r ɛ ʃ p uː
ršrš	r ɛ ʃ r ɛ ʃ
ršw	r ɛ ʃ uː
ršwt	r ɛ ʃ uː t
rḏj	cʼ iː j i t
rḏw	r ɛ d͡ʒ uː
rḥw	r ɛ h uː
rḥwj	r ɛ h uː i
rḫ	r ɛ x
rḫs	r ɛ x ɛ s
rḫyt	l V χ iː j a ʔ
rṯnw	r ɛ t͡ʃ ɛ n uː
rꜣ	r ɑ
rꜥ	r ɑː
s	s ɛ
sbj	s ɛ b i
sbjw	s ɛ b i uː
sbk	s ɛ b ɛ k
sbn	s ɛ b ɛ n
sbnw	s ɛ b ɛ n uː
sbq	s ɛ b ɛ k
sbtj	s ɛ b t i
sbḥ	s ɛ b ɛ h
sbḫt	s ɛ b x ɛ t
sbꜣ	s a b a ʀ
sbꜣgj	s ɛ b ɑ ɡ i
sbꜣqj	s ɛ b ɑ k i
sbꜣtj	s ɛ b ɑ t i
sbꜣw	s ɛ b ɑ uː
sbꜣyt	s a b ʀ aː j a ʔ
sd	s aː tʼ
sdb	s ɛ d ɛ b
sdgꜣ	s ɛ d ɡ ɑ
sdm	s ɛ d ɛ m
sdmj	s ɛ d ɛ m i
sdwḫ	s ɛ d uː x
sdyt	s ɛ d iː t
sdꜣ	s ɛ d ɑ
sf	s e f
sfkk	s ɛ f ɛ k ɛ k
sfsf	s ɛ f s ɛ f
sfḫ	s ɛ f ɛ x
sfḫjw	s a f χ i j j a w
sfḫnw	s ɛ f ɛ x n uː
sfḫw	s a f χ a w
sfḫḫ	s ɛ f ɛ x ɛ x
sfṯ	s ɛ f ɛ t͡ʃ
sgnn	s a kʼ n a n
sgr	s ɛ ɡ ɛ r
shꜣj	s ɛ h ɑ i
sj	s i
sjdj	s ɛ i d i
sjhm	s ɛ i h ɛ m
sjm	s i m
sjn	s i n
sjnj	s i n i
sjnw	s i n uː
sjp	s ɛ i p
sjsjw	s a ɾ s i j j a w
sjsnw	s i s n uː
sjsw	i
sjzj	s ɛ i z i
sjꜣ	s aː j a ʀ
sjꜣt	s ɛ i ɑ t
sjꜥr	s ɛ i ɑː r
sk	s ɛ k
skj	s ɛ k i
skm	s ɛ k ɛ m
skn	s ɛ k ɛ n
sksj	s ɛ k ɛ s i
sksk	s ɛ k s ɛ k
skt	s ɛ k ɛ t
skꜣ	s ɛ k ɑ
sm	s ɛ m
smdt	s ɛ m d ɛ t
smj	s ɛ m i
smn	s e m n a
smnmn	s ɛ m ɛ n m ɛ n
smnḫ	s ɛ m ɛ n ɛ x
smr	s ɛ m ɛ r
smsj	s ɛ m ɛ s i
smsm	s ɛ m s ɛ m
smsw	s ɛ m ɛ s uː
smt	s ɛ m ɛ t
smw	s iː m
smwn	s ɛ m uː n
smḥ	s ɛ m ɛ h
smḥj	s ɛ m h i
smḫ	s ɛ m ɛ x
smꜣ	s ɛ m ɑ
smꜣwj	s ɛ m ɑ uː i
sn	s a n
snb	s ɛ n ɛ b
snbb	s ɛ n b ɛ b
snbj	s ɛ n b i
snd	s ɛ n ɛ d
snfj	s ɛ n ɛ f i
snfr	s ɛ n ɛ f ɛ r
snj	s ɛ n i
snm	s ɛ n ɛ m
snmyt	s ɛ n m iː t
snnw	s ɛ n ɛ n uː
snq	s aː n a qʼ
snsn	s a n s a n
snt	s aː n a
snwj	s i n u w w a j
snwtt	s ɛ n uː t ɛ t
snwḫ	s ɛ n uː x
snšmšm	s ɛ n ɛ ʃ ɛ m ʃ ɛ m
snḏ	s i n i cʼ
snḏm	s ɛ n ɛ d͡ʒ ɛ m
snḏw	s ɛ n ɛ d͡ʒ uː
snḥ	s aː n a ħ
snḫbḫb	s ɛ n ɛ x ɛ b x ɛ b
snḫn	s ɛ n ɛ x ɛ n
snṯ	s ɛ n ɛ t͡ʃ
snṯr	s a n c a ɾ
spd	s ɛ p ɛ d
spdt	s a p tʼ a
spdw	s ɛ p d uː
spdḏ	s a p tʼ a
spj	s ɛ p i
spr	s ɛ p ɛ r
sprw	s ɛ p ɛ r uː
spt	s aː p a
spḥ	s ɛ p ɛ h
spꜣt	s ɛ p ɑ t
sqbb	s ɛ k ɛ b ɛ b
sqbbwj	s ɛ k ɛ b ɛ b uː i
sqbḥ	s ɛ k ɛ b ɛ h
sqd	s ɛ k ɛ d
sqdj	s ɛ k ɛ d i
sqr	s ɛ k ɛ r
sqꜣj	s ɛ k ɑ i
sr	s ɛ r
srd	s ɛ r ɛ d
srf	s ɛ r ɛ f
srmj	s ɛ r ɛ m i
srt	s ɛ r ɛ t
srw	s ɛ r uː
srwj	s ɛ r uː i
srwḏ	s ɛ r uː d͡ʒ
srwḫ	s ɛ r uː x
srḫ	s ɛ r ɛ x
ssf	s ɛ s ɛ f
ssm	s ɛ s ɛ m
ssmt	s ɛ s ɛ m ɛ t
ssn	s ɛ s ɛ n
sspd	s ɛ s ɛ p ɛ d
ssḫ	s ɛ s ɛ x
ssꜣj	s ɛ s ɑ i
st	s ɛ t
stj	s ɛ t i
stp	s a t p a w
stpt	s ɛ t ɛ p ɛ t
stt	s ɛ t ɛ t
stwt	s ɛ t uː t
stš	s ɛ t ɛ ʃ
stẖ	s eː t ə χ
stẖj	s ɛ t ç i
stꜣ	s ɛ t ɑ
sw	s u
swdfj	s ɛ w ɛ d ɛ f i
swn	s uː n
swnt	s uː n ɛ t
swnw	s uː n uː
swrd	s ɛ w ɛ r ɛ d
swsḫ	s ɛ w ɛ s ɛ x
swt	s uː t
swḏ	s ɛ w ɛ d͡ʒ
swḏꜣ	s ɛ w ɛ d͡ʒ ɑ
swḥt	s a w ħ V t
swḫ	s ɛ w ɛ x
swḫꜣ	s ɛ w ɛ x ɑ
swꜣj	s e ʔ j a
swꜣḏ	s ɛ w ɑ d͡ʒ
swꜥb	s ɛ w ɑː b
szf	s ɛ z ɛ f
sš	s ɛ ʃ
sšd	s ɛ ʃ ɛ d
sšm	s ɛ ʃ ɛ m
sšmj	s ɛ ʃ ɛ m i
sšmm	s ɛ ʃ ɛ m ɛ m
sšmw	s ɛ ʃ m uː
sšp	s ɛ ʃ ɛ p
sšpt	s a ʃ aː p a t
sšr	s ɛ ʃ ɛ r
sšrw	s ɛ ʃ r uː
sštꜣ	s ɛ ʃ t ɑ
sšwj	s ɛ ʃ uː i
sḏ	s ɛ d͡ʒ
sḏb	s ɛ d͡ʒ ɛ b
sḏd	s e t͡ʃʼ a
sḏfꜣ	s e tʼ f
sḏm	s a cʼ i m n a
sḏmw	s ɛ d͡ʒ ɛ m uː
sḏr	s ɛ d͡ʒ ɛ r
sḏrt	s ɛ d͡ʒ r ɛ t
sḏt	s ɛ d͡ʒ ɛ t
sḏwj	s ɛ d͡ʒ uː i
sḏꜣ	s ɛ d͡ʒ ɑ
sḥd	s ɛ h ɛ d
sḥmyt	s ɛ h m iː t
sḥqr	s ɛ h ɛ k ɛ r
sḥqꜣ	s ɛ h ɛ k ɑ
sḥrj	s ɛ h ɛ r i
sḥtm	s ɛ h ɛ t ɛ m
sḥtp	s ɛ h ɛ t ɛ p
sḥḏ	s ɛ h ɛ d͡ʒ
sḥḏw	s e ħ tʼ
sḥꜣbj	s ɛ h ɑ b i
sḥꜣj	s ɛ h ɑ i
sḫd	s ɛ x ɛ d
sḫdḫd	s ɛ x ɛ d x ɛ d
sḫm	s aː χ a m
sḫmt	s a χ m a
sḫn	s ɛ x ɛ n
sḫntj	s ɛ x ɛ n ɛ t i
sḫpj	s ɛ x ɛ p i
sḫpr	s ɛ x ɛ p ɛ r
sḫr	s ɛ x ɛ r
sḫry	s ɛ x r iː
sḫt	s aː χ a
sḫtj	s e χ t
sḫw	s ɛ x uː
sḫꜣj	s e χ j a
sḫꜣw	s ɛ x ɑ uː
sḫꜥj	s ɛ x ɑː i
sṯ	s ɛ t͡ʃ
sṯjt	s ɛ t͡ʃ i t
sṯnj	s ɛ t͡ʃ ɛ n i
sṯt	s ɛ t͡ʃ ɛ t
sṯzj	s ɛ t͡ʃ ɛ z i
sṯzw	s ɛ t͡ʃ ɛ z uː
sṯꜣ	s aː c a ʀ
sṯꜣt	s ɛ t͡ʃ ɑ t
sẖkr	s ɛ ç k ɛ r
sẖr	s ɛ ç ɛ r
sẖt	s ɛ ç ɛ t
sẖꜥt	s ɛ ç ɑː t
sꜣ	s ɑ
sꜣbt	s ɑ b ɛ t
sꜣdjꜥmj	s ɑ d i ɑː m i
sꜣg	s ɑ ɡ
sꜣgꜣ	s a kʼ
sꜣj	s iː ʀ i t
sꜣkꜣmꜣ	s ɑ k ɑ m ɑ
sꜣngꜣr	s ɑ n ɡ ɑ r
sꜣq	s aː ʀ a qʼ
sꜣrꜣqw	s a l ɡ uː
sꜣsꜣ	s ɑ s ɑ
sꜣwkꜣ	s ɑ uː k ɑ
sꜣḥ	s ɑ h
sꜣḫ	s ɛ ɑ x
sꜣḫꜣḫ	s ɛ ɑ x ɑ x
sꜣꜣ	s ɑ ʔ ɑ
sꜥb	s ɑː b
sꜥnj	s ɛ ɑː n i
sꜥnḫ	s a ʕ n a χ
sꜥq	s ɛ ɑː k
sꜥr	s ɛ ɑː r
sꜥsꜥ	s ɑː s ɑː
sꜥšꜣ	s ɛ ɑː ʃ ɑ
sꜥḥ	s ɑː h
sꜥḥꜥ	s ɛ ɑː h ɑː
sꜥꜣj	s ɛ ɑː ʔ ɑ i
t	t ɛ
tf	t e f
tfn	t ɛ f ɛ n
tfnt	t ɛ f n ɛ t
tfnwt	t V f uː n V t
tfꜣ	t ɛ f ɑ
thj	t ɛ h i
thm	t ɛ h ɛ m
thw	t ɛ h uː
tj	t i
tjkrṯ	t i k r ɛ t͡ʃ
tjmsqw	t i m ɛ s k uː
tjsw	t i s uː
tjt	t i t
tjtj	t i t i
tjw	t i uː
tjꜥꜣ	t i ɑː ʔ ɑ
tkk	t ɛ k ɛ k
tkn	t ɛ k ɛ n
tkꜣ	t aː k a ʀ
tkꜣw	t i k ʀ i w
tm	j a t aː m u w
tmm	t ɛ m ɛ m
tmt	t ɛ m ɛ t
tmꜣ	t ɛ m ɑ
tn	t ɛ n
tnj	t ɛ n i
tnm	t ɛ n ɛ m
tnmw	t ɛ n ɛ m uː
tnw	t ɛ n uː
tnṯ	t ɛ n ɛ t͡ʃ
tp	t a p
tpj	t a p i j
tpnn	t ɛ p n ɛ n
tpr	t ɛ p ɛ r
tpt	t ɛ p ɛ t
tr	t ɛ r
ttj	t a t i j
tw	t uː
twjꜣr	t uː i ɑ r
twn	t uː n
twr	t uː r
twt	t a w aː t i j
twy	t uː iː
twꜣ	t uː ɑ
twꜣwt	t uː ɑ uː t
tybꜣrys	t iː b ɑ r iː s
tyts	t iː t ɛ s
tšꜣ	t aː ʃ a ʀ
tḫj	t iː χ a
tḫn	t ɛ x ɛ n
tḫtḫ	t ɛ x t ɛ x
tḫw	t ɛ x uː
tꜣ	t a ʀ
tꜣhꜣrqꜣ	t ɑ h ɑ r k ɑ
tꜣj	t ɑ i
tꜣw	t ɑ uː
tꜣwj	t a ʀ w V j
tꜣy	t ɑ iː
tꜣš	t a ʀ a ʃ
w	uː
wbd	w ɛ b ɛ d
wbn	w ɛ b ɛ n
wbnt	w ɛ b n ɛ t
wbnw	w ɛ b ɛ n uː
wbḫ	w a b a χ
wbḫt	w ɛ b x ɛ t
wbꜣ	w ɛ b ɑ
wbꜣyt	w ɛ b ɑ iː t
wdfj	w e tʼ f a
wdj	w ɛ d i
wdn	w ɛ d ɛ n
wdpw	w ɛ d p uː
wdḥw	w ɛ d ɛ h uː
wfj	w ɛ f i
wfꜣ	w a f
wgg	w ɛ ɡ ɛ ɡ
whj	w ɛ h i
wj	w i
wjn	w i n
wjꜣ	w i ɑ
wmt	w ɛ m ɛ t
wmwt	w ɛ m uː t
wn	w a n
wnb	w ɛ n ɛ b
wngbw	w ɛ n ɛ ɡ b uː
wnj	w iː n a
wnjs	w a n j a s
wnm	w aː n a m
wnmj	w ɛ n m i
wnmt	w ɛ n m ɛ t
wnmw	w ɛ n ɛ m uː
wnn	w a n a n
wnnt	w ɛ n ɛ n ɛ t
wnt	w ɛ n ɛ t
wnwn	w ɛ n uː n
wnwt	w V n aː j a ʔ
wnḏw	w ɛ n d͡ʒ uː
wnḏwt	w ɛ n ɛ d͡ʒ uː t
wnḫwj	w ɛ n ɛ x uː i
wpj	w ɛ p i
wprt	w ɛ p r ɛ t
wps	w ɛ p ɛ s
wpt	w ɛ p ɛ t
wpw	w ɛ p uː
wpwt	w a p w a
wpwtj	w a p w u t j V w
wr	w eː ɾ
wrm	w V ɾ a m
wrmt	w ɛ r m ɛ t
wrmtj	w ɛ r m ɛ t i
wrr	w a ɾ a ɾ
wrrt	w V ɾ i ɾ j V t
wrryt	w ɛ r ɛ r iː t
wrs	w ɛ r ɛ s
wrt	w eː ɾ ə
wrš	w ɛ r ɛ ʃ
wršy	w ɛ r ʃ iː
wrḏ	w ɛ r ɛ d͡ʒ
wrḥ	w ɛ r ɛ h
ws	w ɛ s
wsj	w iː s a
wsjr	w ɛ s i r
wsn	w ɛ s ɛ n
wspjsyns	w ɛ s p i s iː n ɛ s
wsr	w ɛ s ɛ r
wsrt	w a s ɾ a
wsrw	w ɛ s ɛ r uː
wst	w ɛ s ɛ t
wsḫ	w ɛ s ɛ x
wsḫt	w e s χ a
wsṯn	w a s c a n
wt	w ɛ t
wtḫ	w ɛ t ɛ x
wtṯ	w ɛ t ɛ t͡ʃ
wzf	w aː s a f
wzfw	w ɛ z ɛ f uː
wzš	w ɛ z ɛ ʃ
wš	w ɛ ʃ
wšb	w aː ʃ a b
wšd	w aː ʃ a tʼ
wšm	w ɛ ʃ ɛ m
wšn	w ɛ ʃ ɛ n
wšr	w ɛ ʃ ɛ r
wšš	w ɛ ʃ ɛ ʃ
wḏ	w ɛ d͡ʒ
wḏb	w aː cʼ a b
wḏj	w ɛ d͡ʒ i
wḏt	w ɛ d͡ʒ ɛ t
wḏyt	w ɛ d͡ʒ iː t
wḏꜣ	w a cʼ a ʀ
wḏꜣt	w ɛ d͡ʒ ɑ t
wḏꜥ	w aː cʼ a ʕ
wḥm	w ɛ h ɛ m
wḥmt	w ɛ h m ɛ t
wḥmyt	w ɛ h m iː t
wḥyt	w ɛ h iː t
wḥꜣ	w ɛ h ɑ
wḥꜣt	w a ħ i
wḥꜣtjw	w ɛ h ɑ t i uː
wḥꜥ	w ɛ h ɑː
wḫd	w ɛ x ɛ d
wḫdt	w ɛ x d ɛ t
wḫdw	w ɛ x ɛ d uː
wḫt	w a χ uː ʀ a t
wḫꜣ	w iː χ
wṯz	w ɛ t͡ʃ ɛ z
wꜣ	w a ʀ V w
wꜣb	w ɑ b
wꜣg	w ɑ ɡ
wꜣj	w ɑ i
wꜣjwrjy	w ɑ i uː r i ʔ iː
wꜣr	w ɑ r
wꜣrt	w ɑ r ɛ t
wꜣs	w ɑ s
wꜣsj	w ɑ s i
wꜣst	w ɑ s ɛ t
wꜣsꜣrkn	w ɑ s ɑ r k ɛ n
wꜣt	w ɑ t
wꜣw	w ɑ uː
wꜣwꜣt	w ɑ uː ɑ t
wꜣyšꜣtjsꜣpy	w ɑ iː ʃ ɑ t i s ɑ p iː
wꜣḏ	w aː ʀ a cʼ
wꜣḏt	w ɑ d͡ʒ ɛ t
wꜣḏw	w ɑ d͡ʒ uː
wꜣḥ	w aː ʀ a ħ
wꜣḥyt	w ɑ h iː t
wꜣḫj	w ɑ x i
wꜥ	w e ʕ i
wꜥb	w a ʕ a b
wꜥbt	w ɑː b ɛ t
wꜥbw	w ɑː b uː
wꜥf	w ɑː f
wꜥj	w i ʕ j i t
wꜥr	w ɑː r
wꜥrt	w ɑː r ɛ t
wꜥtj	w V ʕ t i j
wꜥw	w eː ʕ
wꜥḥ	w ɑː h
wꜥꜣ	w a ʕ
wꜥꜥw	w ɑː ʔ ɑː uː
yhwꜣ	iː h uː ɑ
ym	iː m
ypw	iː p uː
yrdwnꜣ	iː r d uː n ɑ
ysrjꜣr	iː s r i ɑ r
ywnj	iː uː n i
yḥ	iː h
yḥm	iː h ɛ m
yꜣ	iː ɑ
z	s eː w
zbj	z ɛ b i
zbn	z ɛ b ɛ n
zbṯ	s aː b a
zf	z ɛ f
zfn	z ɛ f ɛ n
zft	s eː f ə
zfṯ	s aː f a
zfṯyw	z ɛ f t͡ʃ iː uː
zj	z i
zjn	z i n
zjnw	s e j n
zkr	s aː k a
zmyt	z ɛ m iː t
zmꜣ	s a m a ʀ
zmꜣyt	z ɛ m ɑ iː t
zn	z ɛ n
znb	z ɛ n ɛ b
znbt	z ɛ n b ɛ t
znf	s V n a f
znj	s iː n a
znmwt	z ɛ n m uː t
znt	z ɛ n ɛ t
znḥm	s u n ħ uː m V w
zp	s a p
zpj	z ɛ p i
zpt	z ɛ p ɛ t
zpyt	z ɛ p iː t
zpꜣ	z ɛ p ɑ
zr	z ɛ r
zt	s u ʔ
zwn	z uː n
zwr	s aː j a j
zwt	z uː t
zy	z iː
zšj	z ɛ ʃ i
zšn	s aː ʃ a n
zšy	z ɛ ʃ iː
zššt	z ɛ ʃ ɛ ʃ ɛ t
zšꜣ	z ɛ ʃ ɑ
zḥ	z ɛ h
zḫj	z ɛ x i
zḫn	z ɛ x ɛ n
zḫz	z ɛ x ɛ z
zẖj	z ɛ ç i
zẖꜣ	s i ç i ʀ
zẖꜣw	s a ç i
zꜣ	s iː ʀ
zꜣb	s iː ʀ i b
zꜣt	s iː ʀ u ʔ
zꜣw	s u ʀ j V w
zꜣwtj	s V ʀ j a w t V j
zꜣy	z ɑ iː
zꜣṯ	z ɑ t͡ʃ
zꜣṯw	z ɑ t͡ʃ uː
š	ʃ ɛ
šbb	ʃ ɛ b ɛ b
šbn	ʃ ɛ b ɛ n
šbw	ʃ ɛ b uː
šdj	ʃ ɛ d i
šdw	ʃ ɛ d uː
šdšd	ʃ ɛ d ʃ ɛ d
šfd	ʃ ɛ f ɛ d
šfdw	ʃ ɛ f ɛ d uː
šfj	ʃ ɛ f i
šftw	ʃ ɛ f t uː
šfw	ʃ ɛ f uː
šfyt	ʃ ə f eː ʔ
šmj	ʃ e ʔ
šmm	ʃ ɛ m ɛ m
šmmt	ʃ ɛ m ɛ m ɛ t
šms	ʃ e m s
šmsw	ʃ ɛ m s uː
šmswt	ʃ ɛ m s uː t
šmt	ʃ ɛ m ɛ t
šmw	ʃ aː m a w
šmꜥ	ʃ ɛ m ɑː
šmꜥw	ʃ ɛ m ɑː uː
šmꜥyt	ʃ ɛ m ɑː iː t
šn	ʃ eː n
šnbt	ʃ ɛ n b ɛ t
šnft	j
šnj	ʃ iː n a
šns	ʃ ɛ n ɛ s
šntt	ʃ ɛ n t ɛ t
šnw	ʃ V n u w
šnwt	ʃ ɛ n uː t
šnḏwt	ʃ ɛ n d͡ʒ uː t
šnṯ	ʃ ɛ n ɛ t͡ʃ
šnꜥ	ʃ ɛ n ɑː
šnꜥtj	ʃ ɛ n ɑː t i
šnꜥw	ʃ ɛ n ɑː uː
šps	ʃ ɛ p ɛ s
špsj	ʃ e p s a
špss	ʃ ɛ p s ɛ s
špssw	ʃ ɛ p s ɛ s uː
špst	ʃ e p s a
špꜣ	ʃ ɛ p ɑ
šr	ʃ eː ɾ ə
šrr	ʃ a ɾ a ɾ
šrt	ʃ ɛ r ɛ t
šs	ʃ ɛ s
šsm	ʃ ɛ s ɛ m
šsp	ʃ ɛ s ɛ p
šsr	ʃ ɛ s ɛ r
šsꜣ	ʃ ɛ s ɑ
šsꜣw	ʃ ɛ s ɑ uː
št	ʃ e ʔ
štj	ʃ ɛ t i
štjw	ʃ ɛ t i uː
štw	ʃ ɛ t uː
štꜣ	ʃ ɛ t ɑ
štꜣw	ʃ ɛ t ɑ uː
šw	ʃ uː
šwj	ʃ uː i
šwt	ʃ uː t
šww	ʃ uː ʔ uː
šwꜣw	ʃ uː ɑ uː
šzp	ʃ aː p
šzpt	ʃ ɛ z p ɛ t
šzpw	ʃ ɛ z p uː
ššy	ʃ ɛ ʃ iː
šꜣ	ʃ ɑ
šꜣbw	ʃ ɑ b uː
šꜣbꜣkꜣ	ʃ ɑ b ɑ k ɑ
šꜣbꜣtꜣkꜣ	ʃ ɑ b ɑ t ɑ k ɑ
šꜣd	ʃ ɑ d
šꜣq	ʃ ɑ k
šꜣqb	ʃ ɑ k ɛ b
šꜣqw	ʃ ɑ k uː
šꜣrm	ʃ ɑ r ɛ m
šꜣrḥꜣnꜣ	ʃ ɑ r h ɑ n ɑ
šꜣs	ʃ ɑ s
šꜣsw	ʃ ɑ s uː
šꜣt	ʃ ɑ t
šꜣwꜣbtj	ʃ ɑ uː ɑ b t i
šꜣšꜣnq	ʃ ɑ ʃ ɑ n ɛ k
šꜣꜥ	ʃ a ʀ a ʕ
šꜥ	ʃ ɑː
šꜥd	ʃ ɑː d
šꜥt	ʃ eː ʕ a
šꜥwt	ʃ ɑː uː t
šꜥy	ʃ aː ʕ V j
ḏbt	cʼ aː b V t
ḏbꜣ	cʼ aː b a ʀ
ḏbꜣt	d͡ʒ ɛ b ɑ t
ḏbꜣw	d͡ʒ ɛ b ɑ uː
ḏbꜥ	cʼ a b a ʕ
ḏbꜥw	d͡ʒ ɛ b ɑː uː
ḏbꜥwt	d͡ʒ ɛ b ɑː uː t
ḏd	cʼ aː tʼ
ḏdb	d͡ʒ ɛ d ɛ b
ḏdft	d͡ʒ ɛ d f ɛ t
ḏdj	d͡ʒ ɛ d i
ḏdw	d͡ʒ ɛ d uː
ḏdꜣ	d͡ʒ ɛ d ɑ
ḏfd	d͡ʒ ɛ f ɛ d
ḏfḏ	d͡ʒ ɛ f ɛ d͡ʒ
ḏfꜣ	d͡ʒ ɛ f ɑ
ḏmꜥ	cʼ aː m i ʕ
ḏnb	d͡ʒ ɛ n ɛ b
ḏnd	d͡ʒ ɛ n ɛ d
ḏnjt	d͡ʒ ɛ n i t
ḏnnt	d͡ʒ ɛ n ɛ n ɛ t
ḏnḥ	cʼ uː n V ħ
ḏr	d͡ʒ ɛ r
ḏrj	d͡ʒ ɛ r i
ḏrt	cʼ aː ɾ a t
ḏrtj	d͡ʒ ɛ r t i
ḏrtjw	d͡ʒ ɛ r t i uː
ḏrw	d͡ʒ ɛ r uː
ḏryt	d͡ʒ ɛ r iː t
ḏrḏr	d͡ʒ ɛ r d͡ʒ ɛ r
ḏs	d͡ʒ ɛ s
ḏsr	d͡ʒ ɛ s ɛ r
ḏsrt	d͡ʒ ɛ s r ɛ t
ḏt	d͡ʒ ɛ t
ḏw	cʼ a w
ḏwj	d͡ʒ uː i
ḏwjw	d͡ʒ uː i uː
ḏws	d͡ʒ uː s
ḏwt	d͡ʒ uː t
ḏḥwtj	cʼ V ħ a w t i j
ḏḥwtt	cʼ V ħ a w t a t
ḏḥꜥ	d͡ʒ ɛ h ɑː
ḏꜣ	d͡ʒ ɑ
ḏꜣdw	d͡ʒ ɑ d uː
ḏꜣf	cʼ aː ʀ a f
ḏꜣhꜣ	d͡ʒ ɑ h ɑ
ḏꜣj	d͡ʒ ɑ i
ḏꜣjs	d͡ʒ ɑ i s
ḏꜣm	d͡ʒ ɑ m
ḏꜣr	d͡ʒ ɑ r
ḏꜣt	d͡ʒ ɑ t
ḏꜣtt	d͡ʒ ɑ t ɛ t
ḏꜣyt	d͡ʒ ɑ iː t
ḏꜣyw	d͡ʒ ɑ iː uː
ḏꜣḏꜣ	cʼ a ʀ cʼ a ʀ
ḏꜣḏꜣt	d͡ʒ ɑ d͡ʒ ɑ t
ḏꜣḏꜣw	d͡ʒ ɑ d͡ʒ ɑ uː
ḏꜥ	d͡ʒ ɑː
ḏꜥm	d͡ʒ ɑː m
ḏꜥnt	cʼ u ʕ n a t
ḏꜥr	d͡ʒ ɑː r
ḥbbt	h ɛ b ɛ b ɛ t
ḥbnnwt	h ɛ b n ɛ n uː t
ḥbs	h ɛ b ɛ s
ḥbsw	h ɛ b ɛ s uː
ḥbswt	h ɛ b s uː t
ḥbsyt	h ɛ b s iː t
ḥbw	h ɛ b uː
ḥbꜣbꜣ	h ɛ b ɑ b ɑ
ḥdb	h ɛ d ɛ b
ḥfn	h ɛ f ɛ n
ḥfꜣt	h ɛ f ɑ t
ḥfꜣw	h ɛ f ɑ uː
ḥjp	h i p
ḥjpt	h i p ɛ t
ḥjrꜣpw	h i r ɑ p uː
ḥkn	h ɛ k ɛ n
ḥknw	h ɛ k ɛ n uː
ḥkꜣ	h ɛ k ɑ
ḥm	h ɛ m
ḥmj	h ɛ m i
ḥmsj	h ɛ m ɛ s i
ḥmt	h ɛ m ɛ t
ḥmw	h ɛ m uː
ḥmwt	h ɛ m uː t
ḥmww	h ɛ m uː ʔ uː
ḥmy	h ɛ m iː
ḥmꜣt	h ɛ m ɑ t
ḥn	h ɛ n
ḥnj	h ɛ n i
ḥnk	h ɛ n ɛ k
ḥnkt	h ɛ n k ɛ t
ḥnkyt	h ɛ n k iː t
ḥnmmt	h ɛ n m ɛ m ɛ t
ḥnmnm	h ɛ n ɛ m n ɛ m
ḥnn	h ɛ n ɛ n
ḥnqt	h ɛ n k ɛ t
ḥns	h ɛ n ɛ s
ḥnt	h ɛ n ɛ t
ḥntj	h ɛ n t i
ḥntꜣsw	h ɛ n t ɑ s uː
ḥnw	h ɛ n uː
ḥnwt	h ɛ n uː t
ḥnzk	h ɛ n z ɛ k
ḥnzkt	h ɛ n z ɛ k ɛ t
ḥnꜥ	h ɛ n ɑː
ḥnꜥj	h ɛ n ɑː i
ḥnꜥw	h ɛ n ɑː uː
ḥp	h ɛ p
ḥpt	h ɛ p ɛ t
ḥpy	h ɛ p iː
ḥqr	h ɛ k ɛ r
ḥqt	h ɛ k ɛ t
ḥqꜣ	h ɛ k ɑ
ḥqꜣt	h ɛ k ɑ t
ḥr	h ɛ r
ḥrj	h ɛ r i
ḥrrt	h ɛ r ɛ r ɛ t
ḥrt	h ɛ r ɛ t
ḥrtj	h ɛ r t i
ḥs	h ɛ s
ḥsb	h ɛ s ɛ b
ḥsbwt	h ɛ s b uː t
ḥsj	h ɛ s i
ḥsq	h ɛ s ɛ k
ḥtj	h ɛ t i
ḥtm	h ɛ t ɛ m
ḥtp	h o t ɛ p
ḥtpt	h ɛ t ɛ p ɛ t
ḥtpw	h ɛ t ɛ p uː
ḥtpwt	h ɛ t ɛ p uː t
ḥtrj	h ɛ t r i
ḥtrw	h ɛ t ɛ r uː
ḥts	h ɛ t ɛ s
ḥtt	h ɛ t ɛ t
ḥtyt	h ɛ t iː t
ḥw	h uː
ḥwj	h uː i
ḥwn	h uː n
ḥwnj	h uː n i
ḥwnt	h uː n ɛ t
ḥwrw	h uː r uː
ḥwrwnꜣ	h uː r uː n ɑ
ḥwt	h uː t
ḥww	h uː ʔ uː
ḥwḏꜣr	h uː d͡ʒ ɑ r
ḥwꜣ	h uː ɑ
ḥwꜣꜣt	h uː ɑ ʔ ɑ t
ḥwꜥ	h uː ɑː
ḥzj	h ɛ z i
ḥzmn	h ɛ z m ɛ n
ḥzp	h ɛ z ɛ p
ḥzt	h ɛ z ɛ t
ḥzy	h ɛ z iː
ḥzꜣ	h ɛ z ɑ
ḥzꜣt	h ɛ z ɑ t
ḥḏ	h ɛ d͡ʒ
ḥḏj	h ɛ d͡ʒ i
ḥḏt	h ɛ d͡ʒ ɛ t
ḥḏw	h ɛ d͡ʒ uː
ḥḥ	h ɛ h
ḥḥj	h ɛ h i
ḥḥw	h ɛ h uː
ḥṯṯt	h ɛ t͡ʃ ɛ t͡ʃ ɛ t
ḥꜣ	h ɑ
ḥꜣb	h ɑ b
ḥꜣbj	h ɑ b i
ḥꜣj	h ɑ i
ḥꜣm	h ɑ m
ḥꜣp	h ɑ p
ḥꜣq	h ɑ k
ḥꜣt	h ɑ t
ḥꜣtj	h ɑ t i
ḥꜣtt	h ɑ t ɛ t
ḥꜣw	h ɑ uː
ḥꜣyt	h ɑ iː t
ḥꜣḥꜣ	h ɑ h ɑ
ḥꜥb	h ɑː b
ḥꜥj	h ɑː i
ḥꜥpj	h ɑː p i
ḥꜥt	h ɑː t
ḥꜥw	h ɑː uː
ḥꜥḏꜣ	h ɑː d͡ʒ ɑ
ḥꜥꜥwt	h ɑː ʔ ɑː uː t
ḫ	x ɛ
ḫbj	x ɛ b i
ḫbs	x ɛ b ɛ s
ḫbzt	x ɛ b z ɛ t
ḫbzwt	x ɛ b z uː t
ḫbꜣ	x ɛ b ɑ
ḫdj	x ɛ d i
ḫft	x ɛ f ɛ t
ḫftj	x ɛ f t i
ḫftt	x ɛ f ɛ t ɛ t
ḫftw	x ɛ f ɛ t uː
ḫfꜣ	x ɛ f ɑ
ḫfꜣj	x ɛ f ɑ i
ḫfꜣt	x ɛ f ɑ t
ḫfꜣꜣt	x ɛ f ɑ ʔ ɑ t
ḫfꜥ	x ɛ f ɑː
ḫm	x ɛ m
ḫmnjw	x ɛ m n i uː
ḫmnnw	x ɛ m ɛ n n uː
ḫmnw	x ɛ m ɛ n uː
ḫmnyw	x ɛ m ɛ n iː uː
ḫmt	x ɛ m ɛ t
ḫmtnw	x ɛ m ɛ t n uː
ḫmtw	x ɛ m ɛ t uː
ḫmw	x ɛ m uː
ḫmꜥt	x ɛ m ɑː t
ḫn	x ɛ n
ḫnd	x ɛ n ɛ d
ḫndw	x ɛ n d uː
ḫnfw	x ɛ n ɛ f uː
ḫnj	x ɛ n i
ḫnm	x ɛ n ɛ m
ḫnms	x ɛ n m ɛ s
ḫnmt	x ɛ n m ɛ t
ḫnmw	x ɛ n ɛ m uː
ḫnp	x ɛ n ɛ p
ḫnr	x ɛ n ɛ r
ḫnrt	x ɛ n r ɛ t
ḫnrtt	x ɛ n r ɛ t ɛ t
ḫnsw	x ɛ n s uː
ḫnt	x ɛ n ɛ t
ḫntj	x ɛ n t i
ḫntw	x ɛ n ɛ t uː
ḫntyt	x ɛ n t iː t
ḫntš	x ɛ n t ɛ ʃ
ḫnws	x ɛ n uː s
ḫnz	x ɛ n ɛ z
ḫpd	x ɛ p ɛ d
ḫpdwj	x ɛ p d uː i
ḫpj	x ɛ p i
ḫpp	x ɛ p ɛ p
ḫpr	x ɛ p ɛ r
ḫprj	x ɛ p r i
ḫprr	x ɛ p r ɛ r
ḫprw	x ɛ p ɛ r uː
ḫprš	x ɛ p r ɛ ʃ
ḫpš	x ɛ p ɛ ʃ
ḫr	x ɛ r
ḫrj	x ɛ r i
ḫrp	x ɛ r ɛ p
ḫrpw	x ɛ r p uː
ḫrs	x ɛ r ɛ s
ḫrt	x ɛ r ɛ t
ḫrw	x ɛ r uː
ḫrwy	x ɛ r uː iː
ḫrwyw	x ɛ r uː iː uː
ḫryt	x ɛ r iː t
ḫsbd	x ɛ s b ɛ d
ḫsbḏ	x ɛ s b ɛ d͡ʒ
ḫsf	x ɛ s ɛ f
ḫsfj	x ɛ s ɛ f i
ḫsr	x ɛ s ɛ r
ḫt	x ɛ t
ḫtj	x ɛ t i
ḫtm	x ɛ t ɛ m
ḫtḫt	x ɛ t x ɛ t
ḫtꜣ	x ɛ t ɑ
ḫw	x uː
ḫwd	x uː d
ḫwj	x uː i
ḫww	x uː ʔ uː
ḫwzj	x uː z i
ḫšꜣyꜣrwšꜣ	x ɛ ʃ ɑ iː ɑ r uː ʃ ɑ
ḫḫ	x ɛ x
ḫꜣ	x ɑ
ḫꜣb	x ɑ b
ḫꜣbwsꜣ	x ɑ b uː s ɑ
ḫꜣbꜣbꜣšꜣ	x ɑ b ɑ b ɑ ʃ ɑ
ḫꜣj	x ɑ i
ḫꜣjw	x ɑ i uː
ḫꜣm	x ɑ m
ḫꜣrw	x ɑ r uː
ḫꜣst	x ɑ s ɛ t
ḫꜣstjw	x ɑ s t i uː
ḫꜣt	x ɑ t
ḫꜣtb	x ɑ t ɛ b
ḫꜣwj	x ɑ uː i
ḫꜣwt	x ɑ uː t
ḫꜣy	x ɑ iː
ḫꜣyt	x ɑ iː t
ḫꜣz	x ɑ z
ḫꜣḫ	x ɑ x
ḫꜣḫꜣ	x ɑ x ɑ
ḫꜣꜥ	x ɑ ʔ ɑː
ḫꜥj	x ɑː i
ḫꜥw	x ɑː uː
ṯb	t͡ʃ ɛ b
ṯbwt	t͡ʃ ɛ b uː t
ṯm	t͡ʃ ɛ m
ṯms	t͡ʃ ɛ m ɛ s
ṯmt	t͡ʃ ɛ m ɛ t
ṯmḥ	t͡ʃ ɛ m ɛ h
ṯmꜣ	t͡ʃ ɛ m ɑ
ṯn	t͡ʃ ɛ n
ṯnj	c aː n a j
ṯnm	t͡ʃ ɛ n ɛ m
ṯnw	t͡ʃ ɛ n uː
ṯnwt	t͡ʃ ɛ n uː t
ṯnḥr	t͡ʃ ɛ n h ɛ r
ṯnṯꜣt	t͡ʃ ɛ n t͡ʃ ɑ t
ṯpḥt	t͡ʃ ɛ p h ɛ t
ṯrm	c aː ɾ a m
ṯrp	t͡ʃ ɛ r ɛ p
ṯrt	c aː ɾ a t
ṯw	t͡ʃ uː
ṯwfj	t͡ʃ a w f
ṯwn	t͡ʃ uː n
ṯwpꜣjr	c uː p a ɾ
ṯwt	t͡ʃ uː t
ṯz	t͡ʃ ɛ z
ṯzj	c iː z i t
ṯzm	t͡ʃ ɛ z ɛ m
ṯzt	t͡ʃ ɛ z ɛ t
ṯztj	t͡ʃ ɛ z t i
ṯš	t͡ʃ ɛ ʃ
ṯḥn	t͡ʃ ɛ h ɛ n
ṯḥnt	t͡ʃ ɛ h n ɛ t
ṯḥnw	t͡ʃ ɛ h ɛ n uː
ṯḥw	t͡ʃ ɛ h uː
ṯꜣ	t͡ʃ ɑ
ṯꜣj	c i ʀ j i t
ṯꜣm	t͡ʃ ɑ m
ṯꜣr	t͡ʃ ɑ r
ṯꜣtj	t͡ʃ ɑ t i
ṯꜣtt	t͡ʃ ɑ t ɛ t
ṯꜣw	c i ʀ w i t
ṯꜣy	t͡ʃ ɑ iː
ẖdb	ç aː tʼ a b
ẖkr	ç ɛ k ɛ r
ẖkrw	ç ɛ k ɛ r uː
ẖn	ç ɛ n
ẖnj	ç ɛ n i
ẖnm	ç ɛ n ɛ m
ẖnmt	ç a n m V ʔ
ẖnmw	ç V n aː m V w
ẖnn	ç ɛ n ɛ n
ẖnnw	ç ɛ n ɛ n uː
ẖntj	ç ɛ n t i
ẖnw	ç aː n a w
ẖnyt	ç ɛ n iː t
ẖpꜣ	ç u p l V w
ẖpꜣw	ç ɛ p ɑ uː
ẖr	ç u ɾ
ẖrd	ç a ɾ a tʼ
ẖrdw	ç ɛ r ɛ d uː
ẖrj	ç u ɾ i j
ẖrt	ç u ɾ i t
ẖrw	ç ɛ r uː
ẖrwj	ç ɛ r uː i
ẖt	ç eː j ə
ẖz	ç ɛ z
ẖzj	ç iː s a
ẖꜣk	ç ɑ k
ẖꜣr	ç ɑ r
ẖꜣrt	ç ɑ r ɛ t
ẖꜣt	ç ɑ t
ẖꜣyt	ç ɑ iː t
ẖꜥm	ç ɑː m
ẖꜥq	ç ɑː k
ꜣ	ɑ
ꜣb	ɑ b
ꜣbb	ɑ b ɛ b
ꜣbd	ɑ b ɛ d
ꜣbj	ɑ b i
ꜣbnjnj	ɑ b n i n i
ꜣbnn	ɑ b n ɛ n
ꜣbt	ɑ b ɛ t
ꜣbw	j eː β
ꜣbwt	ɑ b uː t
ꜣby	ɑ b iː
ꜣbyt	ɑ b iː t
ꜣbḏw	ɑ b ɛ d͡ʒ uː
ꜣbḫ	ɑ b ɛ x
ꜣbḫt	ɑ b x ɛ t
ꜣbꜣb	ɑ b ɑ b
ꜣd	ɑ d
ꜣdt	ɑ d ɛ t
ꜣdw	ɑ d uː
ꜣf	ɑ f
ꜣfj	ɑ f i
ꜣfjw	ɑ f i uː
ꜣfr	ɑ f ɛ r
ꜣfꜣf	ɑ f ɑ f
ꜣfꜥ	ɑ f ɑː
ꜣgbj	ɑ ɡ b i
ꜣhd	ɑ h ɛ d
ꜣhmt	ɑ h m ɛ t
ꜣhw	ɑ h uː
ꜣj	ɑ i
ꜣjs	ɑ i s
ꜣjwj	ɑ i uː i
ꜣk	ɑ k
ꜣkr	ɑ k ɛ r
ꜣkwt	ɑ k uː t
ꜣm	ɑ m
ꜣmj	ɑ m i
ꜣmm	ɑ m ɛ m
ꜣmmt	ɑ m ɛ m ɛ t
ꜣmmw	ɑ m ɛ m uː
ꜣms	ɑ m ɛ s
ꜣmw	ɑ m uː
ꜣmwt	ɑ m uː t
ꜣmꜥ	ɑ m ɑː
ꜣmꜥt	ɑ m ɑː t
ꜣpd	ɑ p ɛ d
ꜣpdwt	ɑ p d uː t
ꜣpḥ	ɑ p ɛ h
ꜣpꜣrwywsꜣ	ɑ p ɑ r uː iː uː s ɑ
ꜣq	ɑ k
ꜣqw	ɑ k uː
ꜣqyt	ɑ k iː t
ꜣqḥw	ɑ k ɛ h uː
ꜣr	ɑ r
ꜣrr	ɑ r ɛ r
ꜣrwksjndrs	ɑ r uː k s i n ɛ d r ɛ s
ꜣrwkt	ɑ r uː k ɛ t
ꜣrwtꜣḫšꜣšꜣs	ɑ r uː t ɑ x ʃ ɑ ʃ ɑ s
ꜣryt	ɑ r iː t
ꜣs	ɑ s
ꜣsbyw	ɑ s b iː uː
ꜣst	ɑ s ɛ t
ꜣsḫ	ɑ s ɛ x
ꜣt	ɑ t
ꜣtf	ɑ t ɛ f
ꜣtjwt	ɑ t i uː t
ꜣtp	ɑ t ɛ p
ꜣtpwt	ɑ t p uː t
ꜣtyt	ɑ t iː t
ꜣw	ɑ uː
ꜣwj	ɑ uː i
ꜣwr	ɑ uː r
ꜣwsw	ɑ uː s uː
ꜣwt	ɑ uː t
ꜣwtqrtr	ɑ uː t ɛ k r ɛ t ɛ r
ꜣwšꜣ	ɑ uː ʃ ɑ
ꜣwšꜣmm	ɑ uː ʃ ɑ m ɛ m
ꜣwḥ	ɑ uː h
ꜣwḫ	ɑ uː x
ꜣyt	ɑ iː t
ꜣz	ɑ z
ꜣzb	ɑ z ɛ b
ꜣzḫ	ɑ z ɛ x
ꜣš	ɑ ʃ
ꜣšr	ɑ ʃ ɛ r
ꜣšrt	ɑ ʃ r ɛ t
ꜣḥ	ɑ h
ꜣḥt	j aː ħ a
ꜣḫ	ɑ x
ꜣḫf	ɑ x ɛ f
ꜣḫfḫf	ɑ x ɛ f x ɛ f
ꜣḫt	ɑ x ɛ t
ꜣḫtj	ɑ x t i
ꜣḫw	ɑ x uː
ꜣḫyt	ɑ x iː t
ꜣḫꜣḫ	ɑ x ɑ x
ꜣṯj	ɑ t͡ʃ i
ꜣṯp	ɑ t͡ʃ ɛ p
ꜣṯpw	ɑ t͡ʃ ɛ p uː
ꜣṯt	ɑ t͡ʃ ɛ t
ꜣṯwt	ɑ t͡ʃ uː t
ꜣṯyt	ɑ t͡ʃ iː t
ꜣẖꜥ	ɑ ç ɑː
ꜣẖꜥt	ɑ ç ɑː t
ꜣꜣ	ɑ ʔ ɑ
ꜣꜣt	ɑ ʔ ɑ t
ꜣꜣtꜣ	ɑ ʔ ɑ t ɑ
ꜣꜥ	ɑ ʔ ɑː
ꜣꜥbt	ɑ ʔ ɑː b ɛ t
ꜣꜥfj	ɑ ʔ ɑː f i
ꜣꜥw	ɑ ʔ ɑː uː
ꜣꜥz	ɑ ʔ ɑː z
ꜣꜥꜥ	ɑ ʔ ɑː ʔ ɑː
ꜣꜥꜥbw	ɑ ʔ ɑː ɑː b uː
ꜣꜥꜥnj	ɑ ʔ ɑː ɑː n i
ꜣꜥꜥt	ɑ ʔ ɑː ɑː t
ꜣꜥꜥw	ɑ ʔ ɑː ɑː uː
ꜣꜥꜥwj	ɑ ʔ ɑː ɑː uː i
ꜥ	d uː j
ꜥb	ɑː b
ꜥbj	ɑː b i
ꜥbnḫ	ɑː b n ɛ x
ꜥbw	ɑː b uː
ꜥbḫn	ɑː b x ɛ n
ꜥbꜣ	ɑː b ɑ
ꜥbꜥb	ɑː b ɑː b
ꜥf	ɑː f
ꜥff	ɑː f ɛ f
ꜥftj	ɑː f t i
ꜥfḏt	ɑː f d͡ʒ ɛ t
ꜥfꜣy	ɑː f ɑ iː
ꜥgt	ɑː ɡ ɛ t
ꜥkꜣ	ɑː k ɑ
ꜥm	ɑː m
ꜥmm	ɑː m ɛ m
ꜥmr	ɑː m ɛ r
ꜥmḏ	ɑː m ɛ d͡ʒ
ꜥmꜥm	ɑː m ɑː m
ꜥmꜥt	ɑː m ɑː t
ꜥmꜥꜣ	ɑː m ɑː ʔ ɑ
ꜥmꜥꜣt	ɑː m ɑː ʔ ɑ ɛ t
ꜥn	ɑː n
ꜥnb	ɑː n ɛ b
ꜥnj	ɑː n i
ꜥnn	ɑː n ɛ n
ꜥnq	ɑː n ɛ k
ꜥnqt	ɑː n k ɛ t
ꜥnt	ɑː n ɛ t
ꜥntj	ɑː n t i
ꜥntjt	ɑː n t i t
ꜥntjw	ɑː n t i uː
ꜥnḏ	ɑː n ɛ d͡ʒ
ꜥnḏw	ɑː n d͡ʒ uː
ꜥnḫ	ɑː n x
ꜥnḫwj	ɑː n x uː i
ꜥnꜥn	ɑː n ɑː n
ꜥpj	ɑː p i
ꜥpr	ɑː p ɛ r
ꜥpšꜣy	ɑː p ʃ ɑ iː
ꜥq	ɑː k
ꜥqw	ɑː k uː
ꜥqy	ɑː k iː
ꜥqyt	ɑː k iː t
ꜥqꜣ	ɑː k ɑ
ꜥr	ɑː r
ꜥrf	ɑː r ɛ f
ꜥrq	ɑː r ɛ k
ꜥrqy	ɑː r k iː
ꜥrrwt	ɑː r ɛ r uː t
ꜥrt	ɑː r ɛ t
ꜥrw	ɑː r uː
ꜥrꜥr	ɑː r ɑː r
ꜥsṯjrṯt	ɑː s t͡ʃ i r t͡ʃ ɛ t
ꜥsṯrdt	ɑː s t͡ʃ ɛ r d ɛ t
ꜥsṯrt	ɑː s t͡ʃ ɛ r ɛ t
ꜥsṯt	ɑː s t͡ʃ ɛ t
ꜥt	ɑː t
ꜥtḫ	ɑː t ɛ x
ꜥwt	ɑː uː t
ꜥwꜣ	ɑː uː ɑ
ꜥwꜣj	ɑː uː ɑ i
ꜥwꜣy	ɑː uː ɑ iː
ꜥš	ɑː ʃ
ꜥšj	ɑː ʃ i
ꜥšm	ɑː ʃ ɛ m
ꜥšꜣ	ɑː ʃ ɑ
ꜥšꜣt	ɑː ʃ ɑ t
ꜥḏ	ɑː d͡ʒ
ꜥḏt	ɑː d͡ʒ ɛ t
ꜥḥ	ɑː h
ꜥḥꜣ	ɑː h ɑ
ꜥḥꜣw	ɑː h ɑ uː
ꜥḥꜣwtj	ɑː h ɑ uː t i
ꜥḥꜥ	ɑː h ɑː
ꜥḥꜥw	j a ħ j a w
ꜥḫj	ɑː x i
ꜥḫm	ɑː x ɛ m
ꜥḫḫw	ɑː x ɛ x uː
ꜥẖj	ɑː ç i
ꜥẖm	ɑː ç ɛ m
ꜥꜣ	j aː ʕ a ʀ
ꜥꜣb	ɑː ʔ ɑ b
ꜥꜣbt	ɑː ʔ ɑ b ɛ t
ꜥꜣdt	ɑː ʔ ɑ d ɛ t
ꜥꜣg	ɑː ʔ ɑ ɡ
ꜥꜣj	ɑː ʔ ɑ i
ꜥꜣm	ɑː ʔ ɑ m
ꜥꜣmt	ɑː ʔ ɑ m ɛ t
ꜥꜣnbpꜣjr	ɑː ʔ ɑ n ɛ b p ɑ i r
ꜥꜣp	ɑː ʔ ɑ p
ꜥꜣpp	ɑː ʔ ɑ p ɛ p
ꜥꜣrwnꜣ	ɑː ʔ ɑ r uː n ɑ
ꜥꜣsjty	ɑː ʔ ɑ s i t iː
ꜥꜣstjr	ɑː ʔ ɑ s t i r
ꜥꜣt	ɑː ʔ ɑ t
ꜥꜣw	ɑː ʔ ɑ uː
ꜥꜣꜥ	ɑː ʔ ɑ ʔ ɑː
ꜥꜣꜥy	ɑː ʔ ɑ ɑː iː
ꜥꜥ	ɑː ʔ ɑː
ꜥꜥb	ɑː ʔ ɑː b
ꜥꜥfs	ɑː ʔ ɑː f ɛ s
ꜥꜥft	ɑː ʔ ɑː f ɛ t
ꜥꜥj	ɑː ʔ ɑː i
ꜥꜥjw	ɑː ʔ ɑː i uː
ꜥꜥt	ɑː ʔ ɑː t
ꜥꜥw	ɑː ʔ ɑː uː
ꜥꜥꜣm	ɑː ʔ ɑː ɑ m
