ཀ	* k a
ཀ་ཀ་ནི	* k a k a n i
ཀ་ཀ་རང	* k a k a r a ŋ
ཀ་ཀོ་ལ	* k a k o l a
ཀ་ཁུ་བྷ་ཡ	* k a kʰ u p h a j a
ཀ་གཉིས་པ	* k a g ȵ i s p a
ཀ་ཏ་མན་ཏུ	k a ˥˥ t a ˥˥ m ɛ̃ ˩˨ t u ˥˥
ཀ་པ་ལ	* k a p a l a
ཀ་བ	* k a b a
ཀ་འཁོར་བ	* k aᵑ kʰ o r b a
ཀ་ར	* k a r a
ཀ་རུ	* k a r u
ཀ་ལག	* k a l a k
ཀ་ཤི་མིར	* k a ɕ i m i r
ཀན་མ	* k a n m a
ཀིའུ	k i u ˥˥
ཀུ་མུད	* k u m u t
ཀུ་ལིག	* k u l i k
ཀུན	* k u n
ཀུན་སྤྱོད	* k u n s pʲ o t
ཀུམ་བི་ར	* k u m b i r a
ཀེ་ར	* k e r a
ཀོག	* k o k
ཀོག་གིས	* k o k ɡ i s
ཀོག་ཤི	* k o k ɕ i
ཀྱལ་ཀ	* kʲ a l k a
ཀྱི	* kʲ i
ཀྲམ	* k r a m
ཀྲམ་སྐྱུར	* k r a m s kʲ u r
ཀྲུང་གོ	ʈ͡ʂ u ŋ ˥˥ k o ˥˥
ཀྲུམས	* k r u m s
ཀྲུའུ་ཞི	ʈ͡ʂ u ˥˥ ɕ i ˥˥
ཀྲོ་མ་ཀྲུ	ʈ͡ʂ u ˥˥ m aː ˥˥ ʈ͡ʂ uˑ
ཀླད	* k l a t
ཀླད་ཀོར	* k l a t k o r
ཀླད་པ	* k l a t p a
ཀླུང	* k l u ŋ
ཀླུང་མ	* k l u ŋ m a
ཀློག	* k l o k
ཁ	* kʰ a
ཁ་ཆེ	* kʰ a t͡ɕʰ e
ཁ་ཆེའི་ཆོས་ཁང	kʰ aˑ t͡ɕʰ ɛːˑ ʔ iˑ t͡ɕʰ øːˑ kʰ a ŋˑ
ཁ་པར	kʰ a ˥˥ p aː ˥˥
ཁ་བཏགས	* kʰ a p t a k s
ཁ་བྱང	* kʰ a bʲ a ŋ
ཁ་འདབ	* kʰ aⁿ d a p
ཁ་ལག	* kʰ a l a k
ཁ་ལོ་བ	* kʰ a l o b a
ཁ་སང	* kʰ a s a ŋ
ཁང	* kʰ a ŋ
ཁང་པ	* kʰ a ŋ p a
ཁངས	* kʰ a ŋ s
ཁབ	* kʰ a p
ཁམ་བུ	* kʰ a m b u
ཁམས	* kʰ a m s
ཁར	* kʰ a r
ཁུ་ནག	* kʰ u n a k
ཁུག	* kʰ u k
ཁུག་སྣ	* kʰ u k z n a
ཁུལ	* kʰ u l
ཁོ	* kʰ o
ཁོག་པ	* kʰ o k p a
ཁོག་ལྡིར	* kʰ o k l d i r
ཁོང	* kʰ o ŋ
ཁོལ	* kʰ o l
ཁོལ་པོ	* kʰ o l p o
ཁོལ་མོ	* kʰ o l m o
ཁྭ	* kʰʷ a
ཁྱགས་དཔྱངས	* kʰʲ a k s t pʲ a ŋ s
ཁྱི	* kʰʲ i
ཁྱིམ	* kʰʲ i m
ཁྱིམ་ཚང	* kʰʲ i m t͡sʰ a ŋ
ཁྱིམ་རྒྱུད	* kʰʲ i m r ɡʲ u t
ཁྱུང	* kʰʲ u ŋ
ཁྱེད་རང	* kʰʲ e t r a ŋ
ཁྲག	* kʰ r a k
ཁྲག་ཁྲིག	* kʰ r a k kʰ r i k
ཁྲག་ཁྲིག་ཆེན་པོ	* kʰ r a k kʰ r i k t͡ɕʰ e n p o
ཁྲི	* kʰ r i
ཁྲིད	* kʰ r i t
ཁྲིམ་དཔོན	* kʰ r i m t p o n
ཁྲུས	* kʰ r u s
ཁྲུས་ཁང	* kʰ r u s kʰ a ŋ
ཁྲུས་ཆུ	* kʰ r u s t͡ɕʰ u
ཁྲེ	* kʰ r e
ཁྲེན་ཏུ	ʈ͡ʂʰ ẽ ˥˥ t u ˥˥
ཁྲེལ་ཡོད་པ	* kʰ r e l j o t p a
ཁྲོམ	* kʰ r o m
ཁྲོམ་ར	* kʰ r o m r a
ག	* ɡ a
ག་པར	* ɡ a p a r
ག་བུར	* ɡ a b u r
ག་ཚོད	* ɡ a t͡sʰ o t
ག་རེ	* ɡ a r e
ག་རེ་བྱས་ནས	* ɡ a r e bʲ a s n a s
གང	* ɡ a ŋ
གང་བྱུང	* ɡ a ŋ bʲ u ŋ
གང་འདྲ	* ɡ a ŋⁿ d r a
གང་ཡིན་ཟེར་ན	* ɡ a ŋ j i n z e r n a
གངས	* ɡ a ŋ s
གངས་ཆེན	* ɡ a ŋ s t͡ɕʰ e n
གངས་རི	* ɡ a ŋ s r i
གངས་རིན་པོ་ཆེ	* ɡ a ŋ s r i n p o t͡ɕʰ e
གངས་སེང་གེ	* ɡ a ŋ s s e ŋ ɡ e
གཅིག	* k t͡ɕ i k
གཅོད	* k t͡ɕ o t
གཉིས	* g ȵ i s
གཉིས་པ	* g ȵ i s p a
གཏམ	* k t a m
གཏམ་བཟང	* k t a m b z a ŋ
གཏམས	* k t a m s
གཏུམ	* k t u m
གཏོང	* k t o ŋ
གཏོར	* k t o r
གཏོར་མ	* k t o r m a
གད་ཉིག	* ɡ a t ȵ i k
གདན	* g d a n
གདུགས	* g d u k s
གདོན་འདྲེ	* g d o nⁿ d r e
གནང	* g n a ŋ
གནམ	* g n a m
གནམ་གང	* g n a m ɡ a ŋ
གནམ་གཤིས	* g n a m k ɕ i s
གནམ་གྲུ	n ə m ˥˥ ʈ͡ʂ u ˥˥
གནམ་མཚོ	* g n a m m t͡sʰ o
གནས	* g n a s
གནས་ཚུལ	* g n a s t͡sʰ u l
གནས་སྟངས	* g n a s s t a ŋ s
གཙང	* k t͡s a ŋ
གཙང་མ	* k t͡s a ŋ m a
གཙོ	* k t͡s o
གཙོ་བོ	* k t͡s o b o
གཞས	* g ʑ a s
གཞས་ཚིག	* g ʑ a s t͡sʰ i k
གཞི	* g ʑ i
གཞིས་ཀ	* g ʑ i s k a
གཞིས་ཀ་རྩེ	* g ʑ i s k a r t͡s e
གཞུ	* g ʑ u
གཞུག་གུ	* g ʑ u k ɡ u
གཞུང	* g ʑ u ŋ
གཞོང	* g ʑ o ŋ
གཞོང་ཀོར	* g ʑ o ŋ k o r
གཞོང་གུང	* g ʑ o ŋ ɡ u ŋ
གཞོང་དབྱིབས་ས་ཁུལ	* g ʑ o ŋ d bʲ i p s s a kʰ u l
གཞོང་པ	* g ʑ o ŋ p a
གཞོང་བུ	* g ʑ o ŋ b u
གཞོང་ཞུང	* g ʑ o ŋ ʑ u ŋ
གཞོང་སྒོར	* g ʑ o ŋ z ɡ o r
གཟའ	* g z a
གཟའ་ཉི་མ	* g z a ȵ i m a
གཟའ་པ་སངས	* g z a p a s a ŋ s
གཟའ་ཕུར་བུ	* g z a pʰ u r b u
གཟའ་མིག་དམར	* g z a m i k d m a r
གཟའ་ཟླ་བ	* g z a z l a b a
གཟའ་འཁོར	* g z a ɣᵑ kʰ o r
གཟའ་ལྷག་པ	* g z a l̥ a k p a
གཟའ་སྤེན་པ	* g z a s p e n p a
གཟི	* g z i
གཟིག	* g z i k
གཟིགས	* g z i k s
གཟིམ	* g z i m
གཟུགས་པོ	* g z u k s p o
གཡག	* ɡ j a k
གཡས་ཕྱོགས	* ɡ j a s pʰʲ o k s
གཡིས	* ɡ j i s
གཡུ	* ɡ j u
གཡུ་ཁ	* ɡ j u kʰ a
གཡུ་མདོག	* ɡ j u m d o k
གཡུ་མཚོ	* ɡ j u m t͡sʰ o
གཡུ་འབྲུག	* ɡ j uᵐ b r u k
གཡུ་ལོ	* ɡ j u l o
གཡེར་མ	* ɡ j e r m a
གཡོན་ཕྱོགས	* ɡ j o n pʰʲ o k s
གལ་ཆེན་པོ	* ɡ a l t͡ɕʰ e n p o
གཤིན་རྒྱལ	* k ɕ i n r ɡʲ a l
གཤིས	* k ɕ i s
གཤིས་ཀ	* k ɕ i s k a
གཤེན	* k ɕ e n
གསང་སྤྱོད	* k s a ŋ s pʲ o t
གསའ	* k s a
གསའ་གཟིག	s a ˥˥ s i k̚ˀ ˥˨
གསར་པ	* k s a r p a
གསར་འགྱུར	* k s a rᵑ ɡʲ u r
གསལ་བཤད	* k s a l p ɕ a t
གསུང	* k s u ŋ
གསུང་བཤད	* k s u ŋ p ɕ a t
གསུང་འཕྲིན	* k s u ŋᵐ pʰ r i n
གསུམ	* k s u m
གསུམ་པ	* k s u m p a
གསེར	* k s e r
གསེར་དཀར་པོ	s eː ɹ ˥˥ k aː ɹ ˥˥ p oˑ
གསོད	* k s o t
གསོན	* k s o n
གསོན་པོ	* k s o n p o
གསོལ་དཀྲུམ	* k s o l t k r u m
གི	* ɡ i
གི་གུ	* ɡ i ɡ u
གུང་ཁྲན་ཏང	kʰ u ŋ ˩˨ ʈ͡ʂʰ ɛ̃ ˥˥ t a ŋ ˥˨
གུང་ཁྲན་རིང་ལུགས	kʰ u ŋ ˩˨ ʈ͡ʂʰ ɛ̃ ˥˥ ʐ i ŋ ˩˨ l u ˥˨
གུར་གུམ	* ɡ u r ɡ u m
གུས	* ɡ u s
གུས་ཚུལ	* ɡ u s t͡sʰ u l
གོ	* ɡ o
གོ་ཐལ	* ɡ o tʰ a l
གོ་རྟོགས	* ɡ o r t o k s
གོ་སྐབས	* ɡ o s k a p s
གོག	* ɡ o k
གོང	* ɡ o ŋ
གོང་ལ	* ɡ o ŋ l a
གོན	* ɡ o n
གོམ་པ་རྒྱག	* ɡ o m p a r ɡʲ a k
གྱི	* ɡʲ i
གྱོན	* ɡʲ o n
གྲང་མོ	* ɡ r a ŋ m o
གྲངས	* ɡ r a ŋ s
གྲི	* ɡ r i
གྲི་རྩལ	* ɡ r i r t͡s a l
གྲི་ལག	* ɡ r i l a k
གྲུ	* ɡ r u
གྲུ་གཟིངས	* ɡ r u g z i ŋ s
གྲུ་གསུམ	ʈ͡ʂʰ u k̚ˀ ˩˨ s u m ˥˥
གྲུ་བཞི	* ɡ r u b ʑ i
གྲེ་མོ	* ɡ r e m o
གྲོག་མ	* ɡ r o k m a
གྲོང་ཁྱེར	* ɡ r o ŋ kʰʲ e r
གྲོད་ཚིལ	* ɡ r o t t͡sʰ i l
གྲོས་གཞི	* ɡ r o s g ʑ i
གྲོས་བསྡུར	* ɡ r o s b z d u r
གྲྭ་པ	* g rʷ a p a
གླ	* g l a
གླ་བ	* g l a b a
གླ་རྩི	* g l a r t͡s i
གླག	* g l a k
གླང	* g l a ŋ
གླང་ཆེན	* g l a ŋ t͡ɕʰ e n
གླང་པོ	* g l a ŋ p o
གླང་པོ་ཆེ	* g l a ŋ p o t͡ɕʰ e
གླིང	* g l i ŋ
གླུ	* g l u
གླུ་གཞས	* g l u g ʑ a s
གླུ་དབྱངས	* g l u d bʲ a ŋ s
གླུ་པ	* g l u p a
གློ་དོང	* g l o d o ŋ
གློ་ནད	* g l o n a t
གློ་བ	* g l o b a
གློ་སྦུབས	* g l o z b u p s
གློག	* g l o k
གློག་བརྙན	l oː ˥˥ ȵ ɛ̃ ˥˥
གློག་བརྙན་ཁང	l o ˥˨ ȵ ɛ̃ ˥˥ kʰ a ŋ ˥˥
ང	* ŋ a
ང་ཚོ	* ŋ a t͡sʰ o
ངག	* ŋ a k
ངང་དཀར་སྐར་ཚོམ	* ŋ a ŋ t k a r s k a r t͡sʰ o m
ངན	* ŋ a n
ངན་པ	* ŋ a n p a
ངུ	* ŋ u
ངོ་ཚ་ཤེས་པ	* ŋ o t͡sʰ a ɕ e s p a
ཅ	* t͡ɕ a
ཅ་ལག	* t͡ɕ a l a k
ཅན	* t͡ɕ a n
ཅི	* t͡ɕ i
ཅིག	* t͡ɕ i k
ཅུ་ལི	* t͡ɕ u l i
ཅུང་ཙམ	* t͡ɕ u ŋ t͡s a m
ཅུང་ཟད	* t͡ɕ u ŋ z a t
ཅུང་ཟད་ཙམ	* t͡ɕ u ŋ z a t t͡s a m
ཆ	* t͡ɕʰ a
ཆ་སྙོམས	* t͡ɕʰ a z ȵ o m s
ཆང	* t͡ɕʰ a ŋ
ཆང་ནད	* t͡ɕʰ a ŋ n a t
ཆབ་གདན	* t͡ɕʰ a p g d a n
ཆབ་མདོ	* t͡ɕʰ a p m d o
ཆབ་རྩེ	* t͡ɕʰ a p r t͡s e
ཆབ་སྲིད	* t͡ɕʰ a p s r i t
ཆམས་པ	* t͡ɕʰ a m s p a
ཆམས་པ་ཕོག	* t͡ɕʰ a m s p a pʰ o k
ཆར་པ	* t͡ɕʰ a r p a
ཆར་ཞོད	* t͡ɕʰ a r ʑ o t
ཆར་རླུང	* t͡ɕʰ a r r l u ŋ
ཆར་སྤྲིན	* t͡ɕʰ a r s p r i n
ཆིག་སྒྲིལ	* t͡ɕʰ i k z ɡ r i l
ཆིང་ཡིག	t͡ɕʰ i ŋ ˥˥ j i k̚ˀ ˥˨
ཆུ	* t͡ɕʰ u
ཆུ་མིག	* t͡ɕʰ u m i k
ཆུ་ཚོད	* t͡ɕʰ u t͡sʰ o t
ཆུ་ཚོན	* t͡ɕʰ u t͡sʰ o n
ཆུ་རྒུན་འབྲུམ	* t͡ɕʰ u r ɡ u nᵐ b r u m
ཆུ་ལོག	* t͡ɕʰ u l o k
ཆུ་ཤེལ	* t͡ɕʰ u ɕ e l
ཆུ་སེར	* t͡ɕʰ u s e r
ཆུ་སྲིན་སྐར་ཚོམ	* t͡ɕʰ u s r i n s k a r t͡sʰ o m
ཆུང	* t͡ɕʰ u ŋ
ཆུང་ཆུང	* t͡ɕʰ u ŋ t͡ɕʰ u ŋ
ཆུང་བ	* t͡ɕʰ u ŋ b a
ཆུང་མ	* t͡ɕʰ u ŋ m a
ཆུད	* t͡ɕʰ u t
ཆེ	* t͡ɕʰ e
ཆེ་ཆུད	* t͡ɕʰ e t͡ɕʰ u t
ཆེན	* t͡ɕʰ e n
ཆེན་པོ	* t͡ɕʰ e n p o
ཆོལ་ཁ	* t͡ɕʰ o l kʰ a
ཆོས	* t͡ɕʰ o s
ཆོས་དར	* t͡ɕʰ o s d a r
ཆོས་འཁོར	* t͡ɕʰ o sᵑ kʰ o r
ཆོས་འབྱོར	* t͡ɕʰ o sᵐ bʲ o r
ཆོས་རྒྱལ	* t͡ɕʰ o s r ɡʲ a l
ཆོས་ལུགས	* t͡ɕʰ o s l u k s
ཆོས་ལུགས་དད་མོས	t͡ɕʰ yː ˥˥ l u k̚ˀ ˥˨ tʰ ɛː ˩˧˨ m øː ˥˨
ཆོས་ལྡན	* t͡ɕʰ o s l d a n
ཆོས་སྐད	* t͡ɕʰ o s s k a t
ཇ	* d͡ʑ a
ཇ་ལོ	* d͡ʑ a l o
ཇ་སྲུབ་མ	* d͡ʑ a s r u p m a
ཇོ་ཇོ	* d͡ʑ o d͡ʑ o
ཇོ་མོ	* d͡ʑ o m o
ཇོ་མོ་གླང་མ	* d͡ʑ o m o g l a ŋ m a
ཉ	* ȵ a
ཉ་མ	* ȵ a m a
ཉག་ཉོག	ȵ a k̚ˀ ˩˨ ȵ o k̚ˀˑ
ཉག་མོ	* ȵ a k m o
ཉན	* ȵ a n
ཉན་བྱེད་འཕྲུལ་ཆས	ȵ ɛ̃ ˩˨ t͡ɕ e ˥˨ ʈ͡ʂʰ yː ˥˥ t͡ɕʰ ɛː ˥˨
ཉམས	* ȵ a m s
ཉམས་མྱོང	* ȵ a m s mʲ o ŋ
ཉར	* ȵ a r
ཉལ	* ȵ a l
ཉི	* ȵ i
ཉི་བརྟེན	* ȵ i p r t e n
ཉི་མ	* ȵ i m a
ཉི་ཤུ	* ȵ i ɕ u
ཉིང་ཁྲི	* ȵ i ŋ kʰ r i
ཉེ་བ	* ȵ e b a
ཉེས་པ	* ȵ e s p a
ཉེས་པ་གསུམ	* ȵ e s p a k s u m
ཉོ	* ȵ o
ཉོག	* ȵ o k
ཉོན་མོངས	* ȵ o n m o ŋ s
ཏ	* t a
ཏར	* t a r
ཏཱ་ལའི་བླ་མ	t a ˥˥ l ɛː ˥˥ l a ˥˥ m a ˥˥
ཏིལ	* t i l
ཐ	* tʰ a
ཐ་མ་རྡབ་ས	* tʰ a m a r d a p s a
ཐག་པ	* tʰ a k p a
ཐགས་ཐོགས	* tʰ a k s tʰ o k s
ཐང	* tʰ a ŋ
ཐང་ཀ	* tʰ a ŋ k a
ཐང་ཆུ	* tʰ a ŋ t͡ɕʰ u
ཐང་འབྲས	* tʰ a ŋᵐ b r a s
ཐང་ཤིང	* tʰ a ŋ ɕ i ŋ
ཐན་པ	* tʰ a n p a
ཐམ་པ	* tʰ a m p a
ཐལ་བ	* tʰ a l b a
ཐུ་མོ	* tʰ u m o
ཐུག	* tʰ u k
ཐུག་པ	* tʰ u k p a
ཐུགས	* tʰ u k s
ཐུགས་གསོ	* tʰ u k s k s o
ཐུགས་རྗེ	* tʰ u k s r d͡ʑ e
ཐུགས་རྗེ་ཆེ	* tʰ u k s r d͡ʑ e t͡ɕʰ e
ཐུགས་རྗེ་ཆེ་གནང	* tʰ u k s r d͡ʑ e t͡ɕʰ e g n a ŋ
ཐུང་ཐུང	* tʰ u ŋ tʰ u ŋ
ཐུད	* tʰ u t
ཐེ	* tʰ e
ཐེག་པ	* tʰ e k p a
ཐེབས	* tʰ e p s
ཐེར་འབུམ	* tʰ e rᵐ b u m
ཐེར་འབུམ་ཆེན་པོ	* tʰ e rᵐ b u m t͡ɕʰ e n p o
ཐོ་དེབ	* tʰ o d e p
ཐོག་མཐའ	* tʰ o k m tʰ a
ཐོག་མཐའ་མེད་པ	* tʰ o k m tʰ a m e t p a
ཐོགས་མེད	* tʰ o k s m e t
ཐོབ	* tʰ o p
ད	* d a
ད་ལྟ	* d a l t a
ད་ལྟ་ཉིད་དུ	* d a l t a ȵ i t d u
ད་ལྟ་བ	* d a l t a b a
དཀན	* t k a n
དཀར་ཆག	* t k a r t͡ɕʰ a k
དཀར་པོ	* t k a r p o
དཀོན་མཆོག	* t k o n m t͡ɕʰ o k
དཀྲོལ	* t k r o l
དག་ཅི	* d a k t͡ɕ i
དགའ	* d ɡ a
དགའ་གླུ	* d ɡ a g l u
དགའ་ཉེ	* d ɡ a ȵ e
དགའ་པོ	* d ɡ a p o
དགའ་བ	* d ɡ a b a
དགའ་འཁྱིལ	* d ɡ a ɣᵑ kʰʲ i l
དགའ་ལྡན	* d ɡ a l d a n
དགའ་ལྡན་ཕོ་བྲང	k a n ˩˨ t ɛ̃ ˥˥ pʰ o ˥˥ ʈ͡ʂ a ŋ ˥˥
དགའ་སྐྱིད	* d ɡ a s kʲ i t
དགུ	* d ɡ u
དགུ་བ	* d ɡ u b a
དགུ་བཅུ	* d ɡ u p t͡ɕ u
དགུན་ཀ	* d ɡ u n k a
དགེ	* d ɡ e
དགེ་བཤེས	* d ɡ e p ɕ e s
དགེ་རྒན	* d ɡ e r ɡ a n
དགེ་ལུགས་པ	* d ɡ e l u k s p a
དགེ་སློང	* d ɡ e z l o ŋ
དགེ་སློང་མ	* d ɡ e z l o ŋ m a
དགོངས་དག	* d ɡ o ŋ s d a k
དགོན་པ	* d ɡ o n p a
དགོས	* d ɡ o s
དགྲ	* d ɡ r a
དགྲ་བཅོམ་པ	* d ɡ r a p t͡ɕ o m p a
དགྲ་བོ	* d ɡ r a b o
དགྲ་འདུལ	* d ɡ r aⁿ d u l
དང	* d a ŋ
དང་པོ	* d a ŋ p o
དངུལ	* d ŋ u l
དངུལ་ཁང	* d ŋ u l kʰ a ŋ
དངུལ་ཆུ	* d ŋ u l t͡ɕʰ u
དངོས	* d ŋ o s
དངོས་གྲུབ	* d ŋ o s ɡ r u p
དད་གུས	* d a t ɡ u s
དད་པ	* d a t p a
དད་མོས	* d a t m o s
དཔག་ཏུ་མེད་པ	* t p a k t u m e t p a
དཔང་པོ	* t p a ŋ p o
དཔའ་དམ	* t p a d a m
དཔའ་བོ	* t p a b o
དཔར་ཆས	* t p a r t͡ɕʰ a s
དཔལ་ལྡན	* t p a l l d a n
དཔུང་པ	* t p u ŋ p a
དཔུང་མགོ	* t p u ŋ m ɡ o
དཔེ་ཆ	* t p e t͡ɕʰ a
དཔེ་མཛོད	* t p e m d͡z o t
དཔེ་སྐྲུན	* t p e s k r u n
དཔྱ་ཁྲལ	* t pʲ a kʰ r a l
དཔྱིད	* t pʲ i t
དཔྱིད་ཀ	* t pʲ i t k a
དབང་ཕྱུག	* d b a ŋ pʰʲ u k
དབང་འདུས	* d b a ŋⁿ d u s
དབང་སྒྱུར	* d b a ŋ z ɡʲ u r
དབང་སྒྱུར་བྱས	* d b a ŋ z ɡʲ u r bʲ a s
དབུ	* d b u
དབུ་ཀླད	* d b u k l a t
དབུ་མེད	* d b u m e t
དབུས	* d b u s
དབུས་གཙང	* d b u s k t͡s a ŋ
དབུས་གཙང་མངའ་རིས་སྐོར་གསུམ	* d b u s k t͡s a ŋ m ŋ a r i s s k o r k s u m
དབུས་འགྱུར་འཆང	* d b u sᵑ ɡʲ u rⁿ t͡ɕʰ a ŋ
དབེན་པ	* d b e n p a
དབྱངས	* d bʲ a ŋ s
དབྱར་ཀ	* d bʲ a r k a
དབྱར་ཁ	* d bʲ a r kʰ a
དབྱར་རྩྭ་དགུན་འབུ	* d bʲ a r r t͡sʷ a d ɡ u nᵐ b u
དབྱི་སི་ལམ་ཆོས་ལུགས	j iˑ s iˑ l a mˑ t͡ɕʰ øːˑ l u k̚ˀˑ
དབྱིན་གོ	j ĩ ˥˥ k o ˥˥
དབྱིན་ཇི	j ĩ ˥˥ t͡ɕ i ˥˥
དབྱིན་ཇིའི་སྐད	j ĩ ˥˥ t͡ɕ iː ˥˥ k ɛː ˥˨
དབྱེ	* d bʲ e
དམ་པ	* d a m p a
དམ་འཛིན	* d a mⁿ d͡z i n
དམག	* d m a k
དམག་དཔུང	* d m a k t p u ŋ
དམག་མི	* d m a k m i
དམག་འཁྲུག	* d m a kᵑ kʰ r u k
དམངས	* d m a ŋ s
དམངས་ཁྲོད	* d m a ŋ s kʰ r o t
དམངས་གཙོ	* d m a ŋ s k t͡s o
དམན་པ	* d m a n p a
དམར	* d m a r
དམར་པོ	* d m a r p o
དམར་སྐྱ	* d m a r s kʲ a
དར	* d a r
དར་ཆ	* d a r t͡ɕʰ a
དར་བ	* d a r b a
དར་རྩེ་མདོ	* d a r r t͡s e m d o
དར་ལྕོག	* d a r l t͡ɕ o k
དིང་རི	* d i ŋ r i
དུ་བ	* d u b a
དུག	* d u k
དུག་སྦྲང	* d u k z b r a ŋ
དུང་དཀར	* d u ŋ t k a r
དུང་ཕྱུར	* d u ŋ pʰʲ u r
དུང་སྒོར	* d u ŋ z ɡ o r
དུར་ཁྲོད	* d u r kʰ r o t
དུས་དེབ	* d u s d e p
དུས་ཚོད	* d u s t͡sʰ o t
དེ	* d e
དེང་དུས	* d e ŋ d u s
དེབ	* d e p
དེབ་ཆུང	tʰ e p̚ ˩˨ t͡ɕ u ŋˑ
དེབ་ཐེར	* d e p tʰ e r
དོ	* d o
དོ་མོད	* d o m o t
དོག་པ	* d o k p a
དོག་པོ	* d o k p o
དོགས་འདྲི	* d o k sⁿ d r i
དོན་ལྡན	* d o n l d a n
དོམ	* d o m
དྭངས	* dʷ a ŋ s
དྭངས་མ་	* dʷ a ŋ s m a
དྭངས་ལྕགས	* dʷ a ŋ s l t͡ɕ a k s
དྲན་པ	* d r a n p a
དྲི	* d r i
དྲི་བཟང	* d r i b z a ŋ
དྲི་མ	* d r i m a
དྲི་ཞིམ	* d r i ʑ i m
དྲི་ཞིམ་ཟླ	* d r i ʑ i m z l a
དྲུག	* d r u k
དྲུག་ཅུ	* d r u k t͡ɕ u
དྲུག་དཀར	* d r u k t k a r
དྲུག་པ	* d r u k p a
དྲུང་ཡིག	* d r u ŋ j i k
དྲུས་མ	* d r u s m a
དྲོ་ཚད	* d r o t͡sʰ a t
དྲོད་ཚད	* d r o t t͡sʰ a t
དྲྭ	* d rʷ a
ན	* n a
ན་བཟའ	* n a b z a
ན་རོ	* n a r o
ནག་པོ	* n a k p o
ནགས	* n a k s
ནང	* n a ŋ
ནང་པ	* n a ŋ p a
ནང་བཞིན	* n a ŋ b ʑ i n
ནང་བསྟན	* n a ŋ p s t a n
ནང་སྦྱོང	* n a ŋ z bʲ o ŋ
ནད	* n a t
ནད་གཡོག	* n a t ɡ j o k
ནད་པ	* n a t p a
ནད་ཡམས	* n a t j a m s
ནན་ཏེ	* n a n t e
ནམ་ཡང	* n a m j a ŋ
ནམ་རྒྱུན	* n a m r ɡʲ u n
ནས	* n a s
ནི	* n i
ནུབ	* n u p
ནོར་འཁྲུལ	* n o rᵑ kʰ r u l
ནོར་སྐལ	* n o r s k a l
པ	* p a
པ་ལི་ཀུང་ཧྲེ	p a ˥˥ l i ˥˥ k u ŋ ˥˥ ʂ e ˥˥
པ་ལུའུ་ཅུན	p a ˥˥ l uː ˥˥ t͡ɕ ỹ ˥˥
པ་སངས	* p a s a ŋ s
པད་པ	* p a t p a
པད་མ	* p a t m a
པད་ཚལ	p ɛː ˥˥ t͡sʰ ɛː ˥˥
པན་ཆེན་བླ་མ	* p a n t͡ɕʰ e n b l a m a
པར་ཆས	* p a r t͡ɕʰ a s
པར་སྐྲུན	* p a r s k r u n
པས	* p a s
པི་ཝང	* p i w a ŋ
པིར	* p i r
པོ་ཏ་ལ	* p o t a l a
པོ་ཏི	* p o t i
པོ་ལོ	* p o l o
པོད	* p o t
ཕ	* pʰ a
ཕ་མ	* pʰ a m a
ཕག	* pʰ a k
ཕལ་སྐད	* pʰ a l s k a t
ཕུ་ཐག	* pʰ u tʰ a k
ཕུ་བོ	* pʰ u b o
ཕུན་ཚོགས	* pʰ u n t͡sʰ o k s
ཕུར་བུ	* pʰ u r b u
ཕོ	* pʰ o
ཕོ་ཉ	* pʰ o ȵ a
ཕོ་ཉ་མོ	* pʰ o ȵ a m o
ཕོ་བྲང	* pʰ o b r a ŋ
ཕོར་པ	* pʰ o r p a
ཕྱག	* pʰʲ a k
ཕྱག་ན་རྡོ་རྗེ	* pʰʲ a k n a r d o r d͡ʑ e
ཕྱི	* pʰʲ i
ཕྱི་པ	* pʰʲ i p a
ཕྱིན	* pʰʲ i n
ཕྱུ་པ	* pʰʲ u p a
ཕྱུ་ར	* pʰʲ u r a
ཕྱེ	* pʰʲ e
ཕྱེ་མ་ལེབ	* pʰʲ e m a l e p
ཕྲག་པ	* pʰ r a k p a
ཕྲུ་གུ	* pʰ r u ɡ u
བ	* b a
བ་གླང	* b a g l a ŋ
བ་ཕྱུགས	* b a pʰʲ u k s
བཀའ	* p k a
བཀའ་གྲོས	k a ˥˥ ʈ͡ʂ øː ˥˨
བཀའ་དྲིན	* p k a d r i n
བཀའ་དྲིན་ཆེ	* p k a d r i n t͡ɕʰ e
བཀའ་བཀོད	* p k a p k o t
བཀའ་བརྒྱུད	* p k a b r ɡʲ u t
བཀའ་བསྒོ	* p k a b z ɡ o
བཀའ་བློན	* p k a b l o n
བཀའ་མོལ	k a ˥˥ m øːˑ
བཀའ་ཤག	* p k a ɕ a k
བཀོད	* p k o t
བཀོད་པ	* p k o t p a
བཀྲ་ཤིས	* b k r a ɕ i s
བཀྲ་ཤིས་བདེ་ལེགས	* b k r a ɕ i s b d e l e k s
བགོད	* b ɡ o t
བགྲང	* b g r a ŋ
བཅུ	* p t͡ɕ u
བཅུ་པ	* p t͡ɕ u p a
བད་ཀན	* b a t k a n
བདག	* b d a k
བདག་པོ	* b d a k p o
བདུག་སྤོས	* b d u k s p o s
བདུད	* b d u t
བདུད་འདུལ	* b d u tⁿ d u l
བདུན	* b d u n
བདུན་ཅུ	* b d u n t͡ɕ u
བདུན་པ	* b d u n p a
བདུན་ཕྲག	* b d u n pʰ r a k
བདེ་ཐང	* b d e tʰ a ŋ
བདེ་བ	* b d e b a
བདེ་འབྱུང	* b d eᵐ bʲ u ŋ
བདེ་ལེགས	* b d e l e k s
བདེ་སྐྱིད	* b d e s kʲ i t
བདེན	* b d e n
བདེན་པ	* b d e n p a
བབས་ཆུ	* b a p s t͡ɕʰ u
བཙན་པོ	* p t͡s a n p o
བཙལ	* p t͡s a l
བཙོང	* p t͡s o ŋ
བཙོད	* p t͡s o t
བཙོན་པ	* p t͡s o n p a
བཞག	* b ʑ a k
བཞད	* b ʑ a t
བཞི	* b ʑ i
བཞི་པ	* b ʑ i p a
བཞི་བཅུ	* b ʑ i p t͡ɕ u
བཞིན	* b ʑ i n
བཟང	* b z a ŋ
བཟང་ངན	* b z a ŋ ŋ a n
བཟང་ཞན	* b z a ŋ ʑ a n
བཟོ	* b z o
བཟོ་གྲྭ	* b z o g rʷ a
བཟོ་པ	* b z o p a
བཟླས་བརྗོད	* b z l a s b r d͡ʑ o t
བར་དོ	* b a r d o
བརྒྱ	* b r ɡʲ a
བརྒྱད	* b r ɡʲ a t
བརྒྱད་ཅུ	* b r ɡʲ a t t͡ɕ u
བརྒྱད་པ	* b r ɡʲ a t p a
བརྒྱུད	* b r ɡʲ u t
བརྗེད	* b r d͡ʑ e t
བརྗེད་བྱང	* b r d͡ʑ e t bʲ a ŋ
བརྙན	* b r ȵ a n
བརྙན་ཐུང	ȵ ɛ̃ ˥˥ tʰ u ŋ ˥˥
བརྙན་འཕྲིན	ȵ ɛ̃ ˥˥ ʈ͡ʂʰ ĩ ˥˥
བརྡ	* b r d a
བརྡ་རྙིང	* b r d a r ȵ i ŋ
བརྡ་སྤྲོད་ཀྱི་གཞུང	* b r d a s p r o t kʲ i g ʑ u ŋ
བརྩེ	* p r t͡s e
བརྩོན་འགྲུས	* p r t͡s o nᵑ ɡ r u s
བརླ་ཤ	* b r l a ɕ a
བལ	* b a l
བལྟ	* p l t a
བལྟས	* p l t a s
བཤད	* p ɕ a t
བསམ་བློ	* p s a m b l o
བསམ་བློ་ཀུན་སྤྱོད	* p s a m b l o k u n s pʲ o t
བསམ་ཚུལ	* p s a m t͡sʰ u l
བསམས	* p s a m s
བསེ	* p s e
བསོད་ནམས	* p s o t n a m s
བསོད་ནམས་དཔལ་འཛོམས	* p s o t n a m s t p a lⁿ d͡z o m s
བསྐུལ་བ	* p s k u l b a
བསྟན	* p s t a n
བསྟན་པ	* p s t a n p a
བསྟན་འཛིན	* p s t a nⁿ d͡z i n
བསྟན་སྐྱོང	* p s t a n s kʲ o ŋ
བསྡུ	* b z d u
བསྣན་ཚིག	n ɛ̃ ˥˥ t͡sʰ i ˥˨
བུ	* b u
བུ་མོ	* b u m o
བུ་རམ	* b u r a m
བུད་དྷ	* b u t t h a
བུད་མེད	* b u t m e t
བུམ་པ	* b u m p a
བོང་ང	* b o ŋ ŋ a
བོང་ང་དཀར་པོ	* b o ŋ ŋ a t k a r p o
བོང་ང་སེར་པོ	* b o ŋ ŋ a s e r p o
བོད	* b o t
བོད་ཇ	* b o t d͡ʑ a
བོད་པ	* b o t p a
བོད་བརྒྱུད་ནང་བསྟན	* b o t b r ɡʲ u t n a ŋ p s t a n
བོད་ཚེས	* b o t t͡sʰ e s
བོད་ཡིག	* b o t j i k
བོད་རང་སྐྱོང་ལྗོངས	* b o t r a ŋ s kʲ o ŋ l d͡ʑ o ŋ s
བོད་རིགས	* b o t r i k s
བོད་ལྗོངས	* b o t l d͡ʑ o ŋ s
བོད་སྐད	* b o t s k a t
བོན	* b o n
བོན་པོ	* b o n p o
བྱ	* bʲ a
བྱ་གཏོར	* bʲ a k t o r
བྱ་ཚིག	* bʲ a t͡sʰ i k
བྱ་རྒོད	* bʲ a r ɡ o t
བྱང	* bʲ a ŋ
བྱང་ཆུབ	* bʲ a ŋ t͡ɕʰ u p
བྱང་ཐང	* bʲ a ŋ tʰ a ŋ
བྱང་བུ	* bʲ a ŋ b u
བྱམས་པ	* bʲ a m s p a
བྱམས་བརྩེ	* bʲ a m s p r t͡s e
བྱི་བ	* bʲ i b a
བྱི་རིལ	* bʲ i r i l
བྱི་རུག	* bʲ i r u k
བྱི་རུག་པ	* bʲ i r u k p a
བྱེ	* bʲ e
བྱེ་ཐང	* bʲ e tʰ a ŋ
བྱེ་བ	* bʲ e b a
བྱེ་མ	* bʲ e m a
བྱེད	* bʲ e t
བྲ་བོ	* b r a b o
བྲག	* b r a k
བྲང	* b r a ŋ
བྲང་ཁ	* b r a ŋ kʰ a
བྲང་ཁོག	* b r a ŋ kʰ o k
བྲན	* b r a n
བྲན་གཡོག	* b r a n ɡ j o k
བྲིས	* b r i s
བླ	* b l a
བླ་གཡུ	* b l a ɡ j u
བླ་མ	* b l a m a
བླ་རི	* b l a r i
བློ	* b l o
བློ་ཁོག	* b l o kʰ o k
བློ་གྲོས	* b l o ɡ r o s
བློ་བཟང	* b l o b z a ŋ
བློ་མཐུན	* b l o m tʰ u n
མ	* m a
མ་བྱན	* m a bʲ a n
མ་འོངས་པ	* m a ɣ o ŋ s p a
མཁན་དཀར	* m kʰ a n t k a r
མཁན་དམར	* m kʰ a n d m a r
མཁན་ནག	* m kʰ a n n a k
མཁན་པ	* m kʰ a n p a
མཁན་པོ	* m kʰ a n p o
མཁན་སྐྱ	* m kʰ a n s kʲ a
མཁའ	* m kʰ a
མཁའ་དབྱིངས	* m kʰ a d bʲ i ŋ s
མཁར	* m kʰ a r
མཁས་གྲུབ	* m kʰ a s ɡ r u p
མཁོ	* m kʰ o
མཁོ་བ	* m kʰ o b a
མཁྱེན	* m kʰʲ e n
མཁྱེན་པ	* m kʰʲ e n p a
མཁྲིས་ཁུ	* m kʰ r i s kʰ u
མཁྲིས་པ	* m kʰ r i s p a
མག་པ	* m a k p a
མགུར་མ	* m ɡ u r m a
མགུལ	* m ɡ u l
མགོ	* m ɡ o
མགྲིན་པ	* m ɡ r i n p a
མགྲོན་ཁང	* m ɡ r o n kʰ a ŋ
མང་པོ	* m a ŋ p o
མངའ་ཐང	* m ŋ a tʰ a ŋ
མངའ་འབངས	* m ŋ a ɣᵐ b a ŋ s
མངའ་རིས	* m ŋ a r i s
མངར་མོ	* m ŋ a r m o
མངོན་བརྗོད	* m ŋ o n b r d͡ʑ o t
མངོན་བརྗོད་མཛོད	* m ŋ o n b r d͡ʑ o t m d͡z o t
མཆུ	* m t͡ɕʰ u
མཆོད	* m t͡ɕʰ o t
མཆོད་རྟེན	* m t͡ɕʰ o t r t e n
མཇུག	* m d͡ʑ u k
མཇུག་བསྡོམས	* m d͡ʑ u k b z d o m s
མཇུག་མ	* m d͡ʑ u k m a
མཇུག་སྒྲིལ	* m d͡ʑ u k z ɡ r i l
མཉམ་དུ	* m ȵ a m d u
མཉམ་འབྲེལ་རྒྱལ་ཚོགས	ȵ a m ˥˥ ʈ͡ʂ eː ˥˥ c ɛː ˩˨ t͡sʰ o ˥˨
མཐའ	* m tʰ a
མཐའ་མ	* m tʰ a m a
མཐའ་མཇུག	* m tʰ a m d͡ʑ u k
མཐེ་པོ	* m tʰ e p o
མཐེ་བོ	* m tʰ e b o
མཐེ་བོང	* m tʰ e b o ŋ
མཐེབ	* m tʰ e p
མཐེབ་གཞོང	tʰ e p̚ ˥˥ ɕ o ŋˑ
མཐོང	* m tʰ o ŋ
མདའ	* m d a
མདུང	* m d u ŋ
མདུང་དར	* m d u ŋ d a r
མདུན	* m d u n
མདེའུ	t i u ˩˨
མདོང་མོ	* m d o ŋ m o
མནའ་མ	* m n a m a
མཚན	* m t͡sʰ a n
མཚམས	* m t͡sʰ a m s
མཚམས་པ	* m t͡sʰ a m s p a
མཚམས་འདྲི	* m t͡sʰ a m sⁿ d r i
མཚར་གཟུགས་ལྟ་ཤེལ	* m t͡sʰ a r g z u k s l t a ɕ e l
མཚུན	* m t͡sʰ u n
མཚོ	* m t͡sʰ o
མཚོ་གླིང	* m t͡sʰ o g l i ŋ
མཛེས	* m d͡z e s
མཛེས་པོ	* m d͡z e s p o
མཛེས་ལྗོངས	* m d͡z e s l d͡ʑ o ŋ s
མཛེས་ལྗོངས་ཁུལ	* m d͡z e s l d͡ʑ o ŋ s kʰ u l
མཛེས་ལྗོངས་སྲུང་ཁུལ	* m d͡z e s l d͡ʑ o ŋ s s r u ŋ kʰ u l
མཛོ	* m d͡z o
མཛོ་ཕོ	* m d͡z o pʰ o
མཛོ་མོ	* m d͡z o m o
མར	* m a r
མར་གད	* m a r ɡ a t
མི	* m i
མི་གཤིས	* m i k ɕ i s
མི་དམངས	* m i d m a ŋ s
མི་ཚང	* m i t͡sʰ a ŋ
མི་རིགས	* m i r i k s
མི་རྟག་པ	* m i r t a k p a
མིག	* m i k
མིག་ཆུ	* m i k t͡ɕʰ u
མིག་དམར	* m i k d m a r
མིག་འབྲས	* m i kᵐ b r a s
མིག་ཤེལ	* m i k ɕ e l
མིང	* m i ŋ
མིང་ཚབ	* m i ŋ t͡sʰ a p
མིང་ཚིག	* m i ŋ t͡sʰ i k
མིད་པ	* m i t p a
མིན	* m i n
མུ་མེན	* m u m e n
མུ་སྟེགས་པ	* m u s t e k s p a
མུན་པ	* m u n p a
མེ	* m e
མེ་ཏོག	* m e t o k
མེ་མདའ	* m e m d a
མེ་འཁོར	m e ˩˨ kʰ oː ˥˥
མེ་ལོང	* m e l o ŋ
མེད	* m e t
མོ	* m o
མོ་ཊ	m o ˩˨ ʈ͡ʂ a ˥˨
མོག་མོག	m o ˩˨ m o ˥˨
མོས་པ	* m o s p a
མྱུ་གུ་འབུས་པ	* mʲ u ɡ uᵐ b u s p a
མྱོང	* mʲ o ŋ
ཙ	* t͡s a
ཙི་ཙི	* t͡s i t͡s i
ཙུང་ཐུང	t͡s u ŋ ˥˥ tʰ u ŋ ˥˥
ཙུང་ལི	t͡s u ŋ ˥˥ l i ˥˨
ཙོང	* t͡s o ŋ
ཚ	* t͡sʰ a
ཚ་པོ	* t͡sʰ a p o
ཚ་བོ	* t͡sʰ a b o
ཚ་ལུ་མ	* t͡sʰ a l u m a
ཚག་པར	* t͡sʰ a k p a r
ཚགས	* t͡sʰ a k s
ཚང	* t͡sʰ a ŋ
ཚན་རིག	t͡sʰ ɛ̃ ˥˥ ʐ i ˥˨
ཚན་རིག་པ	t͡sʰ ɛ̃ ˥˥ ʐ i ˥˨ p aˑ
ཚབ་རྩིས	* t͡sʰ a p r t͡s i s
ཚལ་མ	* t͡sʰ a l m a
ཚིག	* t͡sʰ i k
ཚིག་གཞུང	* t͡sʰ i k g ʑ u ŋ
ཚིག་ཐོ	* t͡sʰ i k tʰ o
ཚིག་མཛོད	* t͡sʰ i k m d͡z o t
ཚིགས	* t͡sʰ i k s
ཚིལ	* t͡sʰ i l
ཚིལ་བུ	* t͡sʰ i l b u
ཚིལ་ལུ	* t͡sʰ i l l u
ཚུལ་ཁྲིམས	* t͡sʰ u l kʰ r i m s
ཚེ་བརྟན	* t͡sʰ e p r t a n
ཚེ་རིང	* t͡sʰ e r i ŋ
ཚེ་སྲོག	* t͡sʰ e s r o k
ཚེག	* t͡sʰ e k
ཚེས	* t͡sʰ e s
ཚེས་ཁ	* t͡sʰ e s kʰ a
ཚེས་གཅིག	* t͡sʰ e s k t͡ɕ i k
ཚེས་གཉིས	* t͡sʰ e s g ȵ i s
ཚེས་གསུམ	* t͡sʰ e s k s u m
ཚེས་དྲུག	* t͡sʰ e s d r u k
ཚེས་པ	* t͡sʰ e s p a
ཚེས་བཅུ	* t͡sʰ e s p t͡ɕ u
ཚེས་བརྒྱད	* t͡sʰ e s b r ɡʲ a t
ཚོགས་ཞིང	* t͡sʰ o k s ʑ i ŋ
ཚོགས་སྡེ	* t͡sʰ o k s z d e
ཚོང	* t͡sʰ o ŋ
ཚོང་པ	* t͡sʰ o ŋ p a
ཚྭ	* t͡sʰʷ a
ཛ	* d͡z a
ཛ་ཏི	* d͡z a t i
ཝ	* w a
ཝ་མོ	* w a m o
ཞ	* ʑ a
ཞ་སྨྱུག	* ʑ a z mʲ u k
ཞག	* ʑ a k
ཞང	* ʑ a ŋ
ཞང་པོ	* ʑ a ŋ p o
ཞང་པོའི	ɕ a ŋ ˩˨ p øːˑ
ཞབས	* ʑ a p s
ཞབས་ཀྱུ	* ʑ a p s kʲ u
ཞབས་བྲོ	* ʑ a p s b r o
ཞལ	* ʑ a l
ཞི་བདེ	* ʑ i b d e
ཞི་ཧུང་ཧྲི	ɕ i ˥˥ h u ŋˑ ʂ iˑ
ཞིང	* ʑ i ŋ
ཞིང་ཆེན	* ʑ i ŋ t͡ɕʰ e n
ཞེ་དྲག	* ʑ e d r a k
ཞེ་ས	* ʑ e s a
ཞོ	* ʑ o
ཞོ་ཤ	* ʑ o ɕ a
ཞོགས	* ʑ o k s
ཞོགས་ཇ	* ʑ o k s d͡ʑ a
ཞོགས་པ	* ʑ o k s p a
ཟ	* z a
ཟ་ཁང	* z a kʰ a ŋ
ཟངས	* z a ŋ s
ཟན	* z a n
ཟབ་པོ	* z a p p o
ཟས	* z a s
ཟིང་སྐྱ	* z i ŋ s kʲ a
ཟིལ་བ	* z i l b a
ཟུམ	* z u m
ཟླ	* z l a
ཟླ་བ	* z l a b a
ཟླ་བོ	* z l a b o
འ	* ɣ a
འཁོར	*ᵑ kʰ o r
འཁོར་ལོ	*ᵑ kʰ o r l o
འཁྱག	*ᵑ kʰʲ a k
འཁྱགས	*ᵑ kʰʲ a k s
འཁྱགས་ཀླུང	*ᵑ kʰʲ a k s k l u ŋ
འཁྱགས་སྒམ	cʰ a ˥˥ k a mˑ
འཁྲིད	*ᵑ kʰ r i t
འཁྲིད་སྟོན	*ᵑ kʰ r i t s t o n
འཁྲུངས་སྐར	*ᵑ kʰ r u ŋ s s k a r
འཁྲུད	*ᵑ kʰ r u t
འཁྲོལ	*ᵑ kʰ r o l
འག་ཚོམ	* ɣ a k t͡sʰ o m
འགས་པ	*ᵑ ɡ a s p a
འགོག	*ᵑ ɡ o k
འགོང	*ᵑ ɡ o ŋ
འགོང་པོ	*ᵑ ɡ o ŋ p o
འགོད	*ᵑ ɡ o t
འགྱུར་མེད	*ᵑ ɡʲ u r m e t
འགྱོད་པ	*ᵑ ɡʲ o t p a
འགྱོད་བཅོས	*ᵑ ɡʲ o t p t͡ɕ o s
འགྱོད་བཤགས	*ᵑ ɡʲ o t p ɕ a k s
འགྲམ་པ	*ᵑ ɡ r a m p a
འགྲིམ་འགྲུལ	*ᵑ ɡ r i mᵑ ɡ r u l
འགྲུབ	*ᵑ ɡ r u p
འགྲེང་པོ	*ᵑ ɡ r e ŋ p o
འགྲེང་བུ	*ᵑ ɡ r e ŋ b u
འགྲོ	*ᵑ ɡ r o
འགྲོ་བ	*ᵑ ɡ r o b a
འཆད	*ⁿ t͡ɕʰ a t
འཆར་གཞི	*ⁿ t͡ɕʰ a r g ʑ i
འཆི	*ⁿ t͡ɕʰ i
འཆིང་ཡིག	t͡ɕ i ŋ ˥˥ j i k̚ˀ ˥˨
འཆུ	*ⁿ t͡ɕʰ u
འཇག་མ	*ⁿ d͡ʑ a k m a
འཇའ	*ⁿ d͡ʑ a
འཇིག	*ⁿ d͡ʑ i k
འཇིགས་མེད	*ⁿ d͡ʑ i k s m e t
འཇིབ	*ⁿ d͡ʑ i p
འཐག	*ⁿ tʰ a k
འཐུང	*ⁿ tʰ u ŋ
འཐུམ	*ⁿ tʰ u m
འདབ་མ	*ⁿ d a p m a
འདས་པ	*ⁿ d a s p a
འདི	*ⁿ d i
འདིང	*ⁿ d i ŋ
འདུ	*ⁿ d u
འདུན་པ	*ⁿ d u n p a
འདེབས	*ⁿ d e p s
འདོད་པ	*ⁿ d o t p a
འདོད་པ་བ	*ⁿ d o t p a b a
འདོན	*ⁿ d o n
འདྲ་གཟུགས	*ⁿ d r a g z u k s
འདྲེ	*ⁿ d r e
འདྲེ་དམག	*ⁿ d r e d m a k
འདྲེ་ཤིག	*ⁿ d r e ɕ i k
འདྲེས	*ⁿ d r e s
འཕུར	*ᵐ pʰ u r
འབབ	*ᵐ b a p
འབབ་ཚུགས	*ᵐ b a p t͡sʰ u k s
འབའ	*ᵐ b a
འབུ	*ᵐ b u
འབུམ	*ᵐ b u m
འབྱང	*ᵐ bʲ a ŋ
འབྱར	*ᵐ bʲ a r
འབྱུང་ཁམས	*ᵐ bʲ u ŋ kʰ a m s
འབྱུང་ཁུངས	*ᵐ bʲ u ŋ kʰ u ŋ s
འབྱེ	*ᵐ bʲ e
འབྱེད	*ᵐ bʲ e t
འབྱོར	*ᵐ bʲ o r
འབྲ་གོ	*ᵐ b r a ɡ o
འབྲས	*ᵐ b r a s
འབྲས་བུ	*ᵐ b r a s b u
འབྲས་མོ་ལྗོངས	*ᵐ b r a s m o l d͡ʑ o ŋ s
འབྲས་ལྗོངས	*ᵐ b r a s l d͡ʑ o ŋ s
འབྲས་ལྗོངས་སྐད	*ᵐ b r a s l d͡ʑ o ŋ s s k a t
འབྲི	*ᵐ b r i
འབྲི་ཆུ	*ᵐ b r i t͡ɕʰ u
འབྲུ	*ᵐ b r u
འབྲུ་མར	*ᵐ b r u m a r
འབྲུག	*ᵐ b r u k
འབྲུག་གྲགས	*ᵐ b r u k ɡ r a k s
འབྲུག་པ	*ᵐ b r u k p a
འབྲུག་མོ	*ᵐ b r u k m o
འབྲུག་ཚགས	ʈ͡ʂ u ˩˨ t͡sʰ a k̚ˀˑ
འབྲུག་ཡུལ	*ᵐ b r u k j u l
འབྲུག་སྐད	*ᵐ b r u k s k a t
འབྲུག་སྐད་རྒྱག	*ᵐ b r u k s k a t r ɡʲ a k
འབྲུལ	*ᵐ b r u l
འབྲོག་པ	*ᵐ b r o k p a
འབྲོང	*ᵐ b r o ŋ
འཚོ་བ	*ⁿ t͡sʰ o b a
འཛམ་གླིང	*ⁿ d͡z a m g l i ŋ
འཛིན	*ⁿ d͡z i n
འཛུད	*ⁿ d͡z u t
འཛུམ	*ⁿ d͡z u m
འཛུམས	*ⁿ d͡z u m s
འི	* ɣ i
འུ	* ɣ u
འུ་ལག	* ɣ u l a k
འུ་སུ	* ɣ u s u
འུག་པ	* ɣ u k p a
འོ་ཇ	* ɣ o d͡ʑ a
འོ་ན	* ɣ o n a
འོ་མ	* ɣ o m a
འོ་སེ	* ɣ o s e
འོག་མ	* ɣ o k m a
འོང	* ɣ o ŋ
འོང་སྐོར	* ɣ o ŋ s k o r
འོངས	* ɣ o ŋ s
འོད	* ɣ o t
འོད་ལྡན	* ɣ o t l d a n
འོད་སྡེར	* ɣ o t z d e r
ཡ	* j a
ཡག་པོ	* j a k p o
ཡང	* j a ŋ
ཡབ	* j a p
ཡར་ཀླུངས་གཙང་པོ	* j a r k l u ŋ s k t͡s a ŋ p o
ཡར་རྒྱས	* j a r r ɡʲ a s
ཡི་གེ	* j i ɡ e
ཡི་དམ	* j i d a m
ཡི་དྭགས	* j i dʷ a k s
ཡི་ཙི	* j i t͡s i
ཡིག་བརྙན	* j i k b r ȵ a n
ཡིག་ཚང	* j i k t͡sʰ a ŋ
ཡིག་ཚིགས	* j i k t͡sʰ i k s
ཡིག་ཚིགས་ཐེར་འབུམ	* j i k t͡sʰ i k s tʰ e rᵐ b u m
ཡིག་ཚིགས་ས་ཡ	* j i k t͡sʰ i k s s a j a
ཡིག་ཚིགས་སྟོང	* j i k t͡sʰ i k s s t o ŋ
ཡིག་འབྲུ	* j i kᵐ b r u
ཡིག་རིགས	* j i k r i k s
ཡིག་སྐད	* j i k s k a t
ཡིད་བཞིན་ནོར་བུ	* j i t b ʑ i n n o r b u
ཡིན	* j i n
ཡུང་བ	* j u ŋ b a
ཡུངས་དཀར	* j u ŋ s t k a r
ཡུངས་ནག	* j u ŋ s n a k
ཡུན་ནན་ཞིང་ཆེན	* j u n n a n ʑ i ŋ t͡ɕʰ e n
ཡུལ	* j u l
ཡུལ་གོར་སྐད	* j u l ɡ o r s k a t
ཡུལ་ཏོ་པི་ཡ	* j u l t o p i j a
ཡུལ་སྐད	* j u l s k a t
ཡེ་ཤེས	* j e ɕ e s
ཡོང	* j o ŋ
ཡོད	* j o t
ར	* r a
རག	* r a k
རག་ལས	* r a k l a s
རང	* r a ŋ
རང་དབང	* r a ŋ d b a ŋ
རང་བྱུང	* r a ŋ bʲ u ŋ
རང་བྱུང་ཁམས	* r a ŋ bʲ u ŋ kʰ a m s
རང་རྟོགས	* r a ŋ r t o k s
རང་སྐྱོང	* r a ŋ s kʲ o ŋ
རང་སྐྱོང་ཁུལ	ʐ a ŋ ˩˨ c o ŋˑ kʰ yː ˥˥
རང་སྐྱོང་ལྗོངས	* r a ŋ s kʲ o ŋ l d͡ʑ o ŋ s
རབ་གནས	* r a p g n a s
རབ་བཀྲམ	* r a p b k r a m
རབ་བཀྲམ་ཆེན་པོ	* r a p b k r a m t͡ɕʰ e n p o
རབས	* r a p s
རམས	* r a m s
རལ་གྲི	* r a l ɡ r i
རི	* r i
རི་བོ	* r i b o
རི་མོ	* r i m o
རི་རྒྱུད	* r i r ɡʲ u t
རི་ལི	ʐ i ˩˨ l i ˥˥
རིག་གནས	* r i k g n a s
རིག་པ	* r i k p a
རིགས	* r i k s
རིགས་རྒྱུད	* r i k s r ɡʲ u t
རིང་བསྲེལ	* r i ŋ b s r e l
རིང་ལུགས	* r i ŋ l u k s
རིན་ཆེན	* r i n t͡ɕʰ e n
རིན་ཐང	* r i n tʰ a ŋ
རིན་པོ་ཆེ	* r i n p o t͡ɕʰ e
རིམས་ནད	ʐ i m ˩˧˨ n ɛː ˥˨
རིས	* r i s
རུ	* r u
རེ	* r e
རེ་བ	* r e b a
རེད	* r e t
རེས་གཟའ	* r e s g z a
རོ	* r o
རོ་སྒམ	* r o z ɡ a m
རོལ	* r o l
རོལ་གཞས	* r o l g ʑ a s
རོལ་ཆ	* r o l t͡ɕʰ a
རོལ་མོ	* r o l m o
རྐང	* r k a ŋ
རྐང་པ	* r k a ŋ p a
རྐང་བ	* r k a ŋ b a
རྐང་ཚིགས	* r k a ŋ t͡sʰ i k s
རྐང་འཁོར	k a ŋ ˥˥ kʰ oːˑ
རྐང་རྩེད་སྤོ་ལོ	* r k a ŋ r t͡s e t s p o l o
རྐུ	* r k u
རྐུན་མ	* r k u n m a
རྐྱང	* r kʲ a ŋ
རྐྱལ་རྒྱག	* r kʲ a l r ɡʲ a k
རྒ	* r ɡ a
རྒན	* r ɡ a n
རྒན་པོ	* r ɡ a n p o
རྒལ	* r ɡ a l
རྒུན	* r ɡ u n
རྒུན་ཆང	* r ɡ u n t͡ɕʰ a ŋ
རྒུན་འབྲུམ	* r ɡ u nᵐ b r u m
རྒོད	* r ɡ o t
རྒྱ	* r ɡʲ a
རྒྱ་གར	* r ɡʲ a ɡ a r
རྒྱ་ནག	* r ɡʲ a n a k
རྒྱ་མཚོ	* r ɡʲ a m t͡sʰ o
རྒྱ་མི	* r ɡʲ a m i
རྒྱ་ཤུག	* r ɡʲ a ɕ u k
རྒྱ་སེར	* r ɡʲ a s e r
རྒྱ་སྐད	* r ɡʲ a s k a t
རྒྱག	* r ɡʲ a k
རྒྱགས་པ	* r ɡʲ a k s p a
རྒྱང་འཕེན་པ	* r ɡʲ a ŋᵐ pʰ e n p a
རྒྱན	* r ɡʲ a n
རྒྱན་ཚིག	* r ɡʲ a n t͡sʰ i k
རྒྱན་སྤྲས	* r ɡʲ a n s p r a s
རྒྱལ	* r ɡʲ a l
རྒྱལ་ཁབ	* r ɡʲ a l kʰ a p
རྒྱལ་གླུ	* r ɡʲ a l g l u
རྒྱལ་པོ	* r ɡʲ a l p o
རྒྱལ་བ	* r ɡʲ a l b a
རྒྱལ་མོ	* r ɡʲ a l m o
རྒྱལ་འབྲེལ	c ɛ̃ ˩˨ ʈ͡ʂ eːˑ
རྒྱལ་རབས	* r ɡʲ a l r a p s
རྒྱལ་རྩེ	* r ɡʲ a l r t͡s e
རྒྱལ་སྲིད	* r ɡʲ a l s r i t
རྒྱུ་དཀར	* r ɡʲ u t k a r
རྒྱུ་ནག	* r ɡʲ u n a k
རྒྱུ་མ	* r ɡʲ u m a
རྒྱུ་མཚན	* r ɡʲ u m t͡sʰ a n
རྒྱུད	* r ɡʲ u t
རྒྱུད་སྐུད	* r ɡʲ u t s k u t
རྔུལ	* r ŋ u l
རྔུལ་ཆུ	* r ŋ u l t͡ɕʰ u
རྔུལ་ནག	* r ŋ u l n a k
རྗེ	* r d͡ʑ e
རྗེ་བླས	* r d͡ʑ e b l a s
རྗེས་དྲན	* r d͡ʑ e s d r a n
རྗེས་མ	* r d͡ʑ e s m a
རྗེས་འཇུག	* r d͡ʑ e sⁿ d͡ʑ u k
རྗོད	* r d͡ʑ o t
རྙིང	* r ȵ i ŋ
རྙིང་པ	* r ȵ i ŋ p a
རྙེད	* r ȵ e t
རྙོག་སློང	* r ȵ o k z l o ŋ
རྟ	* r t a
རྟགས	* r t a k s
རྟགས་མ	* r t a k s m a
རྟོག	* r t o k
རྡུལ་ཕྲན	* r d u l pʰ r a n
རྡོ	* r d o
རྡོ་རྒྱུས	* r d o r ɡʲ u s
རྡོ་རྗེ	* r d o r d͡ʑ e
རྡོ་རྗེ་ཐེག་པ	* r d o r d͡ʑ e tʰ e k p a
རྣ	* r n a
རྣ་བ	* r n a b a
རྣ་མཆོག	* r n a m t͡ɕʰ o k
རྣ་རྒྱན	* r n a r ɡʲ a n
རྣ་ལོང	* r n a l o ŋ
རྣམ	* r n a m
རྣམ་ཐར	* r n a m tʰ a r
རྣམ་དབྱེ	* r n a m d bʲ e
རྣམ་པ	* r n a m p a
རྣམ་རྒྱལ	* r n a m r ɡʲ a l
རྣམ་ཤེས	* r n a m ɕ e s
རྣམས	* r n a m s
རྣལ་འབྱོར་པ	* r n a lᵐ bʲ o r p a
རྣལ་འབྱོར་མ	* r n a lᵐ bʲ o r m a
རྨ་ཁ	* r m a kʰ a
རྨ་བྱ	m a p̚ ˥˥ t͡ɕ a ˥˥
རྨང	* r m a ŋ
རྨོ་མོ	* r m o m o
རྨོག	* r m o k
རྩ	* r t͡s a
རྩ་བ	* r t͡s a b a
རྩ་བའི་བླ་མ	t͡s a ˥˥ w ɛːˑ l a ˥˥ m a ˥˥
རྩམ་པ	* r t͡s a m p a
རྩི	* r t͡s i
རྩི་ཤིང	* r t͡s i ɕ i ŋ
རྩི་ཤིང་རིག་པ	* r t͡s i ɕ i ŋ r i k p a
རྩིག	* r t͡s i k
རྩིག་པ	* r t͡s i k p a
རྩེ	* r t͡s e
རྩེད	* r t͡s e t
རྩེད་མོ	* r t͡s e t m o
རྩོམ	* r t͡s o m
རྩོམ་པ་པོ	* r t͡s o m p a p o
རྩོམ་མཁན	* r t͡s o m m kʰ a n
རྩྭ	* r t͡sʷ a
རྫ	* r d͡z a
རྫ་ཆུ	* r d͡z a t͡ɕʰ u
རྫ་རྡོ	* r d͡z a r d o
རྫས	* r d͡z a s
རྫོགས་ཆེན	* r d͡z o k s t͡ɕʰ e n
རྫོང	* r d͡z o ŋ
རྭ	* rʷ a
རླངས	* r l a ŋ s
རླབས	* r l a p s
རླབས་ཆེན	* r l a p s t͡ɕʰ e n
རླུང	* r l u ŋ
རླུང་གཡབ	* r l u ŋ ɡ j a p
རླུང་རྟ	* r l u ŋ r t a
ལ	* l a
ལ་དྭགས	* l a dʷ a k s
ལ་ཕུག	* l a pʰ u k
ལག་པ	* l a k p a
ལགས	* l a k s
ལང	* l a ŋ
ལན	* l a n
ལན་རྒྱག	* l a n r ɡʲ a k
ལམ	* l a m
ལམ་ཀ	* l a m k a
ལམ་ཐག	* l a m tʰ a k
ལས་འཆར	* l a sⁿ t͡ɕʰ a r
ལི	* l i
ལི་ཙི	* l i t͡s i
ལི་ཝང	* l i w a ŋ
ལི་ཤི	* l i ɕ i
ལི་ཤི་མཚོན་འཁོར	* l i ɕ i m t͡sʰ o nᵑ kʰ o r
ལུག	* l u k
ལུང་པ	* l u ŋ p a
ལུད	* l u t
ལུད་པ	* l u t p a
ལེ་ཐོ	* l e tʰ o
ལེགས	* l e k s
ལེགས་པོ	* l e k s p o
ལེགས་སྦྱར	* l e k s z bʲ a r
ལེགས་སྦྱར་སྐད	* l e k s z bʲ a r s k a t
ལེན	* l e n
ལོ	* l o
ལོ་གསར	* l o k s a r
ལོ་མ	* l o m a
ལོ་ཙཱ་བ	l o ˩˨ t͡s a ˥˥ w aˑ
ལོ་རྒྱུས	* l o r ɡʲ u s
ལྔ	* l ŋ a
ལྔ་པ	* l ŋ a p a
ལྔ་བཅུ	* l ŋ a p t͡ɕ u
ལྕགས	* l t͡ɕ a k s
ལྕགས་རྟ	t͡ɕ a ˥˨ t aˑ
ལྕགས་ལམ	* l t͡ɕ a k s l a m
ལྕམ	* l t͡ɕ a m
ལྕེ	* l t͡ɕ e
ལྕེ་ཚ	* l t͡ɕ e t͡sʰ a
ལྕོག་ཙེ	t͡ɕ o k̚ˀ ˥˥ t͡s e ˥˥
ལྗགས	* l d͡ʑ a k s
ལྗང་ཁུ	* l d͡ʑ a ŋ kʰ u
ལྗི	* l d͡ʑ i
ལྗི་བ	* l d͡ʑ i b a
ལྗོངས	* l d͡ʑ o ŋ s
ལྟ	* l t a
ལྟ་ཀློག	* l t a k l o k
ལྟ་བ	* l t a b a
ལྟ་བུ	* l t a b u
ལྟ་སྟངས	* l t a s t a ŋ s
ལྟ་སྲུང	* l t a s r u ŋ
ལྟབ	* l t a p
ལྟབ་པ	* l t a p p a
ལྟམ	* l t a m
ལྟམས	* l t a m s
ལྟུང	* l t u ŋ
ལྟུང་བ	* l t u ŋ b a
ལྟེ་ཁུང	* l t e kʰ u ŋ
ལྟེ་བ	* l t e b a
ལྟེམས	* l t e m s
ལྟོ	* l t o
ལྟོགས	* l t o k s
ལྟོགས་པ	* l t o k s p a
ལྡག	* l d a k
ལྡན	* l d a n
ལྡིར	* l d i r
ལྡུམ་ར	* l d u m r a
ལྡོག	* l d o k
ལྦ་ཚྭ	* l b a t͡sʰʷ a
ལྦུ་བ	* l b u b a
ལྷ	* l̥ a
ལྷ་ཁང	* l̥ a kʰ a ŋ
ལྷ་གཅིག	* l̥ a k t͡ɕ i k
ལྷ་དབང	* l̥ a d b a ŋ
ལྷ་མོ	* l̥ a m o
ལྷ་མོ་དགོན	* l̥ a m o d ɡ o n
ལྷ་ས	* l̥ a s a
ལྷ་ས་བ	* l̥ a s a b a
ལྷག་པ	* l̥ a k p a
ལྷག་མཐོང	* l̥ a k m tʰ o ŋ
ལྷགས་པ	* l̥ a k s p a
ལྷོ	* l̥ o
ལྷོ་པ	* l̥ o p a
ལྷོ་སྣེ	ɬ o ˥˥ n eˑ
ལྷོ་སྣེ་གླིང	ɬ o ˥˥ n eˑ l i ŋ ˥˥
ཤ	* ɕ a
ཤངས	* ɕ a ŋ s
ཤར	* ɕ a r
ཤར་བ	ɕ é r p a
ཤི	* ɕ i
ཤིག	* ɕ i k
ཤིང	* ɕ i ŋ
ཤིང་ཀུན	* ɕ i ŋ k u n
ཤིང་ཏོག	* ɕ i ŋ t o k
ཤིང་ནགས	* ɕ i ŋ n a k s
ཤིང་བརྐོས	* ɕ i ŋ p r k o s
ཤིང་ཚ	* ɕ i ŋ t͡sʰ a
ཤིང་འབྲས	* ɕ i ŋᵐ b r a s
ཤིང་རྩི	* ɕ i ŋ r t͡s i
ཤིང་སྡོང	* ɕ i ŋ z d o ŋ
ཤིན་ཏུ་སྦྱང་བ	* ɕ i n t u z bʲ a ŋ b a
ཤུག་པ	* ɕ u k p a
ཤུབས	* ɕ u p s
ཤེལ	* ɕ e l
ཤེལ་དམ	* ɕ e l d a m
ཤེལ་སྒོ	* ɕ e l z ɡ o
ཤེས	* ɕ e s
ཤེས་པ	* ɕ e s p a
ཤེས་བྱ	* ɕ e s bʲ a
ཤོག	* ɕ o k
ཤོག་ངོས	* ɕ o k ŋ o s
ཤོག་བུ	* ɕ o k b u
ཤོར	* ɕ o r
ཤོས	* ɕ o s
ས	* s a
ས་ཁམས་རིག་པ	* s a kʰ a m s r i k p a
ས་ཁུལ	* s a kʰ u l
ས་གཡོས	* s a ɡ j o s
ས་དཀར	* s a t k a r
ས་བཀྲ	* s a b k r a
ས་འགུལ	* s aᵑ ɡ u l
ས་ཡ	* s a j a
ས་ཡོམ	* s a j o m
ས་རྟགས	* s a r t a k s
སང་ཉིན	* s a ŋ ȵ i n
སངས་རྒྱས	* s a ŋ s r ɡʲ a s
སད	* s a t
སམ་ཊ	s a m ˥˥ t aˑ
སམ་ཏ	* s a m t a
སི་པན	* s i p a n
སིལ་ར	* s i l r a
སུ	* s u
སུམ་ཅུ	* s u m t͡ɕ u
སུམ་རྟགས	* s u m r t a k s
སེ་བ	* s e b a
སེ་འབྲུ	* s eᵐ b r u
སེང	* s e ŋ
སེང་གེ	* s e ŋ ɡ e
སེངྒེ	s e ŋ ˥˥ k e ˥˥
སེམས	* s e m s
སེམས་གསོ	* s e m s k s o
སེམས་ཅན	* s e m s t͡ɕ a n
སེམས་པ	* s e m s p a
སེམས་སྡེ	* s e m s z d e
སེར	* s e r
སེར་པོ	* s e r p o
སོ	* s o
སོ་པ	* s o p a
སོག་པོ	* s o k p o
སོགས	* s o k s
སྐད	* s k a t
སྐད་བརྡ་རིག་པ	* s k a t b r d a r i k p a
སྐད་ཡིག	* s k a t j i k
སྐད་རིགས	* s k a t r i k s
སྐད་ལུགས	* s k a t l u k s
སྐད་སྒྲ	* s k a t z ɡ r a
སྐམ་པོ	* s k a m p o
སྐར་མ	* s k a r m a
སྐར་རྩིས	* s k a r r t͡s i s
སྐུ	* s k u
སྐུ་གདུང	* s k u g d u ŋ
སྐུལ་ཚིག	* s k u l t͡sʰ i k
སྐེ	* s k e
སྐྱ་བོ	* s kʲ a b o
སྐྱིད་པོ	* s kʲ i t p o
སྐྱུག་བཤལ	* s kʲ u k p ɕ a l
སྐྱུར་མོ	* s kʲ u r m o
སྐྱེ	* s kʲ e
སྐྱེ་དམན	* s kʲ e d m a n
སྐྱེ་རྒ་ན་འཆི	* s kʲ e r ɡ a n aⁿ t͡ɕʰ i
སྐྱོ	* s kʲ o
སྐྱོ་གླུ	* s kʲ o g l u
སྐྱོ་པོ	* s kʲ o p o
སྐྱོ་བ	* s kʲ o b a
སྐྱོང	* s kʲ o ŋ
སྐྱོབ་པ	* s kʲ o p p a
སྐྲ	* s k r a
སྐྲ་གཞུག	* s k r a g ʑ u k
སྐྲང	* s k r a ŋ
སྐྲངས་པ	* s k r a ŋ s p a
སྐྲན	* s k r a n
སྒ	* z ɡ a
སྒ་སེར	* z ɡ a s e r
སྒང་ཐོག	* z ɡ a ŋ tʰ o k
སྒམ	* z ɡ a m
སྒལ་པ	* z ɡ a l p a
སྒུག	* z ɡ u k
སྒེ་ཁུང	* z ɡ e kʰ u ŋ
སྒེའུ་ཁུང	k i ˩˨ kʰ u ŋ ˥˥
སྒོ	* z ɡ o
སྒོ་ང	* z ɡ o ŋ a
སྒོ་ལྕགས	* z ɡ o l t͡ɕ a k s
སྒོག་པ	* z ɡ o k p a
སྒོང་ང	* z ɡ o ŋ ŋ a
སྒོར་མོ	* z ɡ o r m o
སྒྱུ་རྩལ	* z ɡʲ u r t͡s a l
སྒྱུར	* z ɡʲ u r
སྒྲ	* z ɡ r a
སྒྲ་གདངས	* z ɡ r a g d a ŋ s
སྒྲ་སྒྱུར	* z ɡ r a z ɡʲ u r
སྒྲ་སྙན	* z ɡ r a z ȵ a n
སྒྲིག	* z ɡ r i k
སྒྲིག་འཛུགས	* z ɡ r i kⁿ d͡z u k s
སྒྲིལ	* z ɡ r i l
སྒྲུབ	* z ɡ r u p
སྒྲུབ་ཐབས	* z ɡ r u p tʰ a p s
སྒྲོ	* z ɡ r o
སྔ	* z ŋ a
སྔ་དྲོ	* z ŋ a d r o
སྔ་དྲོ་བདེ་ལེགས	* z ŋ a d r o b d e l e k s
སྔོན་པོ	* z ŋ o n p o
སྔོན་འགྲོ	* z ŋ o nᵑ ɡ r o
སྔོན་འཇུག	* z ŋ o nⁿ d͡ʑ u k
སྙམ	* z ȵ a m
སྙིང	* z ȵ i ŋ
སྙིང་རྗེ	* z ȵ i ŋ r d͡ʑ e
སྟག	* s t a k
སྟངས	* s t a ŋ s
སྟེགས་བུ	* s t e k s b u
སྟེང	* s t e ŋ
སྟོང	* s t o ŋ
སྟོང་པ་ཉིད	* s t o ŋ p a ȵ i t
སྟོད་མངའ་རིས	* s t o t m ŋ a r i s
སྟོན	* s t o n
སྟོན་ཀ	* s t o n k a
སྟོན་ཐོག	* s t o n tʰ o k
སྟོན་པ	* s t o n p a
སྟོབས	* s t o p s
སྟོབས་རྒྱས	* s t o p s r ɡʲ a s
སྟོབས་ལྡན	* s t o p s l d a n
སྡིག་སྲིན	* z d i k s r i n
སྡུག	* z d u k
སྡུག་གླུ	* z d u k g l u
སྡུག་པ	* z d u k p a
སྡུག་པོ	* z d u k p o
སྡུག་བསྔལ	* z d u k b z ŋ a l
སྡུད	* z d u t
སྡུར	* z d u r
སྡུར་བ	* z d u r b a
སྡེ་རིགས	* z d e r i k s
སྡོད	* z d o t
སྡོམ	* z d o m
སྣ	* z n a
སྣ་མིན་སྣ་ཚོགས	* z n a m i n z n a t͡sʰ o k s
སྣ་ལྡན	* z n a l d a n
སྣག་ཚ	* z n a k t͡sʰ a
སྣུབ	* z n u p
སྣུམ	* z n u m
སྣུམ་འཁོར	* z n u mᵑ kʰ o r
སྣེ	n eˑ
སྤང་རྒྱན	* s p a ŋ r ɡʲ a n
སྤང་སྤོས	* s p a ŋ s p o s
སྤེན་པ	* s p e n p a
སྤོ་བོ	* s p o b o
སྤོ་ལོ	* s p o l o
སྤོས	* s p o s
སྤོས་དཀར	* s p o s t k a r
སྤོས་ཤེལ	* s p o s ɕ e l
སྤྱང་ཀི	* s pʲ a ŋ k i
སྤྱང་པོ	* s pʲ a ŋ p o
སྤྱན	* s pʲ a n
སྤྱི་མཐུན་རྒྱལ་ཁབ	* s pʲ i m tʰ u n r ɡʲ a l kʰ a p
སྤྱི་ཚོགས	* s pʲ i t͡sʰ o k s
སྤྱི་ཚོགས་རིང་ལུགས	* s pʲ i t͡sʰ o k s r i ŋ l u k s
སྤྱི་ལེ	* s pʲ i l e
སྤྱི་སྐད	* s pʲ i s k a t
སྤྲིང	* s p r i ŋ
སྤྲིན	* s p r i n
སྤྲིན་པ	* s p r i n p a
སྤྲུལ	* s p r u l
སྤྲུལ་པ	* s p r u l p a
སྤྲུལ་སྐུ	* s p r u l s k u
སྤྲེའུ	p i u ˥˥
སྤྲོས་མེད	* s p r o s m e t
སྦག་སྦག	* z b a k z b a k
སྦལ་བ	* z b a l b a
སྦས་ཡུལ	* z b a s j u l
སྦི་ཅི་ལི	p i ˩˨ t͡ɕ i ˥˥ l iˑ
སྦྱང	* z bʲ a ŋ
སྦྱིན	* z bʲ i n
སྦྱིན་པ	* z bʲ i n p a
སྦྱོར	* z bʲ o r
སྦྱོར་ཀློག	* z bʲ o r k l o k
སྦྲང་རྩི	* z b r a ŋ r t͡s i
སྦྲུལ	* z b r u l
སྨན	* z m a n
སྨན་ཁང	* z m a n kʰ a ŋ
སྨན་ཁབ	* z m a n kʰ a p
སྨན་པ	* z m a n p a
སྨིན་མ	* z m i n m a
སྨུག་པ	* z m u k p a
སྨྱུག་མ	* z mʲ u k m a
སྨྱོན་པ	* z mʲ o n p a
སྨྲ	* z m r a
སྨྲ་བ	* z m r a b a
སྲང་ལམ	* s r a ŋ l a m
སྲམ	* s r a m
སྲས	* s r a s
སྲས་མོ	* s r a s m o
སྲིང་མོ	* s r i ŋ m o
སྲིད	* s r i t
སྲིན་བུ	* s r i n b u
སྲིན་བུ་པད་མ	* s r i n b u p a t m a
སྲུང་སྐྱོང་ཁུལ	ʂ u ŋ ˥˨ c o ŋˑ kʰ yː ˥˥
སྲུལ	* s r u l
སྲོག	* s r o k
སླར	* z l a r
སློབ	* z l o p
སློབ་ཁང	* z l o p kʰ a ŋ
སློབ་ཁྲིད	* z l o p kʰ r i t
སློབ་ཁྲིད་བྱེད	* z l o p kʰ r i t bʲ e t
སློབ་གྲྭ	* z l o p g rʷ a
སློབ་གྲྭ་ཆེན་མོ	* z l o p g rʷ a t͡ɕʰ e n m o
སློབ་དེབ	* z l o p d e p
སློབ་ཕྲུག	* z l o p pʰ r u k
སློབ་མ	* z l o p m a
སློབ་སྟོན	* z l o p s t o n
ཧ	* h a
ཧ་ཡང	* h a j a ŋ
ཧམ་སྤྱོད	* h a m s pʲ o t
ཧར	* h a r
ཧར་པོ	* h a r p o
ཧི་མ་ལ་ཡ	h i m ˥˥ l a j aˑ
ཧྲུལ	* r̥ u l
ཧྲུལ་པོ	* r̥ u l p o
ཨ	* ʔ a
ཨ་ཁུ	* ʔ a kʰ u
ཨ་ག་རུ	* ʔ a ɡ a r u
ཨ་ཆུང	* ʔ a t͡ɕʰ u ŋ
ཨ་ཕ	* ʔ a pʰ a
ཨ་མ	* ʔ a m a
ཨ་མཆོག	* ʔ a m t͡ɕʰ o k
ཨ་མདོ	* ʔ a m d o
ཨ་མྲ	* ʔ a m r a
ཨ་ཞང	* ʔ a ʑ a ŋ
ཨ་ཞང་གི	* ʔ a ʑ a ŋ ɡ i
ཨ་རག	* ʔ a r a k
ཨ་ལོང	* ʔ a l o ŋ
ཨ་ལྕག	* ʔ a l t͡ɕ a k
ཨ་ཤོམ	* ʔ a ɕ o m
ཨང་ཀི	* ʔ a ŋ k i
ཨང་གྲངས	* ʔ a ŋ ɡ r a ŋ s
ཨང་རྩིས	* ʔ a ŋ r t͡s i s
ཨེམ་ཆི	ʔ e m ˥˥ t͡ɕʰ i ˥˥
ཨོཾ	ʔ o m ˥˥
