־אי	a i
־י	i
־יה	i j a
־יהו	j a h u
א	ʔ
אב	a v
אבא	a b a
אבגדי	a v ɡ a d i
אבגר	a v ɡ a r
אבגתא	a v a ɡ t a
אבד	a v a d
אבדה	a v e d a
אבדון	a v a d o n
אבה	a b a
אבהות	a b a h u t
אבהי	a v a h i
אבוב	a b u v
אבובן	a b u v a n
אבוד	a v u d
אבוי	a v o i
אבולוציה	e v o l u t͡s j a
אבולוציוני	e v o l u t͡s j o n i
אבוס	e v u s
אבות	a v o t
אבזם	a v z a m
אבזקה	a v z a k a
אבזקת	a v z a k a t
אבחה	i v χ a
אבטחה	a v t a χ a
אבטיח	a v a t i a χ
אביב	a v i v
אביה	a v i j a
אביהוד	a v i h u d
אבימלך	a v i m e l e χ
אביר	a b i ʁ
אבישלום	a v i ʃ a l o m
אבן	e b e n
אבנון	a v n u n
אבנט	a v n e t
אבנטים	a v n e t i m
אבנימוס	a v n i m o s
אבץ	a v a t͡s
אבק	a v a k
אברה	e v ʁ a
אברהם	a v r a h a m
אברם	a v ʁ a m
אבשלום	a v ʃ a l o m
אגג	a ɡ a ɡ
אגודל	a ɡ u d a l
אגוז	e ɡ o z
אגזוז	e ɡ z o z
אגם	a ɡ a m
אגן	a ɡ a n
אגס	a ɡ a s
אגרוף	e ɡ ʁ o f
אגרטל	a ɡ a ʁ t a l
אג״ח	a ɡ a χ
אדום	a d o m
אדון	a d o n
אדוני	a d o j n e j
אדיגיה	a d i ɡ e j a
אדיר	a d i ʁ
אדישות	a d i ʃ u t
אדם	a d a m
אדמה	a d a m a
אדנירם	a d o j n i r ɔ m
אדריכל	a d ʁ i χ a l
אהב	a h a v
אהבה	ʔ a h a b aː
אהד	a h a d
אהה	a h a
אהוב	a h u v
אהובה	a h u v a
אהל	a h a l
אהרן	a h a ʁ o n
או	ʔ e
אובדן	o v d a n
אובדני	o v d a n i
אובך	o v e χ
אוגר	o ɡ e ʁ
אודם	o d e m
אוהל	o h e l
אוויר	a v i ʁ
אווירה	a v i ʁ a
אוזן	o j z ɛ n
אוח	o a χ
אוטיזם	o t i z e m
אויב	o j e v
אוכל	o j χ a l
אוכלוסייה	u χ l u s i j a
אוכמנית	u χ m a n i t
אולי	u l a j
אולימפי	o l i m p i
אולם	u l a m
אולפן	u l p a n
אומנות	u m a n u t
אוניברסיטה	u n i v e ʁ s i t a
אונן	o n a n
אוננות	o n a n u t
אונסכ״ו	u n e s k o
אוסטריה	o s t ʁ i j a
אוסטרליה	o s t ʁ a l j a
אוסף	o s e f
אופן	o f e n
אופנוע	o f a n o a
אופקים	o f a k i m
אוצר	o t͡s a ʁ
אוקיינוס	o k j a n o s
אוקסיטניה	o k s i t a n j a
אור	o ʁ
אוראניה	u ʁ a n j a
אורגזמה	o ʁ ɡ a z m a
אורגניזם	o ʁ ɡ a n i z e m
אורוגוואי	u ʁ u ɡ w a j
אורז	o ʁ e z
אורח	o j ʁ̞ a χ
אורחה	o ʁ χ a
אורי	o ʁ i
אוריגמי	o ʁ i ɡ a m i
אורן	o ʁ e n
אורניום	u r a n j u m
אורפיאוס	o ʁ f e u s
אות	o tʰ
אותיום	o t j o m
אותם	o j s ɔ m
אותן	o j s ɔ n
אותנו	o j s ɔ n u
אז	ʔ a z
אזהרה	a z h a r a
אזור	e z o ʁ
אזמל	i z m e l
אח	a χ
אחד	e h ɒ d
אחדות	a χ d u t
אחו	a χ u
אחושרמוטה	a χ u ʃ a ʁ m u t a
אחות	a χ o t
אחז	a χ a z
אחיינית	ʔ a χ j a n i t
אחלה	a χ l a
אחמתא	a ħ m ə θ ɔː
אחרי	a χ a ʁ e
אחריות	a χ ʁ a j u t
אחשדרפן	a χ a ʃ d a ʁ p a n
אחשורוש	a χ a ʃ v e ʁ o ʃ
אחת	a χ a s
אחתו	a χ o t o
אטימה	a t i m a
אטלק	i t l e k
אטמוספירה	a t m o s f e ʁ a
אטר	a t a ʁ
איב	a j a v
איבד	i b e d
איבה	e v a
איבוד	i b u d
איבר	e j v a ʁ
איגרוף	i ɡ ʁ u f
איגרת	ʔ i ɡ e ʁ e t
איה	a j e
איוב	i j j oː β
איווה	i v a
איום	a j o m
איזבל	i z e v e l
איזנקוט	ʔ a j z e n k o t
איחל	i χ e l
איחר	i χ e ʁ
איטי	i t i
איטלקית	i t a l k i t
אייל	a j a l
איילונית	a j l o n i t
איים	i j e m
אייר	i j a ʁ
איך	e χ
איכות	e χ u t
איכס	i χ s
איכר	i k a ʁ
איל	a j i l
איליריה	i l i ʁ j a
אילן	i l a n
אימהות	i m a h u t
אין	e n
אינדיגו	i n d i ɡ o
אינטגרציה	i n t e ɡ ʀ a t s j a
אינטראקציה	i n t e ʁ a k t͡s i j a
אינשאללה	i n ʃ a l a
איפה	e f o
איפנון	i f n u n
איפר	i f e ʁ
איראן	i ʁ a n
אירוע	e ʁ u a
אירלנד	i ʁ l a n d
אירש	e ʁ e s
איש	i ʃ
אישית	i ʃ i t
אית״ן	e t a n
אכום	a χ o m
אכזרי	a χ z a ʁ i
אכל	a χ a l
אכלה	a χ l a
אכן	a χ e n
אל	a l
אלא	e l a
אלדעה	e l d a a
אלה	e l e
אלוה	e l o a h
אלוהים	e l o h i m
אלומיניום	a l u m i n j u m
אלון	a l o n
אלוף	a l u f
אלטאי	a l t a j
אליה	a l j a
אליהו	e l i j a h u
אלייך	e l a i χ
אליך	e l a i χ
אלים	a l i m
אלימות	a l i m u t
אלכסנדריה	a l e k s a n d ʁ i j a
אלף	a l e f
אלתית	i l t i t
אל״ף	a l e f
אם	e j m
אמא	i m a
אמבטיה	a m b a t j a
אמד	a m a d
אמה	a m a
אמונה	e m u n a
אמין	a m i n
אמיתי	a m i t i
אמן	a m e n
אמפרסנד	a m p e ʁ s a n d
אמציה	a m a t͡s j a
אמריקה	a m e ʁ i k a
אמש	e m e ʃ
אמת	e m e s
אנגלי	a ŋ ɡ l i
אנגליה	a ŋ ɡ l i j a
אנגלית	a ŋ ɡ l i t
אנג׳רה	e n d͡ʒ a ʀ a
אנדרוגינוס	a n d ʁ o ɡ i n o s
אנו	a n u
אנוכי	a n o χ i
אנוש	a n u ʃ
אנושות	e n o ʃ u t
אנחנו	a n a χ n u
אנטומולוגיה	e n t o m o l o ɡ j a
אנטיכריסטוס	a n t i k ʁ i s t o s
אנטישמי	a n t i ʃ e m i
אנטישמיות	a n t i ʃ e m i j u t
אנטל	a n a t e l
אני	a n i
אננס	a n a n a s
אננסים	a n a n a s i m
אנערף	a n a a ʁ e f
אנפוף	i n p u f
אנציקלופדיה	e n t͡s i k l o p e d j a
אנרגיה	e n e ʁ ɡ i a
אסור	a s u ʁ
אסותא	a s u t a
אסטרואיד	a s t e ʁ o i d
אסטרופיזיקה	a s t ʁ o f i z i k a
אסימטרייה	a s i m e t ʁ i j a
אסיר	a s i ʁ
אסנת	a s e n a t
אסף	a s a f
אספירין	a s p i ʁ i n
אספלט	a s f a l t
אספקלריה	a s p a k l a ʁ j a
אספרנטו	e s p e ʁ a n t o
אסתר	e s t e j r
אף	a f
אפוד	e f o d
אפיין	i f j e n
אפילו	a f i l u
אפיקורוס	e p i k o r o s
אפליקציה	a p l i k a t͡s j a
אפעה	e f e
אפר	a f a ʁ
אפרטהייד	a p a ʁ t a j d
אפרסמון	a f a ʀ s e m o n
אפרסמונים	a f a ʁ s e m o n i m
אפשר	e f ʃ a ʁ
אפשרי	e f ʃ a r i
אפ׳חד	a f χ a d
אצבע	e s b æ
אצבען	e t͡s b a a n
אצולה	a t͡s u l a
אצטילן	a t͡s e t i l e n
אצל	e t͡s e l
אצר	a t͡s a ʁ
אקוודור	e k w a d o ʁ
אקונומיקה	e k o n o m i k a
אקורד	a k o ʁ d
אקלים	a k l i m
אקליפטוס	e k a l i p t u s
ארבה	a ʁ b a
ארבע	a r b a
ארבעה	a r b a a
ארבעים	a ʁ b a i m
ארגמן	a ʁ ɡ a m a n
ארגנטינה	a ʁ ɡ e n t i n a
ארוחה	a ʁ u χ a
ארוך	a ʁ o χ
ארומה	a ʁ o m a
ארון	a ʁ o n
ארי	a ʁ i
אריאל	a ʁ i e l
ארידתא	a ʁ i d a t a
אריה	a ʁ j e
אריזונה	a ʁ i z o n a
אריסטו	a ʁ i s t o
אריתריאה	e ʁ i t ʁ e a
ארכיטקטורה	a ʁ χ i t e k t u ʁ a
ארכן	a ʁ χ a n
ארכנופוביה	a ʁ a χ n o f o b j a
ארם	a ʁ a m
ארמון	a r m o n
ארמני	a r m e n i
ארמנית	a ʁ m e n i t
ארנב	ʔ a r n aː b
ארנבת	ʔ a r n ɛː v ɛ θ
ארנק	a ʁ n a k
ארץ	e r e s
ארצות	a ʁ a t͡s o t
ארר	ʔ a ʁ a ʁ
אררט	a ʁ a ʁ a t
אש	e ʃ
אשדוד	a ʃ d o d
אשה	i ʃ a
אשון	a ʃ u n
אשור	a ʃ u ʁ
אשורית	a ʃ u ʁ i t
אשך	a ʃ a χ
אשכול	e ʃ k o l
אשכיים	ɛ ʃ χ a i m
אשכים	a ʃ a χ i m
אשכר	e ʃ k a ʁ
אשל	e ʃ e l
אשלגן	a ʃ l e ɡ a n
אשם	a ʃ a m
אשמדאי	a ʃ m e d a j
אשמה	a ʃ m a
אשף	a ʃ a f
אשפה	a ʃ p a
אשפז	i ʃ p e z
אשקלון	a ʃ k e l o n
אשר	a ʃ e ʁ
אש״ל	e ʃ e l
את	a t
אתאיזם	a t e i z e m
אתגר	e t ɡ a ʁ
אתה	a t a
אתון	a t o n
אתיופיה	e t j o p j a
אתם	a t e m
אתמול	e t m o l
אתן	a t e n
ב־	b a
בא	b a
באובב	b a o b a b
באולינג	b a u̯ l i ŋ ɡ
באוש	b e o ʃ
באש	b a a ʃ
בבונג	b a b o n a ɡ
בבל	b a b e l
בבלי	b a b e l i
בבקשה	b e v a k a ʃ a
בגרות	b a ɡ ʁ u t
בג״ץ	b a ɡ a t͡s
בדולח	b d o l a χ
בדיוק	b e d i j u k
בדיל	b d i l
בדליכא	b i d e l e k a
בדק	b a d a k
בהוטן	b u t a n
בהכרח	b e e χ ʁ a χ
בהלה	b e a l a
בהמה	b e h e m a
בהמות	b e h e m o t
בהקדם	b e e k d e m
בואר	b o a ʁ
בוב	b o b
בודד	b o d e d
בודקה	b u d k e
בוהן	b o e n
בוטן	b o t e n
בולבול	b u l b u l
בוליביה	b o l i v j a
בוקר	b o k e ʁ
בורא	b o ʁ e
בורות	b u ʁ u t
בוריאטיה	b u ʁ j a t j a
בוש־דו־רון	b u ʃ d u ʁ o n
בושת	b eː ʃ æː θ
בזבז	b i z b e z
בזמן	b a z m a n
בזמנו	b i z m a n o
בזק	b e z e k
בחוץ	b a χ u t͡s
בחור	b a ħ u r
בחייך	b e χ a j a i χ
בחירה	b e χ i ʁ a
בחר	b a χ a ʁ
בטוח	b a t u a χ
בטח	b a t a χ
בטיחות	b e t i χ u t
בידה	b i d e
ביהל	b i h e j l
ביזיון	b i z a j o n
ביזנטי	b i z a n t i
ביטא	b i t e
ביטוח	b i t u a χ
ביטחון	b i t a χ o n
ביטקוין	b i t k o j n
בייגל	b e j ɡ e l
ביית	b i j e t
בימה	b i m a
בין	b e n
בינה	b i n a
ביצה	b e j t͡s a
ביקש	b i k e ʃ
בירה	b i ʁ a
בירות	b i ʁ o t
בישול	b i ʃ u l
בית	b a j i s
בי״כ	b e t ‿ k n e s e t
בכבוד	b e x ɒ v o d
בכי	b e χ i
בכיף	b e k e f
בלבוסטה	b a l a b u s t e
בלבל	b i l b e l
בלו	b ə l oː
בלוט	b a l u t
בלטשאצר	b e l t e ʃ a t͡s a ʁ
בליז	b e l i z
בלסטין	b a l a s t i n
בלשנות	b a l ʃ a n u t
בלת״ם	b a l t a m
במה	b a m a
במהירות	b e m e h i ʁ u t
במו	b e m o
במזל	b e m a z a l
במקום	b a m a k o m
בן	b e n
בנה	b a n a
בנות	b ɔ n o θ
בני	b a n a j
בניין	b i n j a n
בנים	b ɔ n iː m
בנימוס	b e n i m u s
בנימין	b i n j a m i n
בננה	b a n a n a
בסבלנות	b e s a v l a n u t
בסדר	b e s e d e r
בסיסי	b s i s i
בס״ד	b a s a d
בעיה	b a a j a
בעל	b a a l
בצל	b a t͡s a l
בצע	b e s æ
בצק	b a t͡s e k
בצרון	b i sˤ sˤ ɔː r oː n
בקבוק	b a k b u k
בקבקר	b a k b a k a r
בקע	b a k a
בקר	b a k a ʁ
בקרוב	b e k a ʁ o v
בר	b a ʁ
בראשית	b a r eː ʃ i θ
ברבדוס	b a ʁ b e d o s
ברבור	b a ʁ b u ʁ
ברוך	b a ʁ u χ
ברור	b a ʁ u ʁ
ברז	b e ʁ e z
ברזיל	b ʁ a z i l
ברזים	b ʁ a z i m
ברח	b a ʁ a χ
בריום	b a ʀ j u m
בריכה	b ʁ e χ a
בריליום	b e r i l j u m
ברית	b ə r i t
ברכה	b ʁ a χ a
ברמות	b e ʁ a m o t
ברציפות	b e r e t͡s i f u t
ברק	b a ʁ a k
ברקוס	b a ʀ q oː s
בשביל	b i ʃ v i l
בשגגה	b i s h ɡ a ɡ a
בשל	b e ʃ e l
בשן	b a ʃ a n
בשעטו״מ	b e ʃ a a t u m
בשר	b a s a ʁ
בת	b a t
בתולה	b e t u l a
בתים	b a t i m
בתר	b a t a r
גאה	ɡ e e
גאוגרפיה	ɡ e o ɡ ʁ a f j a
גאווה	ɡ a a v a
גארפילד	ɡ a ʁ f i l d
גב	ɡ a v
גבוה	ɡ a v o a
גבול	ɡ v u l
גבינה	ɡ v i n a
גבירה	ɡ e v i ʁ a
גבעה	ɡ i v a
גבר	ɡ e v e ʁ
גברבר	ɡ v a ʁ v a ʁ
גבריאל	ɡ a v r iː ʔ eː l
גברת	ɡ e v e ʁ e t
גג	ɡ a ɡ
גדוד	ɡ d u d
גדול	ɡ a d o l
גדליה	ɡ a d a l j aː
גדר	ɡ a d e ʁ
גדרון	ɡ i d ʁ o n
גואטמלה	ɡ u a t e m a l a
גוג	ɡ o ɡ
גודש	ɡ o d e ʃ
גוויה	ɡ v i j a
גווע	ɡ a v a
גוזל	ɡ o z a l
גוי	ɡ o j
גולה	ɡ o l a
גולית	ɡ o l j a t
גולן	ɡ o l a n
גומא	ɡ o m e
גוף	ɡ u f
גוץ	ɡ u t͡s
גורל	ɡ o ʁ a l
גזבר	ɡ i z b a ʁ
גזה	ɡ i z a
גזוז	ɡ a z o z
גזל	ɡ a z a l
גזענות	ɡ i z a n u t
גזר	ɡ e z e ʁ
גז׳דור	ɡ i ʒ d u ʁ
גז׳דר	ɡ i ʒ d e ʁ
גחן	d͡ʒ ɔː ħ æː n
גיא	ɡ a j
גיאנה	ɡ i j a n a
גיבור	ɡ i b o ʁ
גיגל	ɡ i ɡ e l
גידול	ɡ i d u l
גידף	ɡ i d e f
גיהנום	ɡ e e n o m
גיטרה	ɡ i t a ʁ a
גילוף	ɡ i l u f
גיליוטינה	ɡ i l j o t i n a
גיליוטינות	ɡ i l j o t i n o t
גירד	ɡ e ʁ e d
גישה	ɡ i ʃ a
גישור	ɡ i ʃ u ʁ
גישר	ɡ i ʃ e ʁ
גלויה	ɡ l u j a
גלח	ɡ a l a χ
גלח״ץ	ɡ a l χ a t͡s
גלידה	ɡ l i d a
גלמוד	ɡ a l m u d
גלצ״ח	ɡ a l t͡s a χ
גלש	ɡ a l a ʃ
גם	d ʒ æ m
גמבה	ɡ a m b a
גמגם	ɡ i m ɡ e m
גמל	d͡ʒ a mː ɔː l
גן	ɡ a n
גנב	d ʒ ɔ n æ v
גס	ɡ a s
גפן	d ʒ æ f æ n
גרב	ɡ e ʁ e v
גרביון	ɡ a ʁ b i j o n
גרון	ɡ a ʁ o n
גרף	ɡ a ʁ a f
גרש	ɡ e ʁ e ʃ
גרשם	ɡ e ʁ ʃ o m
גשום	ɡ a ʃ u m
גשם	ɡ a ʃ m
גשן	d͡ʒ øː ʃ æ n
גשר	ɡ a ʃ a ʁ
גת	ɡ a t
ג׳וק	d ʒ u k
ג׳חנון	d͡ʒ a ħ n u n
ג׳יבוטי	d͡ʒ i b u t i
ג׳יפ	d͡ʒ i p
ג׳ירף	d͡ʒ i ʁ a f
ג׳ירפה	d ʒ i ʁ a f a
ג׳קפרוט	d͡ʒ a k f ʁ u t
ג׳ריקן	d͡ʒ e ʁ i k a n
דאדאיזם	d a d a i z e m
דב	d o v
דבורה	d v o r a
דבילי	d e b i l i
דבק	d a v a k
דבר	d a b a r
דברים	d a v ɔː ʀ̟ iː m
דברת	d a b e ʁ e t
דבש	d v a ʃ
דבשת	d a b b a ʃ a θ
דג	d a ɡ
דגדגן	d a ɡ d e ɡ a n
דגה	d a ɡ a
דגל	d e ɡ e l
דגן	d a ɡ a n
דגש	d a ɡ e ʃ
דוב	d o b
דובאי	d u b a j
דובדבן	d u v d e v a n
דוגרי	d u ɡ ʁ i
דוד	d a b i d
דודה	d o d a
דוח	d u a χ
דוך	d u χ
דוכיפת	d u χ i f a t
דולב	d o l e v
דולר	d o l a r
דופק	d o f e k
דחוף	d a χ u f
דחליל	d a χ l i l
דיבלל	d i v l e l
דיבר	d i b e ʁ
דיג	d a j i ɡ
דיו	d i j o
דיכאון	d i k a o n
דיכוי	d i k u j
דימם	d i m e m
דין	d iː n
דיקטטורה	d i k t a t u ʁ a
דיקציה	d i k t͡s i j a
דיר	d i ʁ
דירה	d i ʁ a
דלבי	d o l v e
דלבים	d l a v i m
דלי	d l i
דליקה	d l e k a
דלפון	d a l f o n
דלקת	d a l e k e t
דלת	d e l e t
דם	d a m
דמוקרטיה	d e m o k r a t j a
דמות	d m u t
דמיון	d i m j o n
דממה	d m a m a
דן	d a n
דנהבה	d i n h a v a
דני	d a n i
דניאל	d a n i j e l
דנמרק	d e n e m a ʁ k
דעה	d e a
דעיכה	d e i χ a
דעת	d a ʔ a t
דף	d a f
דפק	d a f a k
דפקט	d e f e k t
דפקתי	d a f a k t i
דפרסיה	d e p ʁ e s i j a
דקירה	d k i ʁ a
דקל	d e k e l
דקלם	d i k l e m
דקר	d a k a ʁ
דרום	d ɔ ʀ o m
דרך	d a ʁ a χ
דרכון	d a ʁ k o n
דרכמון	d a ʁ k e m o n
דרקון	d a r q o n
דשא	d e ʃ e
דת	d a t
ד״ר	d o k t o ʁ
ה־	h a
האזין	e e z i n
האריך	h e e ʁ i χ
הארץ	h a a ʁ e t͡s
הבאיש	h i b ʔ iː ʃ
הבדיל	h i v d i l
הבה	a v a
הביא	h e v i
הביך	e v i χ
הבין	e v i n
הביס	h e b i s
הביע	h i b i a
הבל	h e v e l
הבנה	h a v a n a
הברה	a v a ʁ a
הגביר	h i ɡ b i ʁ
הגה	h a ɡ a
הגיע	h i ɡ i a
הגעיל	h i ɡ i l
הדהים	h i d h i m
הדוניזם	e d o n i z e m
הדסה	h a d a s a
הדשיא	h i d ʃ i
ההסה	e e s a
הוא	h u
הואיל	h o i l
הוארך	h o o ʁ a χ
הודה	h o d a
הודו	h o d u
הודיע	h o d i a
הודעה	h o d a a
הווה	h o v e
הוכחה	h o χ a ħ a
הומו	h o m o
הומוסקסואליות	h o m o s e k s u a l i u t
הונדורס	o n d u ʁ a s
הוסיף	h o s i f
הועיל	h o i l
הופיע	h o f i a
הוציא	h o t͡s i
הוקיע	h o k i a
הוקע	h u k a
הורדוס	h o ʁ d o s
הושע	h o ʃ e a
הזדיין	h i z d a j e n
הזדמנות	h i z d a m n u t
הזוי	h a z u j
הזכיר	h i z k i ʁ
החדיר	e χ d i ʁ
החזיק	h e χ e z i k
החל	e χ e l
החליף	e χ l i f
החלקרח	a χ a l a k e ʁ a χ
החמיא	h e χ e m i
החנה	e χ e n a
החשיך	e χ ʃ i χ
הטביע	h i t b i a
הטה	h i t a
הטיס	e t i s
היא	h i
היגר	h i ɡ e ʁ
היה	a j a
היטב	e j t e v
היטלר	h i t l e ʁ
הייתה	a j t a
הייתי	a i t i
היכרות	e k e ʁ u t
הימשה	h i m ʃ a
היריון	e ʁ a j o n
הכחיד	h i k χ i d
הכחיש	h i k χ i ʃ
הכין	e χ i n
הכניע	h i χ n i a
הכת	e χ e t
הכתיב	h i χ t i v
הלאה	h a l a
הלאים	h i l i m
הלבין	h i l b i n
הלוואה	a l v a a
הלוואי	a l v a j
הלחיץ	h i l χ i t͡s
הלחם	h e l χ e m
הליום	h e l j u m
הלך	a l a χ
הלכה	h a l a χ a
הללויה	a l e l u j a
הללוקה	h a l e l u k a
הלעיב	h i l i v
הם	e m
המה	a m a
המון	h a m o n
המית	e m i t
המליץ	h i m l i t͡s
המן	h a m a n
הן	e n
הנדסה	a n d a s a
הנה	h e n n ɔ
הס	h a s
הסביר	h i s b i ʁ
הסגביר	h i s ɡ v i ʁ
הסיכאזם	h a s i χ a z ɛ m
הסתבך	h i s t a b e χ
הסתובב	h i s t o v e v
הסתופף	h i s t o f e f
הסתיר	h i s t i ʁ
הסתפר	h i s t a p e r
הסתתר	h i s t a t e ʁ
העדין	h e e d i n
העולם	a o l a m
העליב	h e e l i v
העמיס	e e m i s
העפיל	e e f i l
העריך	e e ʁ i χ
הפגיז	h i f ɡ i z
הפגין	h i f ɡ i n
הפיק	e f i k
הפך	h a f a χ
הפליט	h i f l i t
הפעם	h a p a a m
הפצה	h a f a t͡s a
הפציץ	h i f t͡s i t͡s
הפרעה	a f r a a
הפשיט	h i f ʃ i t
הצהיר	h i t͡s h i ʁ
הצחיק	h i s h i ɢ
הצטחק	h i s t æ h e ɢ
הצטרפות	h i t͡s t a r f u t
הציל	h i t͡s i l
הצעיק	h i t͡s i k
הצצה	a t͡s a t͡s a
הקהיל	h i k h i l
הקיא	e k i
הקריס	h i k ʁ i s
הקשיב	h i k ʃ i v
הר	h a ʁ
הראה	e ʁ a
הראל	h a ʁ e l
הרבה	a ʁ b e
הרביץ	h i ʁ b i t͡s
הרגל	e ʁ ɡ e l
הרגע	a ʁ e ɡ a
הריח	h e ʁ i a χ
הריסה	a ʁ i s a
השאיר	h i ʃ i ʁ
השואה	a ʃ o a
השוואה	a ʃ v a a
השווה	h i ʃ v a
השוויץ	h i ʃ v i t͡s
השחית	h i ʃ ħ iː tʰ
השיר	h i ʃ i ʁ
השכים	h i ʃ k i m
השליג	h i ʃ l i ɡ
השליש	h i ʃ l i ʃ
השלכה	a ʃ l a χ a
השם	h a ʃ e m
השמיט	h i ʃ m i t
השמין	h i ʃ m i n
השפעה	h a ʃ p a a
השפריץ	h i ʃ p ʁ i t͡s
השקה	h i ʃ k a
השקיע	h i ʃ k i a
השקיף	h i ʃ k i f
השקעה	a ʃ k a a
השתאה	h i ʃ t a e
השתגע	h i ʃ t a ɡ e a
השתדל	h i ʃ t a d e l
השתזף	h i ʃ t a z e f
השתחוה	h i ʃ t a ħ a w a
השתין	h i ʃ t i n
השתכנז	h i ʃ t a k n e z
השתלבות	h i ʃ t a l v u t
השתלט	h i ʃ t a l e t
השתמט	h i ʃ t a m e t
השתעמם	h i ʃ t a a m e m
התאבד	h i t a b e d
התאבדות	h i t a b d u t
התאבל	h i t a b e l
התאגד	h i t a ɡ e d
התאהב	h i t a e v
התאושש	h i t o ʃ e ʃ
התאפיין	h i t a f j e n
התאפר	h i t a p e ʁ
התבודד	h i t b o d e d
התבודדות	h i t b o d e d u t
התבטל	h i t b a t e l
התבכיין	h i t b a χ j e n
התגאה	h i t ɡ a e
התגרש	h i t ɡ a ʁ e ʃ
התגשם	h i t ɡ a ʃ e m
התחיל	h i t χ i l
התחלה	a t χ a l a
התחלק	h i t χ a l e k
התחמק	h i t χ a m e k
התחפש	h i t χ a p e s
התחרט	h i t χ a ʁ e t
התחתן	h i t χ a t e n
התיוון	h i t j a v e n
התיז	h i t i z
התיחס	h i t j a χ e s
התייאש	h i t j a e ʃ
התייבש	h i t j a b e ʃ
התייהד	h i s y a h e j d
התיישב	h i t j a ʃ e v
התיש	h i t i ʃ
התכוון	h i t k a v e n
התכייף	h i t k a j e f
התכרבל	h i t k a ʁ b e l
התכתב	h i t k a t e v
התלבש	h i s l a b e j ʃ
התלונן	h i t l o n e n
התלכלך	h i t l a χ l e χ
התלקח	h i t l a k e a χ
התמכר	h i t m a χ e ʁ
התמקח	h i t m a k e a χ
התמרמר	h i t m a ʁ m e ʁ
התנצל	h i t n a t͡s e l
התנשא	h i t n a s e
התעדה	h i t a d a
התערבב	h i t a ʁ b e v
התעשר	h i t a ʃ e ʁ
התפנה	h i t p a n a
התפעל	h i t p a e l
התפשט	h i t p a ʃ e t
התפתח	h i t p a t e a χ
התקבץ	h i t k a b e t͡s
התקווצ׳ץ׳	h i t k a v t͡ʃ e t͡ʃ
התקוממות	h i t k o m e m u t
התקטן	h i t k a t e n
התרגל	h i t r a ɡ e l
התרפא	h i t ʁ a p e
ו־	v e
ובכן	u v χ e n
וואחש	w a χ ʃ
ווק	w o k
ויאמר	v a j e j m ɛ r
ויילס	w e j l s
ויסטריה	v i s t e ʁ i a
ויסקי	v i s k i
ויקימילון	v i k i m i l o n
ויקיפדיה	v i k i p e d j a
ויקרא	v a j i k r a
וכו׳	v ə χ u
ולא	w a l oː ʔ
ולהאלה	v a l h a l a
ונצואלה	v e n e t͡s u e l a
וסת	v e s e t
ורד	v e ʁ e d
ורונה	v e r o n a
וריד	v ʁ i d
ושתי	v a ʃ t i
זאב	z e ʔ e v
זאבה	z e e v a
זב	z a v
זבד	z e v e d
זבוב	z v u v
זבל	z a v a l
זברה	z e b ʁ a
זג	z a ɡ
זה	z a
זהב	z a h a v
זהבן	z a h a v a n
זהורית	z e h o ʁ i t
זהיר	z a h i ʁ
זובי	z u b b i
זוועה	z a w aː ʕ aː
זוחת	z o χ e t
זוטה	z u t a
זומבי	z o m b i
זונה	z o n a
זז	z a z
זחלת	z o ħ ɛ l ɛ tʰ
זיבי	z i b b i
זיהום	z i h u m
זיוה	z i v a
זיז	z i z
זיין	z i j e n
זיכרון	z i k a ʁ o n
זיעה	z e a
זיקורת	z i k u ʁ a t
זירקוניום	z i r k o n j u m
זיתים	z e j t i m
זכוכית	z χ u χ i t
זכר	z a x a r
זלזול	z i l z u l
זמזומילה	z i m z u m i l a
זמיר	z a m i r
זמן	z m a n
זן	z a n
זנגביל	z a n ɡ v i l
זנה	z a n a
זעזע	z i z e a
זערורי	z a a ʁ u ʁ i
זרבובית	z a ʁ b u v i t
זרג	z e ʁ e ɡ
זרובבל	z r u b ɔ v e l
זרוע	z a ʁ u a
זרח	z a r a ħ
זרם	z e ʁ e m
זרמה	z i r m aː
זרע	z a r a ʕ
ח	χ e t
חבילה	χ a v i l a
חביתה	χ a v i t a
חבל	ħ a b l
חבקוק	ħ a b a qˤ qˤ uː qˤ
חבר	x a v e j r
חברון	ħ ɛ v r oː n
חברותא	χ a v ʁ u t a
חברתי	χ a v ʁ a t i
חבש	x ɔ v a ʃ
חגב	χ a ɡ a v
חגורה	χ a ɡ o ʁ a
חדירה	χ a d i ʁ a
חדר	χ a d a ʁ
חדש	χ a d a ʃ
חדשות	χ a d a ʃ o t
חוב	ħ a w b
חובה	ħ e v ɔ
חוגה	χ u ɡ a
חודש	χ o d e ʃ
חוה	ħ a v v a
חוח	ħ o a ħ
חוחית	χ o χ i t
חוט	ħ uː tˤ
חוי	h i v i
חולדה	χ u l d a
חולצה	χ u l t͡s a
חום	h o m
חומץ	χ o m e t͡s
חומר	ħ o m e r
חומרה	χ o m r a
חומש	χ u m a ʃ
חוף	χ o f
חופן	ħ o f e n
חוצפן	χ u t͡s p a n
חוק	χ o k
חוקר	χ o k e ʁ
חורבן	ħ u r b a n
חורג	χ o ʁ e ɡ
חורף	χ o ʁ e f
חורפי	χ o ʁ f e j
חורפים	χ o ʁ a f i m
חושך	χ o ʃ e χ
חו״ל	χ u l
חזיר	χ a z i ʁ
חזרה	χ a z a ʁ a
חח	ħ aː ħ
חחח	χ a χ a χ a
חטוף	χ a t u f
חטיבה	χ a t i v a
חטיף	χ a t i f
חטף	χ a t a f
חי	ħ a j
חיבוק	χ i b u k
חיבל	χ i b e l
חיה	ħ a j j a
חיובי	χ i j u v i
חיות	χ i j j u t
חיזר	χ i z e r
חיטה	χ i t a
חייט	χ a j a t
חייך	χ i j e χ
חיים	ħ a i m
חילדון	χ i l a d o n
חימום	χ i m u m
חימם	χ i m e m
חימש	ħ i m m eː ʃ
חינך	χ i n e χ
חינם	χ i n a m
חיפה	χ a j f a
חיקה	χ i k a
חירף	χ e ʁ e f
חיתן	χ i t e n
חכליל	ħ a k l iː l
חכלילות	ħ a k l iː l uː t
חכלילית	χ a χ l i l i t
חכם	x u x u m
חל	ħ aː l
חלאה	χ e l a
חלב	ħ a l a b
חלבנה	ħ æ l b æ n ɔː
חלום	χ a l o m
חלומות	χ a l o m o t
חלון	χ a l o n
חלוץ	ħ aː l uː sˤ
חלוק	ħ ɔ l u q
חלזון	ħ i l l ɔ z oː n
חלל	χ a l a l
חלם	χ a l a m
חלק	χ a l a k
חלקית	χ e l k i t
חלקלק	χ a l a k l a k
חלש	χ a l a ʃ
חם	h a m
חמאה	χ e m a
חמאס	χ a m a s
חמאסניק	χ a m a s n i k
חמאר	χ m a ʁ
חמה	χ a m a
חמוץ	χ a m u t͡s
חמוצית	χ a m u t͡s i t
חמור	χ a m o ʁ
חמוש	χ a m u ʃ
חמים	χ a m i m
חמישה	e m i ʃ ʃ a
חמישי	χ a m i ʃ i
חמץ	ħ a m e sˤ
חמצוואר	χ a m t͡s a v a ʁ
חמר	χ e m e ʁ
חמש	h ɒ m e ʃ
חמשיר	χ a m ʃ i ʁ
חנוכה	ħ a n u k k aː
חנוכייה	χ a n u k i j a
חנון	χ n u n
חנונית	χ n u n i t
חנות	ħ aː n uː t
חנייה	χ a n a j a
חנית	χ a n i t
חנק	χ a n a k
חנ״ג	χ a n a ɡ
חסד	ħ e s e d
חסון	ħ a s o n
חסיד	χ a s i d
חסקה	ħ a s a k e
חפירה	ħ a f i r ɔ
חפלה	χ a f l a
חפצי־בה	x ɛ f t͡s i v ɔ
חפר	χ a f a ʁ
חפרע	ħ ɔ f r a ʕ
חפרפרת	ħ a f a r pʰ ɛ r ɛ θ
חץ	ħ e sˤ
חצאית	χ a t͡s a i t
חצות	χ a t͡s o t
חצי	χ a t͡s i
חצר	χ a t͡s e ʁ
חקלאות	χ a k l a u t
חקלאי	χ a k l a i
חרא	χ a ʁ a
חרב	χ e ʁ e v
חרבן	χ i ʁ b e n
חרדי	χ a ʁ e d i
חרדיים	χ a ʁ e d i i m
חרדים	χ a ʁ e d i m
חרדית	χ a ʁ ɛ d i t
חרה	χ a ʁ a
חרוב	χ a ʁ u v
חרוסת	ħ ă ʁ o s ɛ θ
חרטה	χ a ʁ a t a
חריג	χ a ʁ i ɡ
חריף	χ a ʁ i f
חריפות	χ a ʁ i f u t
חרמן	χ a ʁ m a n
חרפה	χ e ʁ p a
חרק	χ a ʁ a k
חרת	ħ aː r a θ
חש	χ a ʃ
חשב	χ a ʃ a v
חשבון	ħ e ʃ b o n
חשוב	ħ a ʃ u b
חשיבה	χ a ʃ i v a
חשמול	χ i ʃ m u l
חשמל	χ a ʃ m a l
חשף	χ a s a f
חשש	χ a ʃ a ʃ
חתול	ħ a t u l
חתולה	ħ ă θ u l l ɔ
חתונה	χ a t u n a
חתיכה	χ a t i χ a
חתלתול	χ a t a l t u l
חתן	χ a t a n
טבול	t e v u l
טביליסי	t b i l i s i
טבלן	t a v l a n
טבע	t a v a
טבעי	t i v i
טג׳יקי	t a d͡ʒ i k i
טג׳יקיסטן	t a d͡ʒ i k i s t a n
טוב	t e j v
טובאלו	t u v a l u
טווס	t a v a s
טווסון	t a v a s o n
טומטום	t u m t u m
טונגה	t o n ɡ a
טוס	t a v a s
טופו	t o f u
טורסו	t o ʁ s o
טורף	t o ʁ e f
טיבט	t i b e t
טיוב	t i j u v
טיטניום	t i t a n j u m
טייח	t i j e a χ
טייס	t a j a s
טיל	t i l
טיסה	t i s a
טיפה	t i p a
טיפל	t i p e l
טיפש	t i p e ʃ
טיפשות	t i p ʃ u t
טירונות	t i r o n u t
טכנולוגי	t e χ n o l o ɡ i
טל	t a l
טלה	t a l e
טלית	t a l e t
טלפון	t e l e f o n
טלפן	t i l f e n
טמבל	t e m b e l
טמפורה	t a m p u ʁ a
טמפרטורה	t e m p e ʁ a t u ʁ a
טמרה	t a m ʁ a
טס	t a s
טעות	t a u t
טעם	t a a m
טף	t a f
טפו	t f u
טפטוף	t i f t u f
טקסס	t e k s a s
טראומה	t ʁ a w m a
טרול	t ʁ o l
טרומפלדור	t ʁ u m p e l d o ʁ
טרוריסט	t e ʁ o ʁ i s t
טריגונומטריה	t ʁ i ɡ o n o m e t ʁ i j a
טריז	t r i z
טרנסניסטריה	t ʁ a n s n i s t ʁ i j a
טרפנטין	tˤ ɛ ʀ p ɛ n tˤ i n
טשטש	t i ʃ t e ʃ
י־	j a
יא	j a
יאור	j e o ʁ
יאזניה	j a a z a n j a
יאכטה	j a χ t a
יבול	j e v u l
יבוס	j a b uː s
יבוק	j a b b oː q
יבניה	j i v n e j a
יברכיהו	j e v e ʁ e χ j a h u
יבש	j a v e ʃ
יד	j a d
ידה	j a d a
ידיד	j a d i d
ידע	j a d a
יה	j a
יהדות	j a h a d u t
יהודה	j a h uː d aː h
יהודי	j e h u d i
יהודית	j e h u d i t
יהוה	j e h o v a
יהונתן	j a h oː w n aː t aː n
יהושע	j e h o ʃ u a
יהי	j e h i
יובל	j o v e l
יוגוסלביה	j u ɡ o s l a v j a
יוגורט	j o ɡ u ʁ t
יוד	j o d
יווני	j e v a n i
יוחם	j u χ a m
יוחנן	j o j χ ɔ n ɔ n
יוטה	j u t a
יוכבד	j o χ e v e d
יום	j e j m
יומולדת	j o m u l e d e t
יומון	j o m o n
יומיומי	j o m j o m i
יון	j a v a n
יונה	j o n a
יונתן	j o n a t a n
יוסף	j o s e f
יותר	j o t e ʁ
יותרת	j o t e ʁ e t
יזיז	j a z i z
יזעת	j a z a a t
יחזקאל	j e χ e s k e l
יחי	j e χ i
יחידה	j e χ i d a
יחידות	j e h i d u t
יחמור	j a ħ m u ʀ
יחס	j a ħ a s
יחף	j a χ e f
ייאש	j e e ʃ
ייבא	j i b e
ייבוא	j i b u
ייוון	j i v e n
ייחודי	j i χ u d i
ייחס	j i ħ e s
יין	j a i n
ייער	j i e ʁ
ייצא	j i t͡s e
יכול	j a χ o l
יכולת	j χ o l e t
ילד	j a l a d
ים	j a m
ימין	j ɔː m iː n
ינקות	j a n k u t
ינשוף	j a n ʃ u f
יסוד	j e s o d
יסכה	j i s k a
יעד	j a a d
יעל	j a e l
יעקב	j a a k o v
יער	j a a ʁ
יערות	j e a ʁ o t
יערן	j a a ʁ a n
יפה	j a f a
יפנית	j a p a n i t
יפת	j e f e t
יצא	j a t͡s a
יצחק	i t͡s χ a k
יציבות	j a t͡s i v u t
יציר	j e t͡s i ʁ
יצר	j a t͡s a ʁ
יקותיאל	j a q uː tʰ iː ʔ i l
יקטן	j o k t a n
יקע	j a k a
יקר	j a k a ʁ
ירא	j a ʁ e
יראה	j i r ʔ aː
ירד	j a r a d
ירדן	j a ʁ d e n
ירה	j a ʁ a
ירוק	j a ʁ o k
ירושה	j e ʁ u ʃ a
ירושלים	j a r uː ʃ aː l a j m
ירח	j a r a ħ
ירחמאל	j e ʁ a χ m e e l
ירי	j e ʁ i
יריחו	j e ʁ i χ o
יריעה	j e ʁ i ʔ a
ירך	j a ʁ e χ
ירמיה	j i ʁ m j a
יש	j e ʃ
ישב	j a ʃ a v
ישו	j e ʃ u
ישוע	j e ʃ u a
ישורון	j e ʃ u ʁ u n
ישחק	i s χ a k
ישיבה	j e ʃ i v a
ישימון	j e ʃ i m o n
ישמעאל	i ʃ m a e l
ישעיהו	j e ʃ a j a h u
ישראל	i s ʁ a e l
ישראלי	i s ʀ e e l i
יתוש	j a t u ʃ
יתרו	j i t ʁ̟ o
כאחד	k e e χ a d
כאילו	k e i l u
כאן	k a n
כאשר	k a a ʃ e ʁ
כבאי	k a b a j
כבד	k a v e d
כבוד	k a b o d
כבר	k v a ʁ
כבש	k a v a s
כדאי	k e d a j
כדור	k a d u ʁ
כדורגל	k a d u ʁ e ɡ e l
כדורעף	k a d u ʁ a f
כדי	k e d e j
כהניזם	k a h a n i z e m
כובע	k o v a
כוהן	k o e n
כוח	k o a χ
כולה	k u l a
כולו	k u l o
כולם	k u l a m
כולנו	k u l a n u
כומז	k u m a z
כוסברה	k u s b a ʁ a
כור	k o r
כורכום	k u ʁ k u m
כורסה	k u ʀ s a
כורש	k o ʁ e ʃ
כוש	k u ʃ
כותב	k e ɪ̯ s e ɪ̯ v
כותנה	k u t n a
כחול	k a χ o l
כחוש	k a χ u ʃ
כחל	k a χ a l
כיבוש	k i b u ʃ
כיוון	k i v e n
כיום	k a j o m
כיון	k i j j uː n
כיזב	k i z e v
כיחד	k i χ e d
כיסא	k i s e
כיף	k e f
כיפה	k i p p ɔ
כיפור	k i p p u r
כיצד	k e t͡s a d
כך	k a χ
ככה	k a χ a
כל	k e l
כלב	k a l a v
כלבה	k a l b a
כלבות	k a l aː b oː t
כלבים	k a l aː b iː m
כלבלב	k l a v l a v
כלבת	k a l l ɛ v ɛ θ
כלה	k a l a
כלום	k l u m
כלומר	k l o m a ʁ
כליה	k i l j a
כלך	k e l e χ
כלל	k a l a l
כמו	k e m o
כמוש	k m o ʃ
כמות	k a m m u t
כמעט	k i m a t
כן	k a n
כניעה	k n i a
כנס	k e n e s
כנסיה	k e n e s i j a
כנסת	k n e s e t
כנען	k e n a ʔ a n
כנף	k a n a f
כנראה	k a n i ʁ e
כסף	k e s e f
כספית	k a s p i t
כסת״ח	k a s t a χ
כעס	k a a s
כף	k a f
כפור	k e f o r
כפייה	k f i j a
כפל	k a f a l
כפפה	k f a f a
כרגיל	k a ʁ a ɡ i l
כרה	k a ʁ a
כרוב	k a r uː b
כריסטמס	k ʁ i s m e s
כרית	k a ʁ i t
כרם	k a r m
כרע	k a r a
כרפס	k a r p a s
כרתים	k ʁ e t i m
כתב	k a t a b
כתוב	k a t u b
כתובת	k t o v e t
כתיב	k s iː v
כתיבה	k e t i v a
כתית	k a t i t
כתיתה	k t i t a
כתף	k a t e f
כתר	k e t e ʁ
ל	l a m e d
ל־	l a
לא	l o
לאוס	l a ʔ o s
לאכול	l e e χ o l
לב	l e v
לבב	l e v a v
לבוש	l a v u ʃ
לביא	l a v i
לביבה	l e v i v a
לבירינת	l a b i ʁ i n t
לבן	l a b a n
לבש	l a v a ʃ
לגם	l a ɡ a m
לגמרי	l e ɡ a m r e
לגשת	l a ɡ e ʃ e t
לדינו	l a d i n o
לדפוק	l i d f o k
לדרוש	l i d ʁ o ʃ
לה	l a
להג	l a h a ɡ
להגמר	l e h i ɡ a m e ʁ
להה	l a h a
להוט	l a h u t
להיט	l a h i t
להפך	l e e f e χ
להקה	l a a k a
להתראות	l e h i t ʁ a o t
לו	l o
לובן	l e j v ɛ n
לובסטר	l o b s t e ʁ
לווייתן	l i v j a t a n
לוח	l u a χ
לוין	l a v j a n
לוקק	l u k a k
לח	l a χ
לחי	l e χ i
לחייך	l e χ a j e χ
לחיים	l e ħ a j i m
לחם	l a ħ a m
לחץ	l a χ a t͡s
לחש	l a χ a ʃ
ליבי	l i b i
ליבן	l i b b e n
ליד	l e j a d
לידה	l e d a
לילה	l a j l a
לימד	l i m e d
לימוד	l i m m u d
לימודים	l i m m u d i m
לימונדה	l i m o n a d a
לינוק	l i n o k
ליסבון	l i s b o n
ליצן	l e j t͡s a n
ליצ׳י	l i t͡ʃ i
ליצ׳ים	l i t͡ʃ i m
ליקט	l i k e t
ליקק	l i k e k
ליש	l a j i ʃ
לישון	l i ʃ o n
לכאורה	l i x e̞ ʔ oː r aː
לכאן	l e k a n
לכתוב	l i χ t o v
ללמוד	l i l m o d
למד	l a m a d
למה	l a m a
למוד	l a m u d
למור	l a m u r
למטה	l e m a t a
למידה	l e m i d a
למעלה	l e m a l a
לנשוב	l i n ʃ o v
לספר	l ə s a p e ʁ
לעזאזל	l a ʔ a z a z e l
לעטון	l a a t o n
לפה	l e f o
לפיכך	l e f i χ a χ
לק	l e k
לקוח	l a k o a χ
לקח	l a k a χ
לקנות	l i k n o t
לקק	l a k a k
לקקן	l a k e k a n
לקראת	l i k ʁ a t
לקרוא	l i k r o
לרוב	l a ʁ o v
לשון	l a ʃ o n
לשוני	l e ʃ o n i
לשים	l a s i m
לשמוע	l i ʃ m o a
לשמור	l i ʃ m o ʁ
לשתות	l i ʃ t o t
לתמוך	l i t m o χ
לתפור	l i t f o r
ל״י	l a j
מ	m e m
מ־	m i
מאבק	m a a v a k
מאה	m e a
מאוד	m e o d
מאוחר	m e u χ a ʁ
מאוכזב	m e u χ z a v
מאות	m e o t
מאחורי	m e a ħ o r e j
מאכל	m a a χ a l
מאפיין	m e a f j e n
מארב	m a a ʁ a v
מאתיים	m a a t a j i m
מבואר	m e v o a ʁ
מבולבל	m e v u l b a l
מביך	m e v i χ
מבצר	m i v t͡s a ʁ
מברג	m a v ʁ e ɡ
מברוק	m a b ʁ u k
מברשת	m i v ʁ e ʃ e t
מגבון	m a ɡ v o n
מגבת	m a ɡ e v e t
מגדל	m i ɡ d a l
מגדלור	m i ɡ d a l o ʁ
מגהץ	m a ɡ e t͡s
מגוג	m a ɡ o ɡ
מגוחך	m e ɡ u χ a χ
מגזר	m i ɡ z ɔ ʀ
מגן	m a ɡ e n
מגנזיום	m a ɡ n e z j u m
מגנט	m a ɡ n e t
מגעיל	m a ɡ i l
מג׳נון	m a d͡ʒ n u n
מג׳נטה	m a d͡ʒ e n t a
מג״ב	m a ɡ a v
מדבקה	m a d b e k a
מדין	m i d j a n
מדינה	m a d iː n aː
מדע	m a d a
מדפסת	m a d p e s e t
מדרגה	m a d ʁ e ɡ a
מדרגות	m a d ʁ e ɡ o t
מדריך	m a d ʁ i χ
מדרכה	m i d ʁ a χ a
מדרשים	m i d r a ʃ i m
מדשאה	m i d ʃ a a
מד״א	m a d a
מה	m a
מהגר	m e a ɡ e ʁ
מהול	m a h u l
מהיטבאל	m e h e t a v e l
מהילה	m e h i l a
מהיר	m a h i ʁ
מהל	m a a l
מהנדס	m e a n d e s
מהפך	m a a p a χ
מהפכה	m a a p e χ a
מהר	m a a ʁ
מואב	m o a v
מוגבל	m u ɡ b a l
מוגדל	m u ɡ d a l
מוגלה	m u ɡ l a
מודע	m u d a
מוהל	m o e l
מוהר	m o a ʁ
מוות	m a v e t
מוזיאון	m u z e o n
מוזיקה	m u z i k a
מוזר	m u z a ʁ
מוח	m o a χ
מוט	m o t
מוכן	m u χ a n
מולדת	m o l e d e t
מום	m u m
מונגוליה	m o n ɡ o l j a
מוסיקה	m u s i k a
מועד	m o e d
מועסק	m o a s a k
מוצא	m o t͡s a
מוקדון	m o k d o n
מושג	m u s a ɡ
מושלם	m u ʃ l a m
מושלמת	m u ʃ l ɛ m ɛ t
מושקע	m u ʃ k a
מות	m u s
מותן	m o t e n
מזבח	m i z b e a χ
מזג	m a z a ɡ
מזגן	m a z ɡ a n
מזדיין	m i z d a j e n
מזח	m e j z a χ
מזחלת	m i z χ e l e t
מזיח	m e z i a χ
מזיק	m a z i k
מזכרת	m a z k e ʁ e t
מזל	m a z a l
מזלג	m a z l e ɡ
מזרון	m i z ʁ o n
מזרח	m i z r ɔː ħ
מזרן	m i z ʁ a n
מזרק	m a z ʁ e k
מזרקה	m i z ʁ a k a
מחבואים	m a χ b o i m
מחבל	m e χ a b e l
מחבת	m a χ a v a t
מחדד	m e χ a d e d
מחדל	m e χ d a l
מחוז	m a χ o z
מחזור	m a χ a z o ʁ
מחלה	m a χ a l a
מחלף	m e χ l a f
מחנה	m a χ a n e
מחסנית	m a χ s a n i t
מחץ	m a χ a t͡s
מחצבה	m a χ t͡s a v a
מחק	m a χ a k
מחקים	m e χ a k i m
מחר	m a χ a r
מחרתיים	m a ħ o r a t a j i m
מחשב	m a ħ ʃ e v
מחשבה	m a χ ʃ a v a
מחשבון	m a χ ʃ e v o n
מטאטא	m a t a t e
מטבע	m a t b e a
מטוס	m a t o s
מטורף	m e t o ʁ a f
מטושטש	m e t u ʃ t a ʃ
מטטרון	m e t a t ʁ o n
מטר	m a t a ʁ
מטרה	m a t a r a
מטריה	m i t ʁ i j a
מידה	m i d a
מידע	m e d a
מיוער	m e j u a ʁ
מיזם	m e j z a m
מיטה	m i t a
מייבש	m e j a b e ʃ
מיינץ	m a j n t͡s
מיכאל	m i χ a e l
מיכה	m i x ɔ
מילה	m i l a
מילון	m i l o n
מילניום	m i l e n j u m
מים	m a j i m
מימון	m a j m o n
מימונה	m i m u n a
מימוש	m i m u ʃ
מין	m i n
מיני	m i n i
מיעוט	m i u t
מיקוח	m i k u a χ
מיקרופון	m i k ʁ o f o n
מישהו	m i ʃ e h u
מישהי	m i ʃ e h i
מישור	m i ʃ o r
מיתה	m i s ɔ
מכבי	m a k a b i
מכוסה	m e χ u s e
מכורה	m e χ o ʁ a
מכחול	m i k χ o l
מכיר	m a k i ʁ
מכנסיים	m i χ n a s a i m
מכפלה	m a χ p e l a
מכשפה	m a χ ʃ e f a
מכתב	m i k t aː b
מכתוב	m a k t u b
מלאך	m a l a χ
מלוח	m a l u a χ
מלוכלך	m e l u χ l a χ
מלון	m a l o n
מלח	m a l a ħ
מלחין	m a l χ i n
מלחמה	m i l ħ aː m aː
מלית	m i l i t
מלך	m a l a χ
מלכה	m a l k a
מלכות	m a l χ u t
מלכים	m l a χ i m
מלפפון	m e l a f e f o n
מלצר	m e l t͡s a ʁ
מלקוש	m a l k o j ʃ
ממלכה	m a m l a χ a
ממש	m a m a ʃ
ממתק	m a m t a k
מנדרינה	m a n d a ʁ i n a
מנדרינות	m a n d a ʁ i n o t
מנהרה	m i n h a r a
מנוחה	m e n u χ a
מנומס	m e n u m a s
מנורה	m e n o ʁ a
מנזר	m i n z a ʁ
מניה	m n a j a
מניין	m i n j a n
מנסרה	m i n s a ʁ a
מנשה	m e n a ʃ e
מס	m a s
מסגד	m i s ɡ a d
מסדרון	m i s d a ʁ o n
מסוכן	m e s u k a n
מסורת	m a s o ʁ e t
מסך	m a s a χ
מסכת	m a s e χ e t
מסכתות	m a s e χ t o t
מסנן	m a s n e n
מסעדה	m i s a d a
מספיק	m a s p i k
מספריים	m i s p a ʁ a i m
מסקנה	m a s k a n a
מסרק	m a s ʁ e k
מעד	m a a d
מעונן	m e u n a n
מעיל	m e i l
מעל	m e a l
מעלה	m a a l a
מעליב	m a ʔ a l i v
מעניין	m e a n j e n
מערב	m a a ʁ a v
מערה	m e a ʁ a
מערך	m a ʔ a ʁ a χ
מפיבשת	m e f i b o ʃ e t
מפל	m a p a l
מפלגה	m i f l a ɡ a
מפלט	m i f l a t
מפסידן	m a f s i d a n
מפעל	m i f ʔ a l
מפקד	m e f a k e d
מפקדה	m i f k a d a
מפתח	m a f t e a ħ
מצא	m a t͡s a
מצב	m a t͡s a v
מצבה	m a t͡s e v a
מצגת	m a t͡s e ɡ e t
מצה	m a t͡s a
מצותיו	m i t͡s v o t a v
מצח	m e sˤ a ħ
מצחיק	m a sˤ ħ i q
מצחף	m i t͡s χ a f
מציצה	m e t͡s i t͡s a
מצית	m a t͡s i t
מצלמה	m a t͡s l e m a
מצנח	m a t͡s n e a χ
מצנפת	m i t͡s n e f e t
מצץ	m a t͡s a t͡s
מצרים	m i t͡s ʁ a j i m
מקולקל	m e k u l k a l
מקום	m a k o m
מקורזל	m e k u ʁ z a l
מקלדת	m i k l e d e t
מקלחת	m i k l a χ a t
מקסיקו	m e k s i k o
מקפצה	m a k p e t͡s a
מקצוע	m i k t͡s o a
מקרא	m i k ʁ a
מר	m a ʁ
מראה	m a ʁ a
מרב	m e ʁ a v
מרבד	m a ʁ v a d
מרגלות	m a r ɡ ə l o j s
מרגמה	m a ʁ ɡ e m a
מרדכי	m o ʁ d e χ a j
מרוץ	m e ʁ o t͡s
מרור	m a ʁ o ʁ
מרח	m a ʁ a χ
מריחואנה	m a ʁ i χ w a n a
מרים	m i ʁ j a m
מריצה	m e ʁ i t͡s a
מרכבה	m e ʁ k a v a
מרכול	m a ʁ k o l
מרפסת	m i ʁ p e s e t
מרפק	m a ʁ p e k
מרק	m a ʁ a k
מרשתת	m i r ʃ e t e t
מרתף	m a ʁ t e f
משאב	m a ʃ a v
משאבה	m a ʃ e v a
משאית	m a s a i t
משאלה	m i ʃ a l a
משה	m o ʃ e
משהו	m a ʃ e h u
משוגע	m e ʃ u ɡ a
משומד	m e ʃ u m a d
משורר	m e ʃ o ʁ e ʁ
משוש	m a s o s
משותף	m e ʃ u t a f
משחית	m a ʃ ħ iː tʰ
משחק	m i s χ a k
משטר	m i ʃ t a r
משטרה	m i ʃ t a ʁ a
משיח	m a ʃ i a χ
משכן	m i ʃ k a n
משכנתה	m a ʃ k a n t a
משל	m a ʃ a l
משמעותי	m a ʃ m a u t i
משמש	m i ʃ m e ʃ
משמשים	m i ʃ m e ʃ i m
משנה	m i ʃ n a
משפחה	m i ʃ p a χ a
משפט	m i ʃ p a t
משק	m e ʃ e k
משקה	m a ʃ k e
משקל	m i ʃ k a l
משתה	m i ʃ t e
משתלה	m a ʃ t e l a
מת	m e j s
מתודה	m e t o d a
מתווה	m i t v a
מתוכנן	m e t u χ n a n
מתולתל	m e t u l t a l
מתוק	m a t o k
מתי	m a t a j
מתיהד	m i s y a h e j d
מתמטיקה	m a t e m a t i k a
מתנה	m a t a n a
מתקדם	m i t k a d e m
מתתיהו	m a t a t j aː h uː
מ״צ	m e m ‿ t͡s a d i
נאבד	n e e v a d
נאבק	n e e v a k
נאורו	n a u ʁ u
נאות	n a o t
נאט״ו	n a t o
נאף	n a a f
נאץ	n a a t͡s
נאצל	n e e t͡s a l
נבהל	n i v h a l
נבוכדנאצר	n e v u χ a d n e t͡s a ʁ
נבח	n a v a χ
נביחה	n e v i χ a
נבעת	n i v a s
נגב	n e ɡ e v
נגח	n a ɡ a χ
נגיעה	n e ɡ i a
נגיש	n a ɡ i ʃ
נגמר	n i ɡ m a ʁ
נגע	n a ɡ a
נגעל	n i ɡ a l
נד	n a d
נדב	n a d a v
נדם	n a d a m
נדן	n a d a n
נדקר	n i d k a ʁ
נהג	n a h a ɡ
נהוראי	n e h o ʁ a j
נהק	n a a k
נהר	n a a ʁ
נהריה	n a h a ʁ i j a
נוד	n o d
נווד	n a v a d
נווה	n a v e
נוכחות	n o χ e χ u t
נוסף	n o s a f
נוף	n o f
נוצה	n o t͡s a
נוקד	n o k e d
נורא	n o ʁ a
נוראי	n o ʁ a i
נורמלי	n o ʁ m a l i
נורמליזציה	n o ʁ m a l i z a t͡s j a
נותן	n o t e n
נזום	n i z u m
נזיר	n a z i r
נזם	n e z e m
נחושת	n e χ o ʃ e t
נחלה	n a ħ ə l aː
נחלץ	n e χ e l a t͡s
נחנו	n a ħ n uː
נחנק	n e χ e n a k
נחס	n a χ s
נחש	n a ħ a ʃ
נחשתן	n e h u ʃ t ɒ n
נטל	n a t a l
נטמע	n i t m a
ניאון	n e ʔ o n
ניאץ	n i e t͡s
ניב	n i v
ניבול	n i b b uː l
ניהל	n i e l
ניואה	n i j u e
ניזום	n i z u m
ניחוח	n i h o æ
ניחוחי	n i h o h i
נייר	n e j a r
נילוס	n i l u s
ניצח	n i sˤ e j j a ħ
ניקוד	n i k u d
ניקל	n i k e l
ניקרגואה	n i k a ʁ a ɡ u a
נישא	n i s a
נישה	n i ʃ a
ניתוח	n i t u a χ
ניתק	n i t e k
נכון	n a χ o n
נכנע	n i χ n a
נכס	n a χ a s
נכתב	n i χ t a v
נלחם	n i l χ a m
נם	n a m
נמאס	n i m a s
נמהל	n i m a l
נמוך	n a m u χ
נמל	n a m a l
נמלה	n e m a l a
נמלט	n i m l a t
נמצא	n i m t͡s a
נעה	n o a
נעמי	n o m i
נער	n a a ʁ
נפוטיזם	n e p o t i z e m
נפח	n a f a χ
נפטר	n i f t a ʁ
נפל	n a f a l
נפש	n a f a ʃ
נפשות	n e f a ʃ o t
נפשט	n i f ʃ a t
נצח	n a sˤ a ħ
נצעק	n i t͡s a k
נקבה	n a q eː v ɔː
נקי	n a k i
נקם	n a k a m
נקמה	n e k a m a
נקע	n a k a
נקר	n a k a ʁ
נרדם	n i ʁ d a m
נרטב	n i ʁ t a v
נרמל	n i ʁ m e l
נשב	n a ʃ a v
נשבה	n i ʃ b a
נשבע	n i ʃ b a
נשבר	n i ʃ b a ʁ
נשוי	n a s u j
נשיא	n a s i
נשימה	n e ʃ i m a
נשכח	n i ʃ k a χ
נשכר	n i s k a ʁ
נשמה	n a ʃ m a
נשק	n a ʃ a k
נתאכם	n i t a k e m
נתון	n a t u n
נתניה	n a t a n j a
נתפס	n i t f a s
נתקל	n i t k a l
סאה	s a ʔ aː
סאקורה	s a k u ʁ a
סבא	s a b a
סבון	s a b o n
סביבון	s e v i v o n
סבלנות	s a v l a n u t
סגד	s a ɡ a d
סגידה	s ɡ i d a
סגריר	s a ɡ r i r
סדום	s d e i m
סדין	s a d i n
סדן	s a d a n
סדר	s e d e ʁ
סהר	s a a r
סהרה	s a a r a
סובב	s o v e v
סוד	s o d
סוודר	s v e d e ʁ
סוללה	s o l e l a
סומליה	s o m a l j a
סונכרן	s u n k r a n
סוס	s u s
סוף	s o f
סופגנייה	s u f ɡ a n i j a
סופ״ש	s o f a ʃ
סוציאליזם	s o t͡s j a l i z e m
סורינאם	s u ʁ i n a m
סחבק	s a χ b a k
סחרחורת	s e χ a ʁ χ o ʁ e t
סטוץ	s t u t͡s
סיב	s i v
סיבה	s i b a
סיבוך	s i b u χ
סיבי	s i v i
סיגל	s i ɡ e l
סידן	s i d a n
סידר	s i d e ʁ
סיוט	s i j u t
סינוף	s i n u f
סינכרן	s i n k r e n
סינף	s a n a f
סיסרא	s i s r ɔ
סיף	s a j i f
סיפק	s i p e k
סיפר	s i p e ʁ
סירב	s e ʁ e v
סכו״ם	s a k u m
סלולר	s e l u l a ʁ
סלולרי	s e l u l a ʁ i
סלמון	s a l m o n
סלניום	s e l e n j u m
סלע	s e l a
סם	s a m
סמואה	s a m o a
סמוך	s a m u χ
סמיכות	s m i χ u t
סמך	s a m a χ
סמכות	s a m χ u t
סמכותי	s a m χ u t i
סמל	s a m a l
סנאי	s n a i
סנדוויץ׳	s e n d v i t͡ʃ
סנה	s n e
סנטר	s a n t e ʁ
סניף	s n i f
סנסן	s a n s a n
סנפיר	s n a p i ʁ
סעודה	s e u d a
סערה	s e a r a
סף	s a f
ספח	s a f a x
ספטמבר	s e p t e m b e ʁ
ספינה	s f i n a
ספציפית	s p e t͡s i f i t
ספר	s a f a r
ספרד	s f a ʁ a d
ספרדית	s f a ʁ a d i t
ספרות	s i f ʁ u t
ספרייה	s i f r i j a
סקוטיה	s k o t i j a
סקוטלנד	s k o t l a n d
סקנדיום	s k a n d j u m
סקסי	s e k s i
סקרנות	s a k ʁ a n u t
סרטון	s i ʁ t o n
סריס	s a ʁ i s
סרר	s a ʁ a ʁ
סתירה	s t i ʁ a
סתם	s t a m
עבד	e v e d
עבדקן	a v d e k a n
עבודה	a v oː d ɔ
עברות	ʔ i v ʁ u t
עברי	i v ʁ i
עברית	i v r i s
עגבנייה	a ɡ v a n i j a
עגבת	a ɡ e v e t
עד	a d
עדה	a d a
עדוי	a d u y
עדי	a d i
עדיאל	a d i e l
עדכון	i d k u n
עדלם	a d u l a m
עדן	a d e n
עדשה	a d a ʃ a
עובדיה	o v a d j a
עוגה	u ɡ a
עוגות	u ɡ o t
עוגייה	u ɡ i j a
עוד	o d
עוה	i v a
עוון	a v o n
עול	o l
עולם	o l a m
עומר	o m e r
עונה	o n a
עונש	o n e ʃ
עוף	o f
עופר	o f e ʁ
עור	o ʁ
עורב	o ʁ e v
עז	e z
עזה	a z a
עזזיהו	a z a z j a h u
עזיז	a z i z
עזרה	e z ʁ a
עט	e t
עטור	a t u ʁ
עטיפה	a t i f a
עטן	a t a n
עטר	a t a r
עטרה	a t a ʁ a
עיבר	i b e ʁ
עיוור	i v e ʁ
עיון	i j u n
עיט	a j i t
עיטור	i t u ʁ
עיין	i j e n
עייף	a j a f
עייפות	a j e f u t
עיכול	i k u l
עיכל	i k e l
עין	a j i n
עינוי	i n u j
עיניים	e j n a j i m
עיפרון	ʔ i p a ʁ o n
עיפש	i p e ʃ
עיצור	i t͡s u ʁ
עיר	i ʁ
עירר	e ʁ e ʁ
עיתונאות	i t o n a u t
עכביש	a k a v i ʃ
עכבישים	a k a v i ʃ i m
עכבר	a χ b a ʁ
עכו	a k o
עכוז	a k u z
עכשיו	a χ ʃ a v
על	a l
עלה	a l a
עלוב	a l u v
עלול	a l u l
עלוקה	a l u k a
עלינו	a l e i n u
עלמה	a l m a
עם	a m
עמד	a m a d
עמוק	a m o k
עמורה	a m o j r ɔ
עמנואל	i m a n u e l
עמק	e m e k
עמ׳	a m u d
ענבל	i n b a l
עני	a n i
ענן	a n a n
ענף	a n a f
עף	a f
עפולה	a f u l a
עפר	a f a ʁ
עפרונות	ʔ e f ʁ o n o t
עפ״י	a p i
עץ	e j t͡s
עצב	a t͡s a v
עצומה	a t͡s u m a
עצים	e t͡s i m
עצלן	a t͡s l a n
עצם	e t͡s e m
עצמאות	a t͡s m a u t
עקב	a k a v
עקעק	a k a k
עקרב	a k ʁ a b
עקרבים	a k ʁ a b i m
עקרון	e k ʁ o n
עקשן	a k ʃ a n
ערב	e ʁ e v
ערבב	i ʁ b e v
ערבית	a ʁ a v i t
ערוה	e ʁ v a
ערום	a ʁ u m
ערוץ	a ʁ u t͡s
ערירי	a ʁ i ʁ i
ערך	a r a χ
ערכאה	a ʁ k a a
ערמון	a r m o n
ערס	a ʁ s
ערפל	a ʁ a f e l
ערש	e ʁ e s
עש	a ʃ
עשב	e s e v
עשה	a s a
עשור	a s o ʁ
עשים	a ʃ i m
עשיר	a ʃ i ʁ
עשר	a s a ʁ
עשרה	a s a ʁ a
עת	e t
עתיד	a t i d
פאה	p e a
פברק	f i b ʁ e k
פגר	p e ɡ e ʀ
פגרה	p a ɡ ʀ a
פדחת	p a d a χ a t
פדרציה	f e d e ʁ a t͡s j a
פהה	p a h a
פוח	p u a χ
פוטיפר	p o t i f a ʁ
פויה	f u j a
פולמוס	p o l m o s
פולקלור	f o l k l o r
פומלה	p o m e l a
פונדק	p u n d a k
פופאי	p o p a j
פופולרי	p o p u l a ʁ i
פורים	p u r i m
פושט	p o ʃ e t
פח	p a χ
פחד	p a χ a d
פחדן	p a χ d a n
פחה	p e χ a
פחם	p e χ a m
פטל	p e t e l
פטמה	p i t m a
פי	p i
פיג׳י	f i d͡ʒ i
פיג׳מה	p i d͡ʒ a m a
פיזי	f i z i
פיטאיה	p i t a j a
פיטן	p a j t a n
פילוסוף	f i l o s o f
פילל	p i l e l
פין	p i n
פינוי	p i n u j
פינטז	f i n t e z
פינקוושינג	p i n k v a ʃ i n ɡ
פיסח	p i s e a χ
פיצה	p i t͡s a
פיצוץ	p i t͡s u t͡s
פירק	p e ʁ e k
פירש	p e ʁ e ʃ
פישון	p i ʃ o n
פישט	p i ʃ e t
פיתח	p i t e a χ
פך	p a χ
פלאו	p a l a u
פלונטר	p l o n t e r
פלזמה	p l a z m a
פלטינה	p l a t i n a
פליט	p a l i t
פלני	p l o n i
פלסטין	f a l a s t i n
פלפל	p i l p e l
פלרטט	f l i ʁ t e t
פלשבק	f l e ʃ b e k
פלשת	p a l a ʃ t
פלשתינה	f a l e s t i n a
פמיניזם	f e m i n i z e m
פן	f e n
פנייה	p n i j a
פנמה	p a n a m a
פנס	p a n a s
פסול	p a s u l
פסולת	p s o l e t
פסוקית	p s u k i t
פסח	p a s a χ
פסחא	p a s χ a
פסטורלי	p a s t o ʁ a l i
פסיפלורה	p a s i f l o ʁ a
פסיפלורות	p a s i f l o ʁ o t
פסיפס	p s e f a s
פסנתר	p s a n t e ʁ
פעם	p a a m
פעמון	p a a m o n
פענח	p i a n e a χ
פער	p a a r
פצע	p e t͡s a
פצעון	p i t͡s o n
פצצה	p t͡s a t͡s a
פקודה	p k u d a
פקיד	p a k i d
פקיסטן	p a k i s t a n
פק״ל	p a k a l
פרא	p e ʁ e
פראייר	f ʁ a j e ʁ
פרגוואי	p a ʁ a ɡ w a j
פרגון	f i ʁ ɡ u n
פרגן	f i ʁ ɡ e n
פרדיגמה	p a ʁ a d i ɡ m a
פרדס	p a r d e s
פרה	p a ʁ a
פרו	p e ʁ u
פרוה	p a ʁ v a
פרוטקציה	p ʁ o t e k t͡s j a
פרור	p a ʁ u ʁ
פרותי	p a ʁ v a t i
פרחים	p ə r aː ħ iː m
פרי	p ə r i
פרידה	p ʁ e d a
פריט	p ʁ i t
פרכיל	p a ʁ k i l
פרנסה	p a ʁ n a s a
פרסה	p a r s a
פרסי	p a ʁ s i
פרסית	p a ʁ s i t
פרעה	p a r ʕ o
פרעוש	p a ʁ ʔ o ʃ
פרצוף	p a r sˤ u f
פשט	p a ʃ a t
פשטות	p a ʃ t u t
פשטידה	p a ʃ t i d a
פשיזם	f a ʃ i z e m
פשלה	f a ʃ l a
פשע	p e ʃ a
פשר	p e ʃ a r
פשתה	p i ʃ t a
פשתן	p i ʃ t a n
פשתני	p i ʃ t a n i
פת	p a t
פתגם	p i t ɡ a m
פתוח	p a t u a χ
פתן	p e t e n
פתרון	p i t a ʁ o n
פתרוס	p a θ r oː s
צאל	sˤ ă ʔ e l
צאלון	sˤ ɛ ʔ ɛ l o n
צאן	sˤ o n
צאצא	t͡s e e t͡s a
צב	t͡s a v
צבא	sˤ aː b aː ʔ
צבאות	sˤ a v ɔː ʔ oː o θ
צבאי	sˤ a b a ʔ iː
צבי	sˤ e b i
צבע	t͡s e v a
צבעוני	t͡s i v o n i
צד	t͡s a d
צדיק	sˤ a d d i q
צדע	sˤ æː ð æ ʕ
צדק	s e d e k
צדקה	sˤ ă ð ɔ q ɔ
צהוב	t͡s a h o v
צהריים	t͡s a a ʁ a j i m
צואה	t͡s o a
צוואר	t͡s a v a ʁ
צווארון	t͡s a v a ʁ o n
צומת	t͡s o m e t
צופר	t͡s o f a ʁ
צוק	t͡s u k
צור	t͡s u ʁ
צחוק	s e h o ɢ
צחנה	sˤ a ħ n aː
צחצח	t͡s i χ t͡s e a χ
צחק	s a χ a k
צחקק	t͡s i χ k e k
צי	t͡s i
ציאן	t͡s i a n
ציבור	sˤ i b b u ʀ
ציד	t͡s a i d
ציווה	t͡s i v a
ציון	t͡s i j o n
צייד	t͡s a j a d
צייר	t͡s a j a ʁ
צילם	t͡s i l e m
צימוקים	s i m u k i m
צינגלה	t͡s i n ɡ a l e
ציפה	t͡s i f a
ציפור	t͡s i p o ʁ
ציפורה	t͡s i p o ʁ a
ציפורן	t͡s i p o ʁ e n
ציצית	t͡s i t͡s i t
צירוף	t͡s e ʁ u f
צירף	t͡s e ʁ e f
צל	sˤ e l
צלב	t͡s a l a v
צלה	t͡s a l a
צלוליט	t͡s e l u l i t
צלחת	t͡s a l a χ a t
צלם	t͡s e l e m
צלע	t͡s e l a
צלקת	t͡s a l e k e t
צם	s ɒ m
צמח	s ɛ m a ħ
צמיג	t͡s a m i ɡ
צמר	t͡s e m e ʁ
צנובר	t͡s n o b a ʁ
צנום	t s a n u m
צנון	t s n o n
צנח	t͡s a n a χ
צנים	t s n i m
צניעות	sˤ ă n i ʕ u θ
צעיף	t͡s a i f
צעק	t͡s a a k
צער	t͡s a a ʁ
צפה	t͡s a f a
צפון	sˤ aː p oː n
צפוף	t͡s a f u f
צפורה	t͡s i p o ʁ a
צפן	t͡s a f a n
צפצפה	t͡s a f t͡s a f a
צפרדע	t͡s f a ʁ d e a
צפת	sˤ ə ɸ a θ
צר	t͡s a ʁ
צרח	t͡s a ʁ a χ
צרי	sˤ ɔ̆ r iː
צריום	t͡s e r j u m
צריך	s a r i x
צרכן	t͡s a ʁ χ a n
צרעה	t͡s i ʁ a
צרעת	t͡s a ʁ a a t
צרפת	sˤ a r f a t
צרפתית	t͡s a ʁ f a t i t
צ׳וצ׳ה	t͡ʃ u t͡ʃ a
צ׳חלה	t͡ʃ a χ l a
צ׳חלות	t͡ʃ a χ l o t
צ׳חלת	t͡ʃ a χ l a t
צ׳ילה	t͡ʃ i l e
צ׳ק	t͡ʃ e k
קבוט	k a v u t
קבוצה	k v u t͡s a
קבלה	k a b a l a
קבר	k a v a ʁ
קדום	k a d u m
קדח	k a d a χ
קדם	q i d d eː m
קדמי	k i d m i
קדמיום	k a d m i j u m
קדקוד	k o d k o d
קדר	k e d a ʁ
קדשה	k e d e ʃ a
קדשנו	k a d ʃ e n u
קה	k a
קהילה	k e h i l a
קהיר	k a h i ʁ
קהל	k a h a l
קו	k a v
קובה	k u b a
קוד	k o d
קודש	k o d e ʃ
קווה־קווה	k w a k w a
קול	k o j l
קולומביה	k o l o m b j a
קולונל	k o l o n e l
קולונלים	k o l o n e l i m
קולורדו	k o l o ʁ a d o
קולנוע	k o l n o a
קולני	k o l a n i
קום	k u m
קומבינה	k o m b i n a
קומוניזם	k o m u n i z e m
קומוס	k o m o s
קומזיץ	k u m z i t͡s
קומי	k o m e
קומיס	k o m e s
קוממיות	k o m e m i j u t
קונסוליה	k o n s u l j a
קוסובו	k o s o v o
קוף	k o f
קופאי	k u p a j
קוץ	k o t͡s
קוקטייל	k o k t e l
קור	k o j r
קוראן	k u ʁ a n
קוריוז	k u ʁ j o z
קורנס	k u ʁ n a s
קושש	k o ʃ e ʃ
קח	k a χ
קטון	k a t o n
קטטה	k t a t a
קטל	k a t a l
קטלאנית	k a t a l a n i t
קטמון	k a t a m o n
קטן	k a t a n
קטנטן	k t a n t a n
קיבה	k e j v a
קיבוץ	q i b b u sˤ
קיווי	k i v i
קיטר	k i t e ʁ
קיים	k a j a m
קין	k a j i n
קינא	k i n e
קינמון	k i n a m o n
קיץ	k a j i t s
קיצוץ	k i t͡s u t͡s
קיצץ	k i t͡s e t͡s
קיקיון	k i k a j o n
קיריבטי	k i ʁ i b a t i
קישקע	k i ʃ k e
קל	k a l
קלה	k a l a
קלט	k a l a t
קליד	k l i d
קליל	k a l i l
קליפורניה	k a l i f o ʁ n j a
קלל	k a l a l
קלמנטינה	k l e m e n t i n a
קלמנטינות	k l e m e n t i n o t
קם	k a m
קמבריה	k a m b ʁ i j a
קמח	k e m a χ
קמין	k a m i n
קמיצה	k m i t͡s a
קמצן	k a m t͡s a n
קמ״ש	k a m a ʃ
קן	k e j n
קנגורו	k e n ɡ u ʁ u
קנדה	k a n a d a
קנה	k a n a
קנום	k a n o m
קניון	k a n j o n
קנייה	k n i j a
קעקע	k a a k a
קערה	k e a ʁ a
קפא	k a f a
קפוא	k a f u
קפץ	k a f a t͡s
קפריסין	k a f ʁ i s i n
קץ	k e t͡s
קצה	k a t͡s e
קצוץ	k a t͡s u t͡s
קציר	k a t͡s i ʁ
קצף	k a t͡s a f
קצץ	k a t͡s a t͡s
קצר	k a t͡s a ʁ
קר	k a r
קרא	k a r a
קרבן	k o ʁ b a n
קרה	k a r a
קרוב	k a ʁ o v
קרח	k e ʁ a χ
קריא	k a ʁ i
קריזה	k r i z a
קרינה	k ʁ i n a
קריר	k a ʁ i ʁ
קרמבולה	k a ʁ a m b o l a
קרמבולות	k a ʁ a m b o l o t
קרע	k a r a ŋ
קרקע	k a ʁ k a
קש	k a ʃ
קשה	k a ʃ e
קשישא	k ʃ i ʃ ɑ
קשישה	k ʃ i ʃ a
קשקשת	k a s k e s e t
קשר	k a ʃ a ʁ
קשת	k a ʃ a t
ראה	r ɔ ʔ ɔ
ראם	ʁ e e m
ראש	r o ʃ
ראשון	ʁ i ʃ o n
ראשית	ʁ e ʃ i t
רב	r a b
רבץ	ʁ a v a t͡s
רבקה	r i b q a
רגל	r a ʁ a l
רגם	r a ɡ a m
רגע	ʁ e ɡ a
רגש	ʁ e ɡ e ʃ
רגשי	ʁ i ɡ ʃ i
רדה	ʁ a d a
רוב	ʀ o v
רודזיה	ʁ o d e z j a
רודיום	r o d j u m
רווק	ʁ a v a k
רווקה	ʁ a v a k a
רוח	r u a ħ
רוחב	r o j χ a v
רומח	ʁ o m a χ
רומניה	ʁ o m a n j a
רומנית	ʁ o m a n i t
רוע	r o a
רוצות	ʁ o t s o t
רוצים	ʁ o t s i m
רוק	r a w w aː q
רוקה	r a w w aː q aː
רושם	r e j ʃ ɛ m
רחב	ʁ a χ a v
רחבעם	r ă ħ a v ʕ ɔː m
רחוב	r ə ħ oː v
רחוק	r aː ħ oː q
רחל	r aː ħ i l
רחץ	ʁ a χ a t͡s
רטוב	ʁ a t o v
ריאה	ʁ e a
ריב	ʁ i v
ריבה	ʁ i b a
ריבונות	ʁ i b o n u t
ריח	ʁ e a χ
ריכל	ʁ i χ e l
רימון	ʁ i m o n
ריפוד	r i p u d
ריק	ʁ e k
ריקע	r i k e a
ריקשה	ʁ i k ʃ a
רישות	ʁ i ʃ u t
רך	ʁ a χ
רכב	r e χ e v
רכוש	ʁ e χ u ʃ
רכזת	ʁ a k e z e t
רכש	r ɛ χ ɛ ʃ
רמונים	ʁ i m o n i m
רמזור	ʁ a m z o ʁ
רננה	r e n a n a
רננות	r e n a n o t
רננת	r i n e n a t
רסיס	ʁ e s i s
רע	r a ŋ
רעב	ʁ a a v
רעה	r a a
רעיון	ʁ a a j o n
רעל	ʁ a a l
רעש	r a a ʃ
רפא	ʁ a f a
רפאל	ʁ a f a e l
רפיח	ʁ a f i a χ
רפת	ʁ e f e t
רץ	ʁ a t͡s
רצה	r ɔː s̴ ɔː
רצח	ʁ a t͡s a χ
רציף	ʁ e t͡s i f
רציתי	ʁ a t s i t i
רצף	ʁ e t͡s e f
רצפט	ʁ e t͡s e p t
רק	r a q
רקה	ʁ a k a
רקיע	r a k i a
רקמת	ʁ a k e m e t
רקע	r a k a
רשם	r a ʃ a m
רשת	ʁ e ʃ e t
רתח	ʁ a t a χ
ר״מ	r a m
ש־	ʃ e
שאב	ʃ a a v
שאול	ʃ a u l
שאל	ʃ a a l
שאלה	ʃ e e l a
שאלון	ʃ e e j l o n
שאפה	ʃ a a f a
שבוע	ʃ a v u a
שבועה	ʃ v u a
שבור	ʃ a v u ʁ
שבט	ʃ e v a t
שביט	ʃ a v i t
שביל	ʃ v i l
שבלול	ʃ a b l u l
שבע	ʃ a b ʕ
שבעה	ʃ i b ŋ a
שבת	ʃ a b a t
שגיאה	ʃ ɡ i a
שגל	ʃ a ɡ a l
שד	ʃ a d
שדה	s a d e
שדר	ʃ a d a ʁ
שדרן	ʃ a d ʁ a n
שהר	s a a r
שוב	ʃ u v
שובל	ʃ o v a l
שווא	ʃ v a
שוודיה	ʃ v e d j a
שווה	ʃ a v e
שוחד	ʃ o χ a d
שוחה	ʃ u χ a
שוטף	ʃ o j t e j f
שוטר	ʃ o t e ʁ
שולחן	ʃ u l ħ aː n
שומן	ʃ u m a n
שומני	ʃ u m a n i
שומר	ʃ o j m e j r
שונא	s o n e
שוני	ʃ o n i
שועל	ʃ u a l
שוף	ʃ u f
שופכה	ʃ o f χ a
שופכן	ʃ o f χ a n
שוק	ʃ u k
שוקולד	ʃ o k o l a d
שור	ʃ o ʁ
שורש	ʃ o ʁ e ʃ
שושן	ʃ o ʃ a n
שזף	ʃ a z a f
שחיה	s χ i j a
שחיטה	ʃ ă ħ i tˤ ɔ
שחל	ʃ a ħ a l
שחמט	ʃ a χ m a t
שחק	s a ħ a k
שחר	ʃ a ħ a r
שט	ʃ a t
שטוח	ʃ a t u a χ
שטח	ʃ a t a χ
שטיח	ʃ a t i a χ
שטן	s a t a n
שטף	ʃ e t e f
שיבה	s e v a
שיבולת	ʃ i b o l e t
שידור	ʃ i d u ʁ
שיווק	ʃ i v e k
שיח	s i a χ
שיחה	s i χ a
שיחי׳	ʃ e j i χ j e
שיטה	ʃ i t a
שייר	ʃ e j a r
שיכנע	ʃ i χ n e a
שילם	ʃ i l e m
שימש	ʃ i m e ʃ
שינה	ʃ e n a
שיקר	ʃ i k e ʁ
שיר	ʃ i r
שירות	ʃ e ʁ u t
שישה	ʃ i ʃ a
שית	ʃ i t
שיתק	ʃ i t e k
שכב	ʃ a χ a v
שכבה	ʃ i χ v a
שכונה	ʃ χ u n a
שכח	ʃ a χ a χ
שכחן	ʃ a χ e χ a n
שכינה	ʃ χ i n a
שכיר	s a χ i ʁ
שכל	s e χ a l
שכלול	ʃ i χ l u l
שכם	ʃ χ e m
שלג	ʃ e l e ɡ
שלולית	ʃ l u l i t
שלום	ʃ a l o m
שלוף	ʃ a l u f
שלוש	ʃ a l o ʃ
שלושה	ʃ a l oː ʃ aː
שלטון	ʃ i l t o n
שלטוני	ʃ i l t o n i
שלילי	ʃ l i l i
שלך	ʃ a l a χ
שלמה	ʃ a l oː m oː
שלמנאסר	ʃ a l m a n e s e ʁ
שלף	ʃ a l a f
שלשום	ʃ i l ʃ o m
שם	ʃ e m
שמאל	s e m o l
שמואל	ʃ e m u e l
שמונה	ʃ a m oː n aː
שמים	ʃ a m a j i m
שמימי	ʃ m e j m i
שמכר	ʃ i m k e j r
שמלה	s i m l a
שמן	ʃ a m a n
שמנת	ʃ a m e n e t
שמע	ʃ a m a
שמעון	ʃ i m o n
שמעי	ʃ i m i
שמש	ʃ a m ʃ
שמשון	ʃ i m ʃ o n
שן	ʃ e j n
שנא	s a n e
שנאה	s i n a
שנה	ʃ a n a
שניים	ʃ e n a j i m
שניצל	ʃ n i t͡s e l
שנן	ʃ a n a n
שנער	ʃ i n a r
שנקל	ʃ n e k e l
שנ״צ	ʃ n a t͡s
שעה	ʃ a a
שעונית	ʃ a ʔ o n i t
שעורה	s e o ʁ a
שעטנז	ʃ a t n e z
שערה	s a ʔ a ʁ a
שפה	s a f a
שפחה	ʃ i f h ɒ
שפיץ	ʃ p i t͡s
שפיצי	ʃ p i t͡s i
שפם	s a f a m
שפריץ	ʃ p ʁ i t͡s
שפשף	ʃ i f ʃ e f
שפתיים	s f a t a j i m
שק	s a k
שקים	s a k i m
שקיעה	ʃ k i a
שקל	ʃ a k a l
שקלים	ʃ k a l i m
שקלל	ʃ i k l e l
שקר	ʃ e k e r
שקרן	ʃ a k ʁ a n
שקשוקה	ʃ a k ʃ u k a
שרב	ʃ a ʁ a v
שרבי	ʃ r a v i
שרוליק	s ʁ u l i k
שרונה	ʃ a ʁ o n a
שרי	s a ʁ a j
שריר	ʃ a ʁ i ʁ
שרך	ʃ a ʁ a χ
שרמוטה	ʃ a ʁ m u t a
שרף	s a ʁ a f
שש	ʃ a ʃ
ששך	ʃ e ʃ a χ
שת	ʃ a t
שתה	ʃ a t a
שתחי׳	ʃ e t i χ j e
שתיים	ʃ i t t a j m
שתל	ʃ a t a l
שתן	ʃ e t e n
ש״ח	ʃ a χ
ש״ץ	ʃ a t s
תא	t a
תאום	t e o m
תאומים	t e o m i m
תאונה	t e u n a
תאריך	t a a ʁ i χ
תבהלה	t a v h e l a
תבלין	t a v l i n
תבנית	t a v n i t
תבע	t a v a
תגבר	t i ɡ b e ʁ
תגליף	t a ɡ l i f
תדמור	t a d m o ʁ
תה	t e
תהלה	t e h i l a
תודה	t o d a
תודעה	t o d a a
תוהו	t o h u
תוכאים	t u k a ʔ i m
תוכי	t u k i
תוכניתן	t o χ n i t a n
תולדה	t o l a d a
תולעת	t o l a a t
תום	t o j m
תועבה	t o e v a
תועה	t o e
תוצאה	t o t͡s a a
תור	t o ʁ
תורה	t o j r ɔ
תוריום	t o r j u m
תורני	t o ʁ a n i
תות	t u t
תזוזה	t z u z a
תזמן	t i z m e n
תחבורה	t a χ b u ʁ a
תחש	t a ħ a ʃ
תחת	t a x a s
תיאור	t e u ʁ
תיירות	t a j a ʁ u t
תיירותי	t a j a ʁ u t i
תינוק	t i n o k
תיקו	t e k u
תיקונצ׳יק	t i k u n t͡ʃ i k
תירוץ	t e ʁ u t͡s
תירוש	t i ʁ o ʃ
תירץ	t e ʁ e t͡s
תיש	t a i ʃ
תכונה	t χ u n a
תכנית	t o χ n i t
תכנן	t i χ n e n
תכף	t e χ e f
תל	t e l
תלאה	t l a a
תלבושת	t i l b o ʃ e t
תלוי	t a l u i
תלותי	t l u t i
תלם	t e l e m
תלמוד	t a l m u d
תלמי	t a l m a j
תלמיד	t a l m i d
תלתל	t a l t a l
תמה	t e m a
תמונה	t m u n a
תמנון	t a m n u n
תמסח	t i m s a χ
תמר	t a m a ʁ
תמרור	t a m ʁ u ʁ
תנאי	t n a j
תנוין	t a n w i n
תנועה	t n u a
תנור	t a n u ʁ
תניא	t a n j a
תעה	t o e
תעופה	t e u f a
תערוכה	t a a r u χ a
תפארת	t i f e ʁ e t
תפוז	t a p u z
תפוח	t a p u a χ
תפוצה	t f u t͡s a
תפילה	t f i l a
תפירה	t f i ʁ a
תפקיד	t a f k i d
תפר	t a f a r
תפריט	t a f ʁ i t
תצליל	t a t͡s l i l
תצפית	t a t͡s p i t
תקוע	t a k u a
תקופה	t e k u f a
תקין	t a k i n
תקנה	t a k a n a
תקרה	t i k ʁ a
תקרית	t a k ʁ i t
תרגל	t i ʁ ɡ e l
תרדמה	t a ʁ d e m a
תרומה	t ʁ u m a
תרועה	t a r u ʕ ɔ
תרועות	t a r u ʕ œ θ
תרופה	t ʁ u f a
תרמיל	t a ʁ m i l
תרנגול	t a ʁ n e ɡ o l
תרנגולת	t a ʁ n e ɡ o l e t
תרפיה	t e ʁ a p j a
תרשיש	t a ʁ ʃ i ʃ
תשבץ	t a ʃ b e t͡s
תשדיר	t a ʃ d i ʁ
תשואה	t e s u a
תשובה	t ʃ u v a
תשומה	t s u m a
תשורה	t e ʃ u ʁ a
תשלום	t a ʃ l u m
תשע	t e j ʃ a
תשעה	t i ʃ a
