's	s̪
afganastan	a f ɣ a n ə s t̪ aː n
afghanastàn	a f ɣ a n ə s t̪ aː n
aifreann	a f ɾʲ ə n̪ˠ
aigneas	a kʲ n̪ ə s̪
ailean	a l a n
ailidh	a l ɪ
ailig	a l ɪ kʲ
ailis	a l ɪ ʃ
aimeireagaidh	ə m ɛ ɾʲ ə k a j
airmeinea	ɛ ɾʲ m ɪ ɲ ə
alasdair	a l̪ˠ ə s̪ t̪ ə ð
alba	a l̪ˠ a p ə
albannach	a l̪ˠ a p ə n̪ˠ ə x
albàinis	a ɫ̪ p ɛː n ɪ ʃ
amhlaidh	ã ũ l̪ˠ a j
angaidh	a ŋ k ɪ
anna	a n̪ˠ a
annag	a n̪ˠ a k
anndra	ã ũ n̪ˠ t̪ ɾ ə
aodh	ɯː ɣ
aonghas	n̪ˠ ɯ ə s̪
arcaibh	a ɾ k i v
art	a rˠ t̪
asarbaideàn	a s ə r p ɪ dʲ aː n
b	p
babaidh	p a p ɪ
bachrain	b a x r ɛ ɲ
barabal	p a ɾ a p ə l̪ˠ
barraigh	p a rˠ a j
bealaruisis	b j a l̪ˠ ə r u ʃ ɪ ʃ
bealltainn	b̥ a u l̪ˠ t̪ i ɲ
beathag	b̥ ɛ h a k
beathan	pʲ a h a n
beileag	p e l a k
beilg	ə v e l e kʲ
beurla	b̥ eː rˠ l̪ˠ ə
beàrnaraigh	b̥ j aː rˠ n ə ɾ a j
bhatarsaigh	v a h t ə rˠ s̪ a i
bhreatainn	v ɾʲ ɛ h t̪ ɪ ɲ
breatainn	p ɾʲ ɛ h t̪ ɪ ɲ
brìde	b̥ ɾʲ iː tʲ ə
brìghde	b̥ ɾʲ iː tʲ ə
c	kʰ
cailean	kʰ a l a n
cailleannach	kʰ a ʎ a n̪ˠ ə x
caimbeul	kʰ a i m p ə l̪ˠ
caluim	kʰ a l̪ˠ ɪ m
calum	kʰ a l̪ˠ ə m
camshron	k a m a r ə n
caoimhe	k ɤ i v ə
carghas	kʰ a ɾ a ə s̪
catrìona	kʰ a tʰ ɾ ĩː n ə
ceana	kʲʰ ɛ n ə
ceanaidh	kʰ e n ɪ
ceilteach	cʰ e l tʲ ə x
ceit	kʰ e h t̪
ceiteag	kʰ e h tʲ a k
ceitidh	kʰ e h tʲ ɪ
chaimbeul	x a i m p ə l̪ˠ
chaluim	x a l̪ˠ ɪ m
chalum	kʰ a l̪ˠ ə m
chuimrigh	x u m u ɾ ɪ
chèitean	ç eː h tʲ a n
ciorstaidh	kʲʰ i ɾʲ s̪ t̪ ɪ
ciorstan	kʲ i rˠ s̪ t̪ a n
coinneach	kʰ ɤ ɲ ə x
colla	kʰ u l̪ˠ ə
criosaidh	kʰ ɾʲ i s̪ ɪ
crìosd	kʰ ɾʲ i ə s̪ t̪
cròthais	ə x r ɔː ɪ ʃ
cròthaisis	kʰ ɾ ɔː ɪ ʃ ɪ ʃ
cuaigear	kʰ u ə kʲ ə ɾ
cuimreach	k u m u ɾ ə x
cuimrich	k u m u ɾ ɪ ç
cuimrigh	kʰ u m u ɾ ɪ
cuimris	kʰ ɯ m ɯ rʲ ɪ ʃ
curstaidh	kʰ u rˠ s̪ t̪ ɪ
cèitean	kʰʲ eː h tʲ a n
còrnais	kʰ ɔː rˠ n̪ˠ ɪ ʃ
d	t̪
daibhidh	d̪̊ a i i
deirdre	tʲ ɛ r t ɾ ə
deòrsa	tʲ ɔː ɾ s̪ ə
dhòmhnaill	ɣ ɔ̃ː ɪ ʎ
dhòmhnall	ɣ̊ õː ə l̪ˠ
diardaoin	d̥ ə ɻ̥ d̪̊ ɯ̃ː ɲ
diciadain	d̥ ʒ ə kʲʰ i ə t̪ i ɲ
didòmhnaich	d̥ ʒ ə d̪̊ ɔ̃ː n ɪ ç
dihaoine	d̥ ʒ ə h ɯː ɲ ə
diluain	d̥ ʒ ə l̪ˠ ũ ə̃ ɲ
dimàirt	d̥ʲ ə m ãː rˠ s̪ t̪
diorbhail	tʲ i r i v ə l̪ˠ
disathairne	d̥ ʒ i s̪ ɑ ɑ rˠ ɲ
diùra	tʲ uː ɾ a
dochaidh	d̪̊ oː x ɪ
doileag	t̪ ɔ l a k
doilidh	t̪ ɔ l ɪ
dolaidh	t̪ ɔ l̪ˠ ɪ
donaidh	t̪ ɔ n ɪ
donnchadh	d̪̊ o n ə x ə ɣ
dàbhaidh	t̪ aː v ɪ
dàidh	t̪ aː j
dòmhnaill	t̪ ɔ̃ː ɪ ʎ
dòmhnall	d̪̊ õː ə l̪ˠ
dòmhnallan	t̪ ɔ̃ː ə l̪ˠ a n
dùghall	d̪̊ uː ə l̪ˠ
eabhrac	j oː ɾ ə k
eabhraig	j oː ɾ ɪ kʲ
eachann	ɛ x ə n̪ˠ
eadailt	e t a l tʲ
eadailteach	e t a ʎ tʲ ə x
eairdsidh	ɛː rˠ ʃ tʲ ʃ ɪ
ealasaid	j a l̪ˠ ə sˠ ɪ tʲ
eanraig	ɛ n ɛ ɾ ɪ kʲ
eathan	e a n
eideard	e tʲ ə rˠ t̪
eilbheis	e l e v ɪ ʃ
eilidh	eː l ɪ
eimhir	e v ɪ ɾʲ
eithne	ɛ nʲ ə
eubha	i ə v ə
eòghainn	j oː ɪ ɲ
eòghann	e oː i ɲ
eòin	j ɔː ɲ
eòrpach	j ɔː r b ə x
eòsaiph	j ɔː s̪ ɪ f
eòsaph	j ɔː s̪ ə f
faoilleach	f ɯː ʎ ə x
fearchar	f ɛ ɾ a x ə ɾ
fearghas	f ɛ r a ɣ ə s
fhaoilleach	ɯː ʎ ə x
fhionn	j ũː n̪ˠ
fhionnlaigh	j ũː l̪ˠ a j
fionn	f j ũː n̪ˠ
fionnghal	f j ũ n̪ˠ ũ ɣ ə l̪ˠ
fionnlagh	f j ũː l̪ˠ ə ɣ
flòraidh	f l ɔː ɾ i
fraingis	f ɾ a i ɲ c ɪ ʃ
frang	f ɾ a ŋ k
frangach	f ɾ ã ŋ k ə x
frangag	f ɾ a ŋ k a k
frangaich	f ɾ a ŋ k ɪ ç
frangais	f ɾ a ŋ k ɪ ʃ
friseal	f ɾʲ i ʃ ə l̪ˠ
fìobha	f iː v ə
g	k
gall	k a u l̪ˠ
geamhradh	kʲ ɛ u ɾ ə ɣ
gearmailtis	c ɛ ɾ ɛ m a l tʲ ɪ ʃ
gearran	ɡ̥ʲ a rˠ a n
geàrrloch	ɡ̥ʲ aː l̪ˠ ə x
ghearran	ʝ ɛ rˠ a n
ghiblean	ʝ i p l a n
ghrannd	ɣ ɾ ã ũ n̪ˠ t̪
ghàidhealtachd	ɣ ɛː ə l̪ˠ t ə x k
giblean	kʲ i p l a n
gilleasbaig	ɡ̥ʲ ɪ ʎ e s̪ p ɪ kʲ
gillebrìghde	kʲ i ʎ ə p ɾʲ iː tʲ ə
gilliosa	kʲ ɪ ʎ i ə s̪ ə
giorsal	kʲ i rˠ s̪ ə l̪ˠ
glaschu	ɡ̊ l̪ˠ a s̪ ə x u
goraidh	k ɔ ɾ ɪ
grannd	k ɾ ã ũ n̪ˠ t̪
griogair	ɡ̊ ɾʲ i ɡ̊ ɪ ɾʲ
gàidheal	ɡ̊ a i ə l̪ˠ
gàidhealach	k ɛː ə l̪ˠ ə x
gàidhealtachd	k ɛː ə l̪ˠ t ə x k
gàidhlig	ɡ̊ aː l i kʲ
gòrdan	k ɔː rˠ t̪ a n
hearach	h ɛ ɾ ə x
hiort	h ɪ rˠ ʃ t̪
iagan	i ə k a n
iain	a n
innseanach	ĩː ʃ ə n ə x
iseabail	i ʃ ə p a l
iuchar	u x ə ɾ
iùdhach	j uː ə x
lachaidh	l̪ˠ a x ɪ
leagsaidh	ʎ e k s̪ ɪ
leòdhas	ʎ e oː ə s̪
lilidh	ʎ i l ɪ
lochlannach	l̪ˠ ɔ x l̪ˠ ə n̪ˠ ə x
lunnainn	l̪ˠ ũ n̪ˠ i ɲ
lèiruig	ʎ ɛː ɾ ɪ c
lùnastal	l̪ˠ uː n ə s̪ t̪ ə l̪ˠ
macaoidh	m a x k ɤ j
macaonghais	m a x k ɯ̃ n ɯ̃ ɪ ʃ
macgriogair	m a x ɡ̊ ɾʲ i ɡ̊ ɪ ɾʲ
macnèill	m a x k ɾ iː ʎ
macrùslaig	m a x k ɾ uː s̪ l̪ˠ ɪ kʲ
magaidh	m a k ɪ
maighread	m a i ɾʲ ə t̪
mairead	m a i ɾʲ ə t̪
manainn	m a n ɪ ɲ
maoilios	m ɯː l ə s̪
maoldòmhnaich	m ɯ l̪ˠ t̪ ɔ̃ː n ɪ ç
marcas	m a rˠ x k a s̪
marsaili	m a rˠ s̪ a l ɪ
mata	m aʰ t ə
mhanainn	v a n ɪ ɲ
mhoire	v ɔ ɾʲ ə
mhàiri	v aː r i
mhàrt	v a rˠ ʃ t
mhìcheil	v iː ç ɛ lʲ
mhòrag	v oː ɾ a k
moire	m ɔ̃ ɾʲ ə
muile	m u l ə
muireall	m ɯ ɾʲ ə l̪ˠ
murchadh	m u ɾ u x ə k
murchan	m u ɾ u x a n
murdag	m uː rˠ t̪ a k
màili	m aː l ɪ
màiread	m aː ɾʲ ə t̪
màiri	m aː j ɪ
mànus	m aː n ə s̪
màrt	m ãː rˠ s̪ t
màrtainn	m aː rˠ ʃ t̪ ɪ ɲ
mìcheal	m iː ç ə l̪ˠ
mìcheil	m iː ç ɛ lʲ
mòrag	m oː ɾ a k
naoghas	n̪ˠ ɯ ə s̪
neacal	ɲ ɛ x k ə l̪ˠ
niall	ɲ i a l̪ˠ
nicaoidh	ɲ i x k ɤ j
nicaonghais	ɲ i x k ɯ̃ n ɯ̃ ɪ ʃ
nirribhidh	ɲ i r̪ˠ ɪ v i
niseag	ɲ i ʃ a ɡ
nollaig	n̪ˠ o l̪ˠ i kʲ
noraidh	n̪ˠ ɔ ɾ ɪ
oighrig	ɤ iː ɾʲ ɪ kʲ
p	pʰ
peadar	pʰ e t̪ ə ɾ
peairt	pʰ ɛ rˠ ʃ tʲ
peigi	pʰ e kʲ ɪ
pheadair	f e t ɪ ɾʲ
pàdraig	pʰ aː t̪ ɾ i kʲ
pàra	pʰ aː ɾ a
pàraig	pʰ aː ɾ ɪ kʲ
pòl	pʰ ɔː l̪ˠ
rachel	rˠ a x ə l
raghnall	rˠ ãː ə l̪ˠ
raibeart	rˠ ɛ h p a ɾ s̪ˠ t̪
raonaid	rˠ ɤː n ɪ tʲ
raonailt	rˠ ɤ̃ː n i ʎ tʲ
rob	rˠ ɔ p
rodaidh	rˠ ɔ t̪ ɪ
ruairidh	rˠ u ə ð i
ruaraidh	rˠ u ə ɾ ɪ
ròmanach	rˠ ɔː m ə n ə x
s	s̪
samhain	s a ũ i ɲ
samhainn	s a ũ i ɲ
samhradh	s̪ a u ɾ ə ɣ
sasainn	s a s ə ɲ
sasannach	s̪ a s̪ ə n̪ˠ ə x
sasgunnach	s̪ a s̪ ɡ ə n̪ˠ ə x
sealtainn	ʃ ɛ l̪ˠ t̪ ɪ ɲ
seasaidh	ʃ e s̪ ɪ
seiceach	ʃ e ç kʲ ə x
seicich	ʃ e ç kʲ ɪ ç
seoc	ʃ ɔ x k
seocan	ʃ ɔ x k a n
seonachan	ʃ ɔ n ə x a n
seonag	ʃ ɔ n a k
seonaidh	ʃ ɔ n ɪ
seumaidh	ʃ eː m ɪ
seumais	ʃ eː m ɪ ʃ
seumas	ʃ eː m ə s̪
seònaid	ʃ õː n a tʲ
seòras	ʃ ɔː ɾˠ ə s
sgitheanach	s̪ kʲ i a n ɔ x
sgàire	s̪ k aː ɾʲ ə
sheumais	h eː m ɪ ʃ
sheumas	h eː m ə s̪
simidh	ʃ i m ɪ
slàine	s̪ l̪ˠ aː ɲ ə
somhairle	s̪ ɔ̃ i ɾʲ l ə
sorcha	s̪ ɔ ɾ a x ə
spàinntis	s p aː ɲ tʲ ɪ ʃ
sruighlea	s̪ t̪ ɾ u i l ə
steòrnabhagh	ʃ tʲ ɔː rˠ n̪ˠ ə v a ɣ
sàbaid	s̪ aː b̥ ɔ tʲ
sàboind	s̪ aː b̥ ɔ ɲ tʲ
sìle	ʃ iː lʲ ə
sìleas	ʃ iː l ə s̪
sìm	ʃ iː m
sìne	ʃ iː ɲ ə
sìneag	ʃ iː nʲ a k
t	t̪ʰ
teàrlach	t͡ʃʰ aː rˠ l̪ˠ ə x
tighearna	tʲʰ i j ə rˠ n̪ˠ ə
tiriodh	t͡ʃʰ i ɾʲ ə ɣ
tomaidh	t̪ʰ o m ɪ
torcall	t̪ʰ ɔ ɾ x k ə l̪ˠ
tormod	t̪ʰ a ɾ a m ɔ t̪
trianaid	t̪ʰ ɾ i ə n ɪ t̪ʲ
tòmas	tʰ oː m ə s̪
uibhist	u i ɪ ʃ tʲ
uicipeid	u ç kʲ ɪ p e tʲ
uilleam	uː ʎ ɛ m
uilleim	ɯ ʎ ɪ m
ultach	u l̪ˠ t̪ ə x
ungair	u ŋ k ɪ ɾʲ
ungairis	u ŋ k ɪ ɾʲ ɪ ʃ
a'	ə
aba	a p ə
abaich	a h p i ç
abair	a p ɪ ɾʲ
abhag	a f a k
abhainn	ã u ɲ
aca	a h k ə
acair	a x k ɪ ɾʲ
acaire	a x k ɪ ɾʲ ə
acasan	a k ə s̪ ə n̪
acfhainn	a x k ɪ ɲ
ach	a x
achadh	a x
acras	a r̥ k ə s
adag	a t̪ a k
adha	a a
adhairc	ɤ ə ð̥ kʲ
adhar	a a ɾ
adharc	ɤ i ɾʲ kʲʰ
adhart	ɤ ə rˠ s̪ t̪
adhbairne	ɤː p ə rˠ ɲ ə
adhbhar	ɤː u ɾ
adhbharaich	ɤː v ə ɾ ɪ ç
adhbran	ɤː p ɾ a n
adhbrann	ɤː p ɾ ə n̪ˠ
adhlac	ã ũ l̪ˠ a x k ə
ag	a ɡ
agad	a j ə t̪
agadsa	a j ə t̪ s̪
agaibh	a k i
agaibhse	a k u ʃ
againn	a k i ɲ
againne	a k ɪ ɲ ə
agair	a k ɪ rʲ
agairt	a k ə rˠ t̪
agallamh	a k ə l̪ˠ ə v
agam	a k ə m
agamsa	a k ə m s̪ ə
agh	ɤ ɣ
aghaidh	ɤ i
agus	a ɣ ə s
aibhne	a i v ɲ ɪ
aibhnichean	a ʊ n ɪ ç ə n
aice	a ç kʲ ə
aicese	eʰ kʲ ɪ ʃ
aideachadh	a tʲ ə x ə ɣ
aidich	a tʲ i ç
aig	a kʲ
aige	a kʲ ə
aigeal	a kʲ ə l̪ˠ
aigeann	a kʲ ə n̪ˠ
aigesan	a kʲ ə s̪ ə n̪
aighearach	a ɪ ə r ə x
aigne	a c ɲ ə
ailbhean	ɛ l̪ ɛ v a n
ailbheanan	ɛ l̪ ɛ v a n ə n
ailbhein	ɛ l̪ ɛ v ɛ ɲ
aillse	a ɪ l ʃʲ ə
ailm	a l a m
ailme	a l a m ə
ailmean	a l a m ə n
ailp	a ɫ p
ailt	a l tʲ
ailtire	a ʎ tʲ ɪ ɾʲ ə
aimhleas	ã ĩ l ə s̪
aimhreid	a i v ɾʲ ɪ tʲ
aimhreit	ã ĩ ɾ e tʲ
aimsir	ã m ã ʃ ə ɾ
ainbheach	ɛ n ɛ v ə x
aindeònach	a ɲ ɔ n ə x
aineol	a ɲ a l̪ˠ
aineolach	ã ɲ a l̪ˠ ə x
aingeal	a ŋʲ ə l̪ˠ
ainglean	ã ĩ l ə n
ainm	ã n ã m
ainmeil	ɛ ɲ ɛ m a l
ainmich	ɛ n ɛ m j ɪ ç
ainneamh	ã ɲ u
ainneamhag	a ɲ ə v a k
ainneart	a ɲ ə ɾ ʃ t̪
ainneartaich	a ɲ ə ɾ ʃ t̪ ɪ ç
aintighearna	a ɲ dʲ ɪ j ə rˠ n̪ˠ ə
aintighearnas	a ɲ dʲ ɪ j ə rˠ n̪ˠ ə s
air	e ð
aire	a ɾʲ ə
airgead	a ð a kʲ ə t̪
airidh	a rʲ ɪ
airsan	e ð ə s̪ ə n
airson	e rˠ s̪ ɔ n
aiseag	a ʃ ə k
aisling	a ʃ ʎ i kʲ
aiste	a ʃ tʲ
aistese	a ʃ tʲ ɪ ʃ
aiteal	aʰ tʲʰ ə l̪ˠ
aithghearr	a j h a ɾ
aithne	a ɲ ə
aithneachadh	a ɲ ə x ə ɣ
aithreachas	a ɾʲ ə x ə s̪
aithris	a ɾʲ ɪ ʃ
aitreabh	a h t ɾʲ u
alcol	a ɫ̪ kʰ ɔ ɫ̪
alcolach	a ɫ̪ kʰ ɔ ɫ̪ a x
allaidh	a ɫ i
allas	a l̪ˠ ə s̪
allmharach	a l̪ˠ a v ə r ə x
allt	a u ɫ̪ t
amadan	a m a t̪ a n
amaideach	a m a tʲ ə x
amaideachd	a m ə tʲ ə x k
amh	ã f
amhach	ã f i ç
amharc	ã v ə ɾ k
amhrain	a u ɾ a ɲ
amhran	ã ũ ɾ a n
an	ə
anabarrach	a n a p a rˠ ə x
analachadh	ə n a l ə x ə
anam	ã n ə m
anmhann	a n a v ə n̪ˠ
anmoch	a n a m ɔ x
ann	a n̪ˠ
annad	a n̪ˠ ə t̪
annadsa	u n̪ˠ ə s̪ ə
annaibh	ã n̪ˠ ə v
annaibhse	ũ m ɪ s̪
annainn	ã n̪ˠ i ɲ
annainne	ũ m ɪ ɲ ə
annam	ã n̪ˠ ə m
annamsa	ã n̪ˠ ə m s̪ ə
annasach	a n̪ˠ ə s̪ ə x
anns	a n̪ˠ s̪
annsan	ɛ̃ ũ s̪
annta	ã ũ n̪ˠ d̪ ə
anntasan	ũ n̪ˠ d̪ ə s̪
aodach	ɯː t̪ ə x
aodann	ɯː t̪ ə n̪ˠ
aoghaire	ɯː ɪ ɾʲ ə
aoibhinn	ɤ i v ɪ ɲ
aoibhneas	ɤ j ɲ ə s
aoigh	ɯ iʲ
aoigheil	ɤ i ə l
aoine	ɯː ɲ ə
aon	ɯ n ə
aonair	ɯ̃ː n ə ɾʲ
aonan	ɤ̃ n a n
aonar	ɔ̃ː n ə ɾ
aonrachd	ɔ̃ː rˠ ə x k
aontamhach	ɯː n̪ t̪ʰ ə v ə x
aontamhachd	ɯː n̪ t̪ʰ ə v ə x k
aosta	ɯː s̪ t̪ ə
aotrom	ɯː t ɾ ə m
aotruime	ɯː t ɾ ɪ m ə
apag	aʰ p a k
ar	a ɾ
aran	a ɾ a n
arbhar	a ɾ a u ɾ
arc	a r x k
arm	a ɾ a m
ars	ɔ rˠ ʃ
arsa	ɔ rˠ ʃ ə
arspag	a rˠ s̪ p a k
asad	a s̪ ə t̪
asadsa	a s̪ ə t̪ s̪ ə
asaibh	a s̪ u
asaibhse	a s̪ ə v ʃ ə
asainn	a s̪ i ɲ
asainne	a s̪ ɪ ɲ ə
asal	a s̪ a l̪ˠ
asam	a s̪ ə m
asamsa	a s̪ ə m s̪ ə
asgaidh	a s̪ k ɪ
asta	a s̪ t̪
astasan	a s̪ t ə s̪ ə n
atadh	aʰ t̪ ə ɣ
athair	a h a ð
athchuinge	a x ɪ ɲ c ə
bab	p a p
bacach	p a x k ə x
bacadh	p aʰ k ə ɣ
bachall	p a x ə l̪ˠ
bad	b̥ a t̪
baga	b̥ a k ə
bagairt	p a k ə r ʃ tʲ
baile	b̥ a l ə
bailtean	b̥ a l tʲ ə n
bainne	b̥ a ɲ ə
bainnseadh	b̥ ã ĩ ʃ ə ɣ
baintighearna	b̥ ã i ɲ dʲ ʒ ə rˠ n̪ˠ ə
baist	p a ʃ tʲ
baisteadh	p a ʃ tʲ ə ɣ
balach	b̥ a lˠ ə x
balaich	b̥ a lˠ i ç
balbh	p a l̪ˠ a v
balg	p a l̪ˠ a k
ball	p a u l̪ˠ
balla	p a ɫ̪ ə
ballach	p a l̪ˠ ə x
banabaidh	b̥ ã n̪ˠ a p i
banachdaichean	b a n ə x ɡ ə xʲ ə n
banail	p ɑ n ə l
banais	b̥ ã n i ʃ
bann	b̥ a u n̪ˠ
banntrach	b̥ ã ũ n d̪ ɾ ə x
banrigh	b̥ ã ũ rˠ i
baoghalta	b ɯː ə l t ə
baoiseachd	p ɯː ʃ a x k
baoth	p ɯː
barail	p a ɾ a l
baraill	p a ɾ ɪ ʎ
barra	p a rˠ ə
barrachd	b̥ a rˠ ə x k
barrall	b̥ a rˠ ə l̪ˠ
bas	p a s̪
basan	p a s̪ a n
basgaid	p a s k ɪ tʲ
bata	p aʰ t ə
bathais	p a h ɪ ʃ
bathar	p a h a r
beach	p ɛ x
beachan	p ɛ x a n
beachd	b̥ j a x k
beachdan	p ɛ x k ə n
beag	b̥ e k
beagan	b̥ e k a n
bealach	b̥ j a l̪ˠ ə x
bealaidh	p ɛ l̪ˠ ɪ
bean	b̥ ɛ̃ n
beann	b̥ j ã ũ n̪ˠ
beannachd	b̥ j ã n̪ˠ ə x k
beannaibh	b̥ j ã n̪ˠ ə v
beanntaichean	b̥ ɛ̃ ũ n̪ˠ t̪ i ç ə n
beanntainean	b̥ ɛ̃ ũ n̪ˠ d̪ i ɲ ə n
beanntan	b̥ j ã ũ n̪ˠ t̪ ə n
beart	p j a rˠ ʃ t̪
beartach	p j a rˠ ʃ t ə x
beatha	b̥ æ h ʌ
beathach	b̥ e h a x
beathaichean	b̥ e h i ç ə n
beilear	b e l̪ ə ɾ
beileas	b e l̪ ə s̪
being	b̥ e i kʲ
beinn	b̥ e ɲː
beinne	p e ɲ ə
beiridh	p e ɾʲ ɪ
beith	p e h
beithe	p e h ə
beithean	p e h ə n
beithir	p e ɪ ɾʲ
beuc	p i aʰ k
beul	p i a ɫ̪
beus	p eː s
beusach	p eː s ə x
beàrn	p j aː rˠ n̪ˠ
beò	b̥ e ɔː
beòshlaint	b̥ ɛ̯ ɔː l̪ˠ a ɲ
bha	v a
bhalachaibh	v a l̪ˠ a x u
bhalaich	v a l̪ˠ ɪ ç
bhall	v a u l̪ˠ
bhana	v a n ə
bhatar	v a h t̪ ə ɾ
bhathar	v a ə ɾ
bhathas	v a ə s̪
bheachd	v ɛ x k
bheag	v e k
bhealach	v j a ɫ̪ ə x
bhean	v ɛ n
bheatha	v ɛ h ə
bheathach	v e h u x
bheil	v e l
bheilear	v e l̪ ə ɾ
bheileas	v e l̪ ə s̪
bheinn	v e i ɲ
bheir	f e ð
bhi	v i
bhiodh	v i ɣ
bhiomaid	v i m ɪ tʲ
bhios	v i s̪
bhite	v i h tʲ ʌ
bhith	v i
bhitheadh	v i ə ɣ
bhitheamaid	v i ə m ɪ tʲ
bhitheas	v i ə s̪
bhithinn	v i h i ɲ
bhithist	v i i ʃ tʲ
bhlàth	v l̪ˠ aː
bho	f ɔ
bhogsa	v o k s̪ ə
bhon	v ɔ n̪ˠ
bhotal	v ɔ h t ə l̪ˠ
bhreab	v ɾʲ e p
bhriathar	v ɾʲ i ə h ə ɾ
bhriogais	v ɾʲ i k ɪ ʃ
bhris	f ð i ʃ
bhriseadh	v ɾʲ i ʃ ə ɣ
bhriste	v ɾʲ i ʃ tʲ ə
bhrot	v ɾ ɔ h t̪
bhruach	v ɾ u ə̯ x
bhruich	v ɾ u ç
bhruichealachd	v ɾ u ç ə l̪ˠ ə x k
bhruidhinn	v ɾ i ɪ ɲ
bhuaibh	f ɤ i v
bhuail	v u ɪ l
bhuainn	f ɤ̃ ĩ ɲ
bhuaipe	f o jʰ p
bhuaithe	f o j ə
bhualadh	v u ə l̪ˠ ə ɣ
bhuam	f ɔ̃ ũ m
bhuapa	f o h
bhuat	f oʰ t̪
bhuidhe	v u j ə
bhuille	v u ʎ ə
bhun	v u n
bhunadh	v u n ə ɣ
bhuntàta	v ə n̪ˠ t̪ʰ aː h t̪ ə
bhòidse	v ɔː d̥ʲ ʃ ə
bi	b̥ i
biadh	b̥ i ə ɣ
biastag	p i ə s t a k
bidh	b̥ i
bidse	p ɪ tʲ ə
bigein	p i kʲ ɪ ɲ
binn	b̥ iː ɲ
bioda	b i d ə
biodh	p i ɣ
biomaid	p i m ɪ tʲ
bior	p i ɾ
bioran	p ɪ ɾ a n
bir	p i ɾʲ
bitear	p iʰ tʲ ə ɾ
bitheadh	p i ə ɣ
bitheam	p i ə m
bitheamaid	p i ə m ɪ tʲ
bithear	b̥ i ə ɾ
bitheas	p i ə s̪
bithibh	p i ɪ v
bithidh	p i h i
bithinn	b̥ i ɪ ɲ
blas	p l̪ˠ a s̪
blasta	p l̪ˠ a s̪ t̪ ə
bleideag	b̥ l e tʲ a k
bleoghann	b̥ l e u n
bliadhna	b̥ l i ə n̪ˠ ə
blialam	p l i ə ɫ̪ ə m
bliochdan	p l i x k a n
blàithe	b̥ l̪ˠ æː h ə
blàr	b ɫ̪ aː ɾ
blàth	b̥ l̪ˠ aː
blàths	b̥ l̪ˠ aː s̪
boc	b̥ o x k
bocan	b ɔ x ɡ a n
bochd	b̥ ɔ x k
bod	p ɔ t
bodach	b̥ ɔ t̪ ə x
bodaich	b̥ ɔ t̪ i
bodha	b̥ o o
bodhaig	p o ɪ kʲ
bodhar	p o ə ɾ
bog	p o k
bogach	b̥ o k ə x
bogha	b̥ o o
bogsa	p o k s̪ ə
boireann	b̥ o ɾʲ ə n̪ˠ
boireannach	b̥ o ɾʲ ə n̪ˠ ə x
boireannaich	p ɔ ɾʲ ə n̪ˠ ɪ ç
bonaid	p ɔ n a tʲ
bonn	p ɔ u n̪ˠ
bonnach	b o n ə x
borb	p ɔ r ɔ p
botal	p ɔ h t ə l̪ˠ
bothan	p ɔ h a n
bracaist	b̥ ɾ a kʰ ɔ ʃ tʲ
bradan	p ɾ a t a n
braich	p ɾ a ç
brailis	b r a l ɪ ʃ
braim	p ɾ ɤ i m
brama	p ɾ a m ə
branndaidh	p ɾ ã ũ n̪ˠ t̪ ɪ
braon	p ɾ ɯː n
brat	p ɾ a h t̪
bratach	p ɾ a h t̪ ə x
bratag	p r a h t a k
brath	p ɾ a h
breab	b̥ ɾʲ e p
breabadair	b̥ ð ɛ p ə t̪ a ð
breabadh	b̥ ɾʲ e p ə ɣ
breac	b̥ ð e k
breacag	p ɾʲ ɛ x k a k
breisleachail	b r ɛ ʃ lʲ a x a l
breith	p ɾʲ e h
breug	p ɾʲ i a k
briathar	p ɾʲ i ə h ə ɾ
briathrach	p rʲ i ə r ə x
brice	p rʲ iʰ kʰʲ ə
briogais	b̥ ɾʲ i k ɪ ʃ
briosgaid	p ɾʲ i s k ɪ tʲ
bris	b̥ ɾʲ i ʃ
briseadh	b̥ ɾʲ i ʃ tʲ ə k
brisg	p ɾʲ i ʃ c
briste	p ɾʲ i ʃ tʲ ə
britheamh	p ɾʲ i h ə v
broc	p ɾ ɔʰ k
brocail	p ɾ ɔ x k a l
brochan	p ɾ ɔ x a n
brod	p ɾ ɔ t
brogach	b̥ ɾ ɔ k ə x
broilleach	p ɾ ɔ ʎ ə x
broinn	p ɾ ə i ɲ
brot	p ɾ ɔ h t̪
bruach	p ɾ u ə̯ x
bruadair	p ɾ u ə t̪ ɪ ɾʲ
bruadar	p ɾ u ə t̪ ə ɾ
bruic	p ɾ u ç kʲ
bruich	b̥ ɾ i ç
bruichealachd	p ɾ u ç ə l̪ˠ ə x k
bruicheil	p r u ç a l
bruicheile	p r u ç a l ə
bruidhinn	b̥ ɾ i i n
bruidhnibh	p ɾ i ɲ ɪ v
bruis	p ɾ u ʃ
bruthach	p ɾ u h ə x
brà	p ɾ aː
bràigh	b̥ ɾ aː i
bràithrean	b̥ ɾ aː ð h ə n
bràth	p ɾ aː x
bràthair	b̥ ɾ aː h a ð
brèagha	b̥ ð i a ə
bròg	b̥ ɾ ɔː k
brògan	p ɾ ɔː k ə n
bròigeadh	b̥ ɾ ɔː kʲ ə ɣ
brònach	p ɾ ɔː n ə x
brùid	b̥ r uː dʲ
bu	p u
buabhaill	p u ə ə l
buabhall	p u ə ə l̪ˠ
buachaill	p u ə ç ɪ ʎ
buadhair	p u ə ɣ ɛ ɾʲ
buaidh	p u ə j
buail	p u ɪ l
buaile	b̥ u ə l ə
buain	b̥ ũ ə̃ ɲ
buair	p u ə ɾʲ
bualadh	p u ə l̪ˠ ə ɣ
buan	p u ə n
buannachadh	p u ə n̪ˠ ə x ə ɣ
buannaich	p u ə n̪ˠ ɪ ç
buidhe	b̥ u i
buidseachd	b u dʲ ʃ ə x ɡ
buille	b̥ u ʎ ə
buinne	p ɯ ɲ ə
buinneach	p u ɲ ə x
buinnig	p u ɲ ɪ kʲ
buinteanas	p u ɲ tʲ ə n ə s̪
bun	p u n
bunadh	p u n ə ɣ
buntainn	b̥ u n̪ˠ t̪ ɪ ɲ
buntàta	b̥ ə n̪ˠ d̥ aː h t̪ ə
burras	p ʊ rˠ ə s
bus	b̥ u s̪
bàgh	p aː ɣ
bàidh	p aː j
bàillidh	p aː ʎ i
bàirneach	p aː ɾʲ ɲ ə x
bàn	p aː n
bàrd	p aː rˠ ʃ t̪
bàrr	p aː rˠ
bàs	b̥ aː s̪
bàta	p aːʰ t̪ ə
bàth	p aː
bàthach	b̥ aː h a x
bàthadh	b̥ aː h ə ɣ
bàthchadh	b̥ aː x ə ɣ
bèicear	p ɛː ç kʲ ə ɾ
bìdh	b̥ e e
bìodach	p iː t ə x
bò	b̥ oː
bòc	p ɔː x k
bòcan	b̥ ɔː x k a n
bògas	p ɔː k ə s
bòid	b̊ ɔː d̊ʲ
bòidhchead	p ɔː ç ə t̪
bòidheach	b̥ u æ ə x
bòl	p ɔː ɫ̪
bòrd	b̥ ɔː rˠ s̪ t̪
bòstail	b̥ ɔː s̪ t̪ a l
bòtann	p ɔː h t ə n̪ˠ
bó	p oː
bùird	b̥ uː rˠ tʲ
bùrach	p uː r ə x
bùrn	p uː rˠ n̪ˠ
bùth	p uː
cab	kʰ a p
cabadaich	kʰ a p ə t̪ ɪ ç
cabanta	kʰ a p ə n̪ˠ t̪ ə
cabar	kʰ a p ə ɾ
cabhag	kʰ a f a k
cabhlach	kʰ a u l̪ˠ ə x
cabhsair	kʰ a u s̪ ɪ ɾʲ
cac	kʰ a x k
cachaileith	kʰ a x ə l ə
cadal	kʰ a t̪ ə l̪ˠ
cagair	kʰ a k ə ð
caidil	kʰ a tʲ ɪ l
caidlidh	kʰ a tʲ l i ɣ
caidreach	kʰ a tʲ ɾʲ ə x
caifean	k ɛ f a n
caifein	kʰ a f ɛ ɲ
cailc	kʰ a l ç c
caile	kʰ ɑ ʎ ə
caileag	kʰ a l a k
caill	kʰ a i ʎ
cailleach	kʰ a ʎ ə x
cailleachan	kʰ a ʎ a x ə n
caillte	kʰ a i ʎ tʰʲ ɪ
cainb	kʰ ɛ ɲ ɛ p
cainnt	kʰ ã ĩ ɲ dʲ
cairt	kʰ a rˠ ʃ tʲ
cairteal	kʰ a rˠ ʃ tʲ a l
caisteal	kʰ a ʃ tʲ ɛ l̪ˠ
cait	kʰ a h tʲ
caith	kʰ ɛ h
caitheamh	kʰ ɛ̃ h u
cala	kʰ a l̪ˠ ə
call	kʰ a u l̪ˠ
calltainn	kʰ a u ɫ̪ t̪ʰ ɪ ɲ
calma	kʰ a l̪ˠ a m ə
calman	kʰ a ɫ̪ a m a n
calpa	kʰ a l̪ˠ a h p ə
calpach	kʰ a l̪ˠ p ə x
cam	kʰ a u m
caman	k a m a n
camara	kʰ a m a ɾˠ a
campa	kʰ a u m pʰ ə
campadh	kʰ ã ũ m p ə ɣ
cana	kʰ a n ə
canaidh	kʰ a n ɪ
canail	kʰ a n a l
cangaru	kʰ a ŋ k ə ɾ u
cangaruthan	kʰ a ŋ k ə ɾ u h ə n
cantail	k a n d̪ a l
cantainn	kʰ ã h i ɲ
caoch	kʰ ɯː x
caochladh	kʰ ɯː x l̪ˠ a ɣ
caodachan	kʰ ɯː d ə x a n
caog	kʰ ɯː k
caogad	kʰ ɯː k ə t̪
caoidh	kʰ ɤ i
caoile	kʰ ɯː l ə
caoimhneas	kʰ ɯ i v ɲ ə s̪
caoin	kʰ ɯː ɲ
caoineadh	kʰ ɔː ɲ ə ɣ
caol	kʰ ɯː ɫ̪
caomh	kʰ ɯː v
caora	kʰ ɯː ɾ ə
caoraich	kʰ ɯː ɾ ɪ ç
capall	kʰ a h p ə l̪ˠ
car	kʰ a ɾ
caractar	kʰ a ɾ ə k t̪ ə ɾ
caraich	kʰ a ɾ ɪ ç
caraid	kʰ a ɾ ɪ tʲ
caran	kʰ a ɾ a n
carbad	kʰ a ɾ ə p a t̪
carbaid	kʰ a ɾ ə p ɛ tʲ
carraig	kʰ a rˠ ɪ c
carson	kʰ a rˠ s̪ ɔ n
carthannas	kʰ a rˠ ə n̪ˠ ə sˠ
cas	kʰ a s
casag	kʰ a s a k
casaid	k a s a dʲ
casan	kʰ a s̪ a n
casruisgte	kʰ a s̪ ɾ i ʃ kʲ
castan	kʰ a s̪ t̪ a n
cat	kʰ a h t̪
cath	k a h
cathadh	kʰ a f ə ɣ
cathair	kʰ a h ɪ ɾʲ
cathan	kʰ a h a n
cead	kʲʰ e t̪
ceangail	kʲʰ ɛ̃ a l
ceangailte	kʲʰ ɛ̃ ə l tʲ ə
ceangal	kʲʰ ã ə l̪ˠ
ceann	kʲʰ ã ũ n̪ˠ
ceannach	kʲʰ a n̪ˠ ə x
ceannaich	kʰʲ a n̪ˠ ɪ ç
ceannard	kʰʲ a n̪ˠ a ɾ ʃ t̪
ceannasach	kʰʲ a n̪ˠ ə s̪ ə x
ceannruisgte	kʲʰ ã ũ ɾ i ʃ kʲ
ceap	kʲʰ ɛ h p
ceapaire	kʲʰ e h p i ɾ ə
cearban	kʲʰ a ɾ a p a n
cearbanan	kʲʰ a ɾ a p a n ə n
cearc	kʲʰ ɛ ɾ k
cearclach	kʰʲ ɛ r x k l̪ˠ ə x
cearrag	kʲʰ a rˠ a k
ceart	kʲʰ a rˠ s̪ t̪
ceatal	kʲʰ ɛ h t̪ ə l̪ˠ
ceatharnach	cʰ ɛ h ə rˠ n̪ˠ ə x
ceathrad	cʰ ɛ ɾ ə t̪
ceathramh	kʲʰ ɛ ɾ u
ceathrar	kʲʰ æ ɾ ɪ ɾʲ
ceathraran	kʰʲ ɛ ɾ ə ɾ ə n
ceilp	cʰ e l p
ceilpe	cʰ e l p ə
ceist	kʲʰ e ʃ tʲ
ceistean	cʰ e ʃ tʲ ə n
ceithir	kʲʰ e h ə ð
ceud	kʰʲ i ə t̪
ceudamh	kʰʲ eː t̪ ə v
ceudna	kʲʰ eː t̪ n ə
ceum	kʰʲ eː m
ceàrd	cʰ aː rˠ t̪
ceàrn	cʰ aː rˠ n̪ˠ
ceàrnach	kʰʲ aː rˠ n̪ˠ ə x
ceàrr	kʲʰ aː rˠ
ceò	kʰʲ ɔː
ceòl	kʲʰ e ɔː l̪ˠ
ceòthach	kʲ ɔː ə x
cha	x a
chabar	x a p ə ɾ
chac	x a x k
chaidh	x a
chaidil	x a tʲ ɪ l
chaidreach	x a tʲ ɾʲ ə x
chaill	x a i ʎ
chaillte	x a i ʎ tʰʲ ɪ
chait	x ɛʰ tʲ
chaitheamh	x ɛ h ə v
chala	x a l̪ˠ ə
chamara	x a m a ɾˠ a
chan	x a n
chaneil	χ a n j e l
chaol	x ɯː ɫ̪
chapall	x a h p ə l̪ˠ
char	x a
charactar	x a ɾ ə k t̪ ə ɾ
chathair	x a h ɪ ɾʲ
cheana	ç ɛ n ə
cheannaich	ç a n̪ˠ ɪ ç
chearc	ç ɛ rˠ x k
chiad	ç i ə̯ t̪
chian	xʲ i a n
chiar	çʰ i a ɾ
chidsin	ç i tʲ ʃ ɪ n
chill	ç iː ʎ
chirce	ç i ɾ̥ c ə
chlach	x l̪ˠ a x
chladhaire	x l̪ˠ ɤ ɪ ɾʲ ə
chlas	x l̪ˠ a s̪
chliabh	x l i ə v
chluig	x l̪ˠ u kʲ
chlì	x l iː
chnoc	x ɾ ɔ̃ x k
cho	x ɔ
choin	x ɔ ɲ
choinneamh	x ɤ ɲ ə v
choire	x ɔ ɾʲ ə
cholann	x ɔ l̪ˠ ə n̪ˠ
chom	x ɔ u m
chompanaidh	x ɔ̃ ũ m p ə n ɪ
chon	x ɔ n
chona	x ɔ n a
chor	x ɔ ɾ
chorp	x ɔ ɾ p
chorrach	x ɔ rˠ ə x
chostag	x ɔ s t̪ a k
chostagan	x ɔ s t̪ a k a n
chostaige	x ɔ s t̪ ɛ kʲ ə
chraiceann	x ɾ a x k ə n̪ˠ
chrann	x ɾ a u̯ n̪ˠ
chrannachan	x ɾ a n̪ˠ ə x a n
chreach	ç ɾʲ ɛ x
chreid	ç ɾʲ e tʲ
chruach	x ɾ u ə x
chruaidh	x ɾ u ə j
chruth	x ɾ u h
chuairt	x u ə rˠ ʃ tʲ
chuala	x u ə l̪ˠ ə
chuan	x u a n
chudromach	x u t̪ r ə m ə x
chumail	x u m a l
chun	x o n
chunna	x u n̪ˠ ə
chunnacas	x u n̪ˠ u x k ə s̪
chunnaic	h ɛ n̪ˠ i kʲ
chunnt	x ũː n̪ˠ t̪
chus	x u s̪
chàirdean	x aː rˠ tʲ ə n
chì	ç i
chòir	x ɔː ɾʲ
chù	x uː
chùirt	x uː rˠ ʃ tʲ
chùm	x uː m
ciad	kʲʰ i ə t̪
ciall	kʰʲ i a ɫ̪
ciallach	kʰʲ i ə l̪ˠ ə x
ciallachadh	cʰ i ə l̪ˠ ə x ə ɣ
ciallaich	cʰ i ə l̪ˠ ɪ ç
ciamar	kʰ a m a ɾ
cian	kʰʲ i a n
ciar	cʰ i a ɾ
cidhe	cʰ i ə
cidsin	kʲʰ i tʲ ʃ ɪ n
cill	cʰ iː ʎ
cinn	kʲʰ iː ɲ
cinnte	kʰʲ ĩː ɲ tʲ ə
cinnteach	kʲʰ i ɲ dʲ ʒ ə x
cion	cʰ i n
cionn	kʲʰ ũː n̪ˠ
cionnas	kʰʲ ũ n̪ˠ ə s̪
ciontach	cʰ i n̪ˠ t̪ ə x
cipean	kʲʰ i ç p a ɲ
ciùil	kʰʲ uː l
ciùin	kʲʰ ũː ɲ
ciùrr	kʰʲ uː rˠ
ciùrradh	kʰʲ uː rˠ ə ɣ
clach	kʰ l̪ˠ a x
clachair	kʰ l̪ˠ a x ɛ ɾʲ
clachan	kʰ l̪ˠ a x a n
cladh	kʰ l̪ˠ ɤ ɣ
cladhach	kʰ l̪ˠ ɤ ə x
cladhaire	kʰ l̪ˠ ɤ ɪ ɾʲ ə
clag	kʰ l̪ˠ a k
claidheamh	k l̪ˠ a i u
claigeann	kʰ l̪ˠ a kʲ ə n̪ˠ
clais	kʰ l̪ˠ a ʃ
clamhan	kʰ l̪ˠ a v a n
clann	kʰ l̪ˠ ã ũ n̪ˠ
claon	kʰ l̪ˠ ɯː n
clas	kʰ l̪ˠ a s̪
cleachd	kʰ l ɛ x k
cleachdadh	kʰ l ɛ x k ə ɣ
cleas	kʰ l e s
cleasaiche	kʰ l e s̪ ɪ ç ə
cleiteag	k ʎ eː h tʲ a k
cliabh	kʰ l i ə v
cliath	kʰ l i ə
cliop	kʰ l ə p
clis	kʰ l i ʃ
cliù	kʰ l i u
cliùiteach	kʰ l uː h tʲ ə x
clobha	kʰ l̪ˠ o u
clobhd	kʰ l̪ˠ ɔ u t̪
clogaid	kʰ l̪ˠ ɔ k a dʲ
cloich	kʰ l̪ˠ a ç
cloiche	kʰ l̪ˠ a ç
cloicheadh	kʰ l̪ˠ a ç ə ɣ
cloinn	kʰ l̪ˠ ɤ i̯ ɲ
cloinne	kʰ l̪ˠ ɯ ɲ ə
cloinneadh	kʰ l̪ˠ ɤ ɲ ə ɣ
cluain	kʰ l̪ˠ u ə ɲ
cluich	kʰ l̪ˠ u ç
cluichd	kʰ l̪ˠ u ç kʲ
cluiche	kʰ l̪ˠ u ç ə
cluicheadair	kʰ l̪ˠ u ç ə t ɛ rʲ
cluig	kʰ l̪ˠ u kʲ
cluigean	kʰ l̪ˠ u kʲ a n
cluigeanan	kʰ l̪ˠ u kʲ a n ə n
cluigein	kʰ l̪ˠ u kʲ ɛ n
cluinneadh	k ɫ̪ ɯ ɲ ə ɣ
cluinnteil	kʰ l̪ˠ u i ɲ dʲ ʒ a l
cluinntinn	kʰ l̪ˠ u i ɲ dʲ ʒ i ɲ
clàbar	kʰ l̪ˠ aː p ə ɾ
clàdan	kʰ l̪ˠ aː t̪ a n
clàideag	kʰ l̪ˠ aː tʲ a k
clàrsair	kʰ l aː ɻ ʂ ɛ ɾʲ
clì	kʰ l iː
clòimh	kʰ l̪ˠ ũ ã j
clòimhdeag	kʰ l̪ˠ ɔ̃ː tʲ a k
clòimhe	kʰ l̪ˠ ɔ̃ː j ə
clòimheadh	kʰ l̪ˠ ɛ̃ː ə ɣ
clòimhean	kʰ l̪ˠ ɔ̃ː j ə n
clòimhneag	kʰ l̪ˠ ɔ̃ː ɲ a k
cnag	kʰ ɾ ã k
cnagadh	kʰ ɾ ã k ə ɣ
cnap	kʰ ɾ ã h p
cnatan	kʰ ɾ ã h t a n
cneap	k ɾ e h p
cneas	kʰ ɾʲ ẽ s̪
cneasda	kʰʲ rʲ e s̪ t̪ ə
cneasta	k rʲ e s̪ t̪ ə
cnoc	kʰ ɾ õʰ k
cnuimh	kʰ ɾ ũ j
cnuimheag	kʰ ɾ ɛ̃ a k
cnàg	kʰ ɾ̃ ãː k
cnàimh	kʰ ð ɛ̃ː v
cnàimhean	kʰ ɾ ãː i n
cnàmh	kʰ ɾ ãː v
cnàmhan	kʰ ɾ ã u ə n
cnàmhlach	kʰ rˠ ãː v l̪ˠ ə x
cnèatag	kʰ ɾ i aʰ t̪ʰ a k
cnò	kʰ ɾ õː
cnòthan	k ɾ ɔː ə n
cobhan	kʰ o a n
cochall	kʰ ɔ x ə l̪ˠ
cofaidh	kʰ ɔ f ɪ
cofhurtachd	kʰ ɔ̃ v ə rˠ s̪ t̪ ə x k
cofhurtail	kʰ ɔ̃ v ə rˠ s̪ t̪ a l
cogadh	kʰ o k ə ɣ
coibhneil	kʰ ɤ i ɲ a l
coigreach	kʰ ɔ kʲ i ɾ ə x
coileach	kʰ a l ə x
coileanta	kʰ ɔ l ə n̪ˠ t̪
coille	kʰ ɤ ʎ ə
coilleadh	kʰ ɤ ʎ ə ɣ
coilleag	kʰ ɤ ʎ a k
coillidh	kʰ ɤ ʎ i
coilltean	kʰ ɤ i ʎ tʲ ə n
coimheach	kʰ ɔ j ə x
coimhead	kʰ õ a t̪
coimhearsnach	kʰ ɔ i rˠ s̪ n ə x
coimhearsnachd	kʰ ɔ̃ i ə rˠ s̪ n ə x k
coimpiutair	kʰ ə m pʰ j u tʰ ə ɾʲ
coin	kʰ ɔ ɲ
coinean	kʰ ɔ ɲ a n
coineanach	kʰ ɔ ɲ a n ə x
coineanaich	kʰ ɔ ɲ a n ɪ ç
coineanan	kʰ ɔ ɲ a n ə n
coinein	kʰ ɔ ɲ ɛ n
coinneal	kʰ ã ĩ ə l̪ˠ
coinneamh	kʰ o ɲ u
coinnlear	k ɤ̃ ĩ ɲ ʎ ɛ r
coirb	kʰ ɤ ɾʲ e p
coirce	kʰ ɔ ɾ̥ k
coire	kʰ a ð ə
coireach	kʰ a ð ə x
cois	kʰ o ʃ
coise	kʰ o ʃ ə
coiseachd	kʰ o ʃ a x k
coiseadh	kʰ o ʃ ə ɣ
coisridh	k ɔ ʃ ɾ iː
coisrig	kʰ ɔ ʃ ɾʲ ɪ c
coitcheann	kʰ a h tʲ ç ə n̪ˠ
coitheanal	kʰ ɔ j h i n a l̪ˠ
colainn	kʰ ɔ l̪ˠ ə ɲ
colaiste	kʰ ɔ ɫ̪ ɪ ʃ tʲ ə
colann	kʰ ɔ l̪ˠ ə n̪ˠ
coll	kʰ ɔ u l̪ˠ
coltach	kʰ o l̪ˠ t̪ʰ ə x
coltas	k o l̪ˠ ə s
com	kʰ ɔ u m
coma	kʰ o m ə
comain	kʰ o m ɛ ɲ
comann	kʰ o m ə n̪ˠ
comannach	kʰ o m ə n̪ˠ ə x
comas	kʰ o m ə s̪
comasach	kʰ o m ə s̪ ə x
comhairle	kʰ õ ə rˠ l
comhaois	kʰ ɔ ɯː ʃ
comharra	kʰ ɔ ə rˠ ə
companaidh	kʰ ɔ̃ ũ m p ə n ɪ
con	kʰ ɔ n
cona	kʰ ɔ n a
connadh	kʰ o n̪ˠ ə ɣ
connsachail	kʰ ɔ̃ ũ n̪ˠ s̪ ə x a l
connspaideach	kʰ ɔ̃ ũ n̪ˠ s̪ p ɪ tʲ ə x
connspeach	kʰ ɔ̃ i s p ɛ ɔ x
conntraigh	kʰ ã ũ n̪ˠ d̪ ɾ æ j
consan	kʰ ɔ n s̪ a n
cop	kʰ ɔ h p
copan	kʰ o h p ɑ n
copar	kʰ ɔ h p ə ɾ
cor	kʰ ɔ ɾ
corp	kʰ ɔ ɾ p
corra	kʰ ɔ rˠ ə
corrach	kʰ ɔ rˠ ə x
corrag	kʰ ɔ rˠ a k
corran	kʰ ɔ rˠ a n
cosail	kʰ ɔ s̪ a l
cosg	kʰ ɔ s̪ k
cosgais	k o s ɡ ɪ ʃ
cosnadh	kʰ ɔ s̪ n̪ˠ ə ɣ
costag	kʰ ɔ s t̪ a k
costagan	kʰ ɔ s t̪ a k a n
costaige	kʰ ɔ s t̪ ɛ kʲ ə
cothrom	kʰ ɔ rˠ ə m
cothromach	kʰ ɔ rˠ ə m ə x
craic	kʰ ɾ ɛ ç c
craiceann	kʰ ɾ a x k ə n̪ˠ
craicte	kʰ r ɛ ç dʲ ə
crann	kʰ ɾ ã n̪ˠ
crannachan	kʰ ɾ a n̪ˠ ə x a n
crannchur	kʰ ɾ a n̪ˠ a x ə ɾ
craobh	kʰ ɾ ɯː v
craobhan	kʰ ɾ ɯː v ə n
craoibh	kʰ ɾ u i v
craoibhe	kʰ ɾ u i j ə ɣ
craol	kʰ ɾ ɯː l̪ˠ
craoladair	kʰ ɾ ɯː l̪ˠ ə t̪ ɛ ɾʲ
craoladh	kʰ ɾ ɯː l̪ˠ ə ɣ
craos	kʰ ɾ ɯː s̪
craosach	kʰ ɾ ɯː s̪ ə x
crath	kʰ ɾ a h
creach	kʲʰ ɾʲ ɛ x
creag	kʰ ɾ e k
creagan	kʰ ɾ e k ə n
creamh	kʰ ɾʲ ɛ̃ v
creid	kʰ ð ɤ tʲ
creideamh	kʰ ɾ ɤ tʲ u
creidmheach	kʰ ɾʲ e tʲ v ə x
creidse	kʰ ð ɤ t ʃ
creidsinn	kʰ ð ɤ d̥ʲ ʃ i ɲ
creutair	k ð eːʰ t̪ ə ɾ
criadhadaireachd	kʲʰ ɾʲ i a ə t̪ ɪ ɾʲ ə x k
cridhe	kʰ ɾʲ i ə
cridheil	kʰ ɾʲ i a l
crios	kʰ ð i s̪
crith	kʰ ɾʲ i h
critheann	kʰ ɾʲ i h ə n̪ˠ
crithinn	kʰ ɾʲ i h ɪ ɲ
croch	kʰ ɾ ɔ x
crodh	kʰ ɾ o h
crogall	kʰ ɾˠ o k ə l̪ˠ
crois	kʰ ɾ ɔ ʃ
croit	kʰ ɾ a h tʲ
croladh	kʰ ɾ ɔ l̪ˠ ə ɣ
crolaidh	kʰ ɾ ɔ l̪ˠ ɪ
crom	kʰ ɾ ɔ u m
cromach	k r o m ə x
cronaich	kʰ ɾ ɔ n ɪ ç
crosta	kʰ ɾ ɔ s̪ t̪ ə
crotach	kʰ ɾ ɔ h t̪ ə x
crotal	kʰ ɾ ɔʰ t̪ ə l̪ˠ
cruach	kʰ ɾ u ə x
cruachan	kʰ ɾ u ə x a n
cruadhtan	kʰ ɾ u ə j t̪ a n
cruaidh	kʰ ɾ u ə j
cruidh	kʰ ɾ ɯ j
cruinn	kʰ r u ɪ ɲ
cruinne	kʰ ɾ ɯ ɲ ə
cruinneachadh	kʰ ɾ ɯ̃ ɲ ə x ə ɣ
cruithneachd	kʰ ɾ i n ə x k
cruth	k ɾ u h
cruthachail	kʰ ɾ u h ə x a l
cruthaich	kʰ ɾ u h ɪ ç
cràbhach	kʰ r aː v ə x
cràbhachd	kʰ r aː v ə x k
cràbhadh	kʰ r aː v ə ɣ
cràin	kʰ ɾ aː ɲ
crè	kʰ r ɛː
crìoch	kʰ ɾʲ i ə x
crìon	kʰ ɾʲ i ə n
cròileagan	k r ɔː l a ɡ a n
cròilean	kʰ ɾ ɔː l a n
crùbag	kʰ ɾ uː p a k
crùn	k r uː n
cuach	kʰ u ə x
cuain	kʰ u ə ɲ
cuairt	kʰ u ə rˠ ʃ tʲ
cuala	kʰ u ə l̪ˠ ə
cuan	kʰ u a n
cudrom	kʰ u t̪ r ə m
cudromach	kʰ u t̪ ɾ ə m ə x
cuibhle	kʰ ɤ i l ə
cuid	kʰ u tʲ
cuideachadh	kʰ u tʲ ə x ə ɣ
cuideachail	kʰ u tʲ ə x a l
cuideachd	kʰ u tʲ ə x k
cuideam	kʰ u tʲ ə m
cuideigin	kʰ u tʲ i kʲ i ɲ
cuidich	kʰ u tʲ ɪ ç
cuigeal	kʰ ɔ c ə l̪ˠ
cuileag	kʰ u l a k
cuilean	kʰ u l a n
cuileann	kʰ u l ə n̪ˠ
cuimhne	kʰ u i n ə
cuimhneachadh	kʰ u i ɲ ə x ə ɣ
cuin	kʰ u ɲ
cuine	kʰ u ɲ ə
cuing	kʰ ɯ̃ ĩ ŋʲ kʲ
cuip	kʰ u ç p
cuir	kʰ u ɾʲ
cuireadh	kʰ u ɾʲ ə ɣ
cuiridh	kʰ u ɾʲ i
cuisle	kʰ u ʃ l ə
cuislean	kʰ u ʃ l a n
culaidh	kʰ u l̪ˠ ɪ
cullach	kʰ u l̪ˠ ə x
cultarach	kʰ u l̪ˠ t̪ ə ɾ ə x
cum	kʰ uː m
cumail	kʰ u m a l
cumanta	kʰ u m ə n̪ˠ t̪ ə
cumha	kʰ ũ ə
cumhachd	kʰ õ a x k
cumhachdach	kʰ ũ ə x ɡ ə x
cumhang	kʰ ũ u k
cunnartach	kʰ u n̪ˠ ə rˠ ʃ t ə x
cunnt	kʰ ũː n̪ˠ t̪
cunntadh	kʰ ũː n̪ˠ t̪ ə ɣ
cunntas	kʰ uː n̪ˠ t̪ ə s̪
cupa	kʰ u h p ə
cupan	kʰ u h p a n
curran	kʰ u rˠ a n
cus	kʰ u s̪
cà	kʰ aː
càball	kʰ aː p ə l̪ˠ
càch	kʰ aː x
càil	kʰ aː l
càin	kʰ aː ɲ
càineadh	kʰ aː ɲ ə ɣ
càirdeach	kʰ aː r tʲ ə x
càirdean	kʰ aː rˠ tʲ ə n
càirdeil	kʰ aː r tʲ a l
càirich	kʰ aː ɾʲ ɪ ç
càise	kʰ aː ʃ ə
càit	kʰ aː h tʲ
càit'	kʰ aː h tʲ
càite	kʰ aː h tʲ ə
càl	kʰ aː l̪ˠ
càmhal	k ãː ə l̪ˠ
cànan	kʰ ãː n a l
càr	kʰ aː ɾ
càrn	kʰ aː rˠ n̪ˠ
càrnadh	kʰ aː ɾ n ə ɣ
cè	kʲʰ eː
cèic	k ɛː ç kʰ
cèile	kʲʰ eː l ə
cèilidh	kʲʰ eː l i
cèireach	kʰʲ eː ɾʲ ə x
cèis	cʰ eː ʃ
cìl	kʰʲ iː l
cìobair	kʲʰ iː p ɛ ɾʲ
cìoch	kʰʲ i ə x
cìr	kʰʲ iː ɾʲ
cò	k o
còcaire	kʰ ɔː x k ə ɾʲ ə
còcaireachd	kʰ ɔː x k ɛ ɾʲ ə x k
còig	kʰ oː kʲ
còignear	kʰ oː kʲ n ə ɾ
còir	kʰ ɔː ð
còmhdhail	kʰ ɔ̃ː ə l
còmhla	kʰ õː l̪ˠ a ɣ
còmhlan	kʰ ɔ̃ː l̪ˠ a n
còmhnard	kʰ ɔ̃ː n ə rˠ d
còmhradh	kʰ õː ɾ a ɣ
còmhrag	kʰ ɔ̃ː ɾ a k
còmhstri	kʰ ɔ̃ː s̪ t̪ ɾ i
còrr	kʰ ɔː rˠ
cóigneir	kʰ oː kʲ ə ɾʲ
cù	kʰ uː
cùbhraidh	kʰ uː rˠ i
cùirt	kʰ uː rˠ ʃ tʲ
cùirtear	kʰ uː rˠ ʃ tʲ ə ɾ
cùis	kʰ uː ʃ
cùiseach	kʰ uː ʃ ə x
cùl	kʰ uː ɫ̪
cùm	kʰ u m
cùram	kʰ uː ɾ ə m
cùramach	kʰ uː ɾ ə m ə x
d'	tʲ
da	t̪ a
dachaigh	t̪ a x ɪ
dad	d̪̊ a t̪
dadamach	d a d ə m ə x
daga	d̪̊ a k ə
daibh	t̪ a i̯
daibhsan	t̪ a i̯ v s̪ ə n
daimh	d̪̊ ɛ̃ j
daingeann	d̪̊ a i ə n̪ˠ
dair	t̪ a ɾʲ
dall	d̪̊ a l̪ˠː
dallag	t a ɫ̪ a k
dalm	d a l̪ˠ a m
dalma	d a l̪ˠ a m ə
damh	d̪̊ ã v
danns	d̪̊ ã ũ s̪
dannsa	t̪ ã ũ n̪ˠ s̪ ə
dannsadh	d̪̊ ã ũ s̪ ə ɣ
dannsair	t ã ũ n̪ˠ s̪ ɛ ɾʲ
daoine	d̪̊ ɤ̃ː ɲ ə
daol	t̪ ɯː l̪ˠ
daonnan	t̪ ɯː n̪ˠ a n
daor	t̪ ɯː ɾ
daorach	t ɯː ɾ ə x
dar	t̪ a r
darach	t̪ a ɾ ə x
daraich	t̪ a ɾ ɪ ç
dath	t a h
dathach	t̪ a h ə x
deagh	d̥ ʒ oː
dealaich	dʲ a lˠ i ç
dealain	tʲ a l̪ˠ ɛ ɲ
dealan	d̥ʲ a l̪ˠ a n
dealanach	d̥ʲ a l̪ˠ a n ə x
dealanaich	tʲ a l̪ˠ a n ə xʲ
dealanan	tʲ a l̪ˠ a n̪ˠ ə n̪ˠ
dealbh	d̥ ʒ a l̪ˠ a v
dealbhadair	tʲ a l̪ˠ a v ə t ɛ ɾʲ
dealg	tʲ a l̪ˠ a k
dealgan	tʲ a l̪ˠ a k a n
dealt	d̥ ʒ a l̪ˠ t̪
dealuich	dʲ a lˠ i ç
deamhan	tʲ ã ũ a n
deamhas	d̥ ʒ ɛ̃ ũ i ʃ
deanntag	d̥ ʒ ã ũ n̪ˠ a k
dearc	tʲ ɛ ɾ ç kʲ
dearcag	tʲ ɛ ɾ ç kʲ a k
dearg	d̥ ʒ ɛ ɾ a k
dearmad	tʲ ɛ ɾ ɛ m ə t̪
dearrs	tʲ aː rˠ s̪
dearrsadh	t̪ʲ aː rˠ s̪ ə ɣ
deas	d̥ʲ e s̪
deasg	tʲ ɛ s̪ k
deatach	tʲ ɛ h t̪ ə x
deathach	d̥ ʒ e h a x
deich	d̥ʲ e ç
deicheach	dʲ e ç ə x
deichnear	dʲ e ç n ə ɾ
deichnearan	tʲ e ç n ə ɾ ə n
deichneir	tʲ e ç n ə ɾʲ
deifir	d̥ ʒ e f ə ɾ
deigh	d̥ʲ e ʝ
deilbh	tʲ e l e v
deilgneach	tʲ e l e c n ə x
deireadh	d̥ ʒ e ɾʲ ə ɣ
deireannach	tʲ e ɾʲ ə n̪ˠ ə x
deirge	tʲ e ɾʲ e ɟ ə
deise	tʲ e ʃ ə
deiseil	d̥ ʒ e ʃ a l
deocan	tʲ ɔ x k a n
deoch	d̥ ʒ ɔ x
deoghail	tʲ o a l
deud	d̥ʲ eː t̪
deug	d̥ ʒ eː k
deur	d̥ ʒ i a ɾ
deàrrsach	d̥ʲ aː rˠ s ə x
deàrsadh	t̪ʲ aː rˠ s̪ ə ɣ
deòin	dʲ ɔː ɲ
deònach	d̥ʲ oː n ə x
dh'	ɣ
dh'fhalbh	ɣ a ɫ̪ a v
dh'fhaodadh	ɣ ɯː t̪ ə ɣ
dh'fhosgail	ɣ ɔ s k a l
dh'fhàg	ɣ aː k
dh'ith	j i ç
dh'èist	ʝ eː ʃ tʲ
dh'òl	ɣ ɔː l̪ˠ
dha	ɣ a
dhachaigh	ɣ a x ɪ
dhaibh	ɣ a i
dhaibhsan	ɣ a i s̪ ə n
dhall	ɣ a u l̪ˠ
dhan	j a n
dhath	ɣ a h
dhathach	ɣ a h ə x
dhealaich	ʝ a lˠ i ç
dhealbh	ʝ a l̪ˠ ə vˠ
dhearg	ʝ ɛ ɾ ɛ k
dheas	ʝ ɛ s
dheigheadh	j e ə ɣ
dheighinn	ʝ e i ɲ
dheise	ʝ e ʃ ə
dhen	j ɛ n
dheth	ʝ e
dhi	ʝ i
dhibh	j iː v
dhinn	j iː ɲ
dhith	j iː ç ə
dhiubh	j uː x ə
dhomh	ɣ õ
dhona	ɣ ɔ n ə
dhoras	ɣ a ɾ ə s̪
dhorcha	ɣ ɔ ɾ ɔ x ə
dhubh	ɣ u h
dhuibh	ɣ u i v
dhuibhse	ɣ ɯ i̯ v ʃ ə
dhuilich	ɣ ɯ lʲ ɪ ç
dhuinn	ɣ u ɲː
dhuinne	ɣ ɯ ɲ ə
dhuit	ɣ uʰ tʲ
dhuitsa	ɣ uʰ tʲ s̪ ə
dhul	ɣ u l̪ˠ
dhut	ɣ u h tʲ
dhutsa	ɣ u h t̪ s̪
dhà	ɣ aː
dhàsan	ɣ aː s̪ ə n
dhìochuimhnich	j iː x ə ɲ i ç
dhìol	ʝ i ə ɫ̪
dhìom	j iː m
dhìot	j iː h t̪
dhìse	ʝ iː ʃ ə
dhìth	ʝ iː
dhòmhsa	ɣ õː s̪
dhùin	ɣ uː ɲ
di	tʲ i
dia	tʲ i a
diabhal	tʲ i ə v ə l̪ˠ
dian	t͡ʃ i a n
diathad	d̥ʲ i ə h ə t̪
dibhe	tʲ i v ə
dibhearsan	d̥ʲ ʒ i v ɛ ɾ s̪ˠ ɛ ɲ
dighe	tʲ i v ə
dinnear	d̥ ʒ iː ɲ æ ɾʲ
diofar	d̥ ʒ e f ə ɾ
diog	tʲ i k
diorta	tʲ ə r̪ˠ ʃ t̪ ə
dis	d̥ʲ i ʃ
dithis	d̥ʲ i i ʃ
dithisean	tʲ i ɪ ʃ ə n
diù	tʲ uː
diùc	d̥ʲ ʒ uː x k
diùid	tʲ uː tʲ
diùlt	d̥ ʒ uː l̪ˠ t̪
diùltadh	d̥ ʒ uː l̪ˠ t̪ ə ɣ
dlighe	t̪ l i ə
dligheach	tʲ l i ə x
do	t̪ ɔ
doilgheas	d̪̊ ɔ l ɔ j ə s̪
doilleir	d ɔ ɪ ʎ ɛ r
doimhne	t̪ ɤ ĩ n ə
doimhneachd	t̪ ɔ i ɲ ə x k
doineann	t̪ ɤ ɲ a n̪ˠ
doirbh	d̪̊ ɔ ɾ ə v
dol	d̪̊ ɔ l̪ˠ
domh	t̪ ɔ̃
domhainn	d̪̊ õ i ɲ
domhan	t̪ õ a n
domhsa	t̪ ɔ̃ː s̪ ə
don	t̪ ɔ n̪ˠ
dona	d̪̊ ɔ n ə
donn	d̪̊ o n̪ˠ
dorais	d̪̊ a ɾ ɪ ʃ
doraist	d̪̊ ɔ ɾ ɪ ʃ tʲ
doras	d̪̊ a ɾ ə s̪
dorcha	t̪ ɔ ɾ ɔ x ə
dorchadas	d̪̊ a ɾ a x ə t̪ ə s̪
dorgh	d̪̊ a ɾ a v
dorra	t̪ ɔ rˠ ə
dorsan	d̪̊ ɔ rˠ s̪ ə n
dotair	t̪ ɔ h t̪ ɛ ɾʲ
drabasda	t̪ ɾ a p ə s̪ t̪ ə
drabasdach	t̪ ɾ a p ə s̪ t̪ ə x
drabasdachd	t̪ rˠ a p a s̪ t̪ a x k
dragh	t̪ ɾ ɤ ɣ
draibh	t̪ ɾ a i v
draibheadh	t̪ˠ ɾ a i v ə ɣ
draibhear	t̪ ɾ a i v ə ɾ
dram	t̪ ɾ a u m
drama	t̪ ɾ a m ə
dranndan	d̪̊ ɾ ã ũ n̪ˠ a n
dranndanach	t̪ ɾ ã ũ n̪ˠ t a n ə x
draoidh	d r ɯ j
draoidheachd	d r ɯ ɪʲ a x k
drathais	t̪ ɾ a ɪ ʃ
dreach	t̪ ɾ ɛ x
dream	d̪̊ ɾ a u m
dreasa	t̪ ɾ e s̪ ə
dreathan	d̪̊ ɾ a i a n
dreuchd	t̪ ɾʲ i a x k
dril	t ɾ i l
dris	d̪̊ ɾ i ʃ
driùchd	t̪ ɾ uː x k
drochaid	d̪̊ ɾ ɔ h ɪ tʲ
droigheann	t̪ ɾ ɔ j ə n̪ˠ
druim	d̪̊ ɾ iː m
druma	t̪ ɾ u m ə
drumaichean	t̪ ɾ u m ɪ ç ə n
dràma	t̪ ɾ aː m ə
dròn	t r ɔː n
drùidh	d r uː j
drùidhteach	d r uː dʲ ə x
drùis	t̪ ɾ uː ʃ
drùiseach	t̪ ɾ uː ʃ a x
drùisealachd	t̪ rˠ uː ʃ ɛ l̪ˠ a x k
drùiseantachd	t̪ rˠ uː ʃ ə n̪ t̪ʰ a x k
drùisear	t̪ rˠ uː ʃ ɛ rˠ
drùisearachd	t̪ rˠ uː ʃ ɛ rˠ a x k
drùiseil	t r uː ʃ ɛ l
drùisire	t̪ rˠ uː ʃ i ɾ ə
duais	t̪ u ə ʃ
dual	t̪ u ə ɫ̪
dualchasach	t u ə l̪ˠ x ə s̪ ə x
duan	t̪ u ə n
dubh	d̪̊ u h
dubhach	t̪ u ə x
dubhan	d̪̊ u a n
duda	d̪̊ ɤ d̪̊ ə
duf	d̪̊ ə f
duibh	t̪ iː
duibhse	t̪ ɯ i̯ v ʃ ə
duileasg	d̪̊ ɯ l ə s̪ k
duilich	d̪̊ u l i ç
duille	t̪ ɯ ʎ ə
duilleach	t ɯ ʎ ə x
duilleag	t ɯ ʎ a k
duine	d̪̊ u ɲ ə
duinn	t̪ i ɲ
duinne	t̪ ɯ i̯ ɲ ə
duirche	d̪̊ ɯ ð ɯ ç ə
duirgh	d̪̊ u ɾ u j
duit	t̪ uʰ tʲ
duitsa	t̪ uʰ tʲ s̪ ə
dul	t̪ u l̪ˠ
dust	t̪ u s̪ t̪
dut	t̪ u t̪
dutsa	t̪ uʰ t̪ s̪ ə
dà	d̪̊ aː
dàil	t̪ aː l
dàimh	t̪ a i v
dàimheach	d a i v ə x
dàn	t aː n
dàrnach	d aː rˠ n̪ˠ ə x
dè	d̥ ʒ eː
dèan	d̥ ʒ ĩ ã n
dèanadh	d̥ ʒ eː n ə
dèanamh	d̥ ʒ a n u
dèidh	tʲ eː
dèiligeadh	d̥ ʒ eː l i k ə ɣ
dèine	tʲ eː n ə
dìcheall	tʲ iː ç ə ɫ̪
dìcheallach	tʲ iː ç ə l̪ˠ ə x
dìg	tʲ iː k
dìle	dʲ iː l ə
dìleas	tʲ iː l ə s
dìlleachd	tʲ iː ʎ ə x ɡ
dìlleachdach	tʲ iː ʎ ə x ɡ ə x
dìlleachdan	tʲ iː ʎ ə x ɡ a n
dìlleachdanachd	tʲ iː ʎ ə x ɡ a n ə x ɡ
dìlleachdas	tʲ iː ʎ ə x ɡ ə s̪
dìlse	tʲ iː l ʃ ə
dìochuimhne	d̥ʲ i ə x ə n ə
dìochuimhneachadh	d̥ʲ ĩ ə̃ x ə n ə x ə ɣ
dìochuimhnich	d̥ʲ iː x ə ɲ i ç
dìoghaltach	tʲ i ə ə l̪ˠ t̪ʰ ə x
dìoghaltas	d̥ʲ ɯː ə l̪ˠ t̪ ə s̪
dìol	t ʃ iː lˠ
dìoladh	d̥ʲ ɯː l̪ˠ ə ɣ
dìomhain	d̥ʲ i ə v ɔ ɲ
dìomhair	tʲ i ə v ɪ ɾʲ
dìomoladh	d̥ʲ i m ɔ̃ l̪ˠ ə k
dìonadair	dʲ i ə n ə d ɛ rʲ
dìosal	tʲ iː s̪ ə l̪ˠ
dìreach	tʲ iː ɾʲ ə x
dìthean	d̥ ʒ iː h ɛ ɲ
dìthreabh	tʲ i ɾʲ ə
dòbhran	t̪ ɔː ɾ a n
dòchas	d̪̊ ɔː x ə s
dòchasach	t̪ ɔː x ə s̪ ə x
dòigh	t̪ ɔː j
dòigheil	d̪̊ ɔː j a l
dòirt	t ɔː rˠ ʃ tʲ
dòrainneach	t̪ ɔː ɾ ə ɲ ə x
dòrn	d̪̊ ɔː rˠ n̪ˠ
dòrnan	t̪ ɔː ɾ n a n
dòrtadh	t̪ ɔː rˠ ʃ t̪ ə ɣ
dòth	t̪ ɔː
dùil	t uː l
dùin	t̪ uː ɲ
dùinte	t̪ uː ɲ tʲ ə
dùisg	t̪ uː ʃ kʲ
dùn	t̪ uː n
dùrd	t̪ uː rˠ t̪
dùsgadh	d̥ uː s̪ k ə ɣ
dùth	t̪ uː
dùthaich	d̪̊ uː h i ç
dùthcha	t̪ uː x ə
dùthchadh	d̪̊ uː x ə ɣ
dùthchas	t̪ uː x ə s̪
e	a
each	ɛ x
eachdraidh	ɛ x t̪ ɾ i
eaconomaidh	ɛ kʰ ɔ n ə m ɪ
eadar	a t̪ ə ɾ
eadaraibh	aʰ t̪ ɾ u
eadarainn	a t̪ ə ɾ ɪ ɲ
eadh	ɤ ɣ
eadha	e ə
eadhon	j u ɪ n
eagal	e k ə l̪ˠ
eagalach	e k ə l̪ˠ ə x
eaglais	e k l̪ˠ ɪ ʃ
eaglaise	e k l̪ˠ ɪ ʃ ə
eaglaisean	e k l̪ˠ ɪ ʃ ə n
eala	e a l̪ˠ ə
ealachan	j a l̪ˠ ə x ə n
ealamh	a l̪ˠ u
eallach	e̯ a l̪ˠ ə x
ealt	j ɑ l̪ˠ h t̪
eanchainn	i n ɤ x i ɲ ʌ
earball	i ɾ i p ə l̪ˠ
earbsa	ɛ ɾ ɛ p s̪ ə
earrach	j a rˠ ə x
earrann	j a rˠ ə n̪ˠ
easbhaidh	e s̪ v i
eatarra	aʰ t̪ ə rˠ
eich	e ç
eidheann	e ə n̪ˠ
eigh	e j
eighe	e e
eigheanntach	e ə n̪ˠ d̪ ə x
eil	e l
eile	e l ə
eilean	e l a n
eileanach	e l a n ə x
eilear	e l̪ ə ɾ
eileas	e l̪ ə s̪
eilid	e l ɪ tʲ
einnsean	ẽ ĩ ɲ ʃ a n
eireag	e ɾʲ a k
eiridinn	e ɾ ɪ tʲ ɪ ɲ
eiridnich	e rʲ ɪ dʲ n ɪ ç
eisimeileachd	e ʃ ɪ m ə l ə x ɡ
eitean	e h tʲ a n
eithre	e ɾʲ ə
esan	a ʃ ɪ ɲ
eud	eː t̪
eudail	eː t̪ a l
eug	eː k
eul	i ə l̪ˠ
eun	i a n
eunlaith	ĩ ã l̪ˠ i
eàrlas	j aː l̪ˠ ə s
eò	j ɔː
eòlach	j ɔː l̪ˠ ə x
eòlas	j ɔː l̪ˠ ə s̪
eòrna	j ɔː rˠ n̪ˠ ə
faca	f ã x k ə
facal	f a x k ə l̪ˠ
faclair	f a x k l ˠ̪ ə ɾʲ
faclan	f a x k l̪ˠ ə n
fad	f a t̪
fada	f a t̪ ə
fadalach	f a t ə l̪ˠ ə x
faic	f ã ç kʲ
faiceallach	f a ç kʲ ə l̪ˠ ə x
faiche	f a ç ə
faicinn	f ã ç kʲ i ɲ
faide	f a tʲ ə
faidhle	f a i l ə
faidhlichean	f a i l ɪ ç ə n
faigh	f ã j
faigheadh	f e j ə ɣ
faighean	f a j a n
faighinn	f a i ɲ
faighneachd	f ɤ̃ ĩ n ə x k
failm	f a l a m
failme	f a l a m ə
failmean	f a l a m a n
failmeanan	f a l a m a n ə n
failmein	f a l a m ɪ ɲ
faing	f a i ŋʲ
faire	f a ɾʲ ə
faireachdainn	f a j ə x k i ɲ
fairge	f a rˠ a kʲ ə
fairich	f a ɾʲ ə xʲ
faisg	f a ʃ c
falach	f a l̪ˠ ə x
falamh	f a l̪ˠ i
falbh	f a l̪ˠ a
falbhaidh	f a l̪ˠ a i
fallain	f a l̪ˠ a ɲ
falmadair	f a l̪ˠ a m ə t̪ ɛ ɾʲ
falmadairean	f a l̪ˠ a m ə t̪ ɛ ɾʲ ə n
falt	f a l̪ˠ t̪
famhair	f a v a ð
fang	f a ŋ
fantail	f ɛ̃ n t̪ a l
faobh	f ɯː v
faobhar	f ɯ h ɪ ɾ
faod	f ɯː t̪
faoileag	f ɯː l a k
faoin	f ɯː ɲ
faotainn	f ɯː t̪ i ɲ
far	f a ɾ
faramach	f a r ə m ə x
farpais	f a ɾ p ɪ ʃ
farsaing	f a rˠ s̪ i kʲ
farspag	f a rˠ s̪ p a k
fasan	f a s̪ a n
fasanta	f a s̪ a n̪ˠ t̪ ə
fastaidh	f a s̪ t̪ ɪ
fathan	f a h a n
feabhas	f j ɔ ə s̪
feabhasach	f j o ə s ə x
fead	f e t̪
feadag	f ɛ t̪ a k
feadan	f e t̪ a n
feadh	f j ɤ ɣ
feadhainn	f e o i ɲ
feadhnach	f e oː n ə x
feagal	f e k ə l̪ˠ
feall	f j a l̪ˠ
feamainn	f ɛ̃ m i ɲ
feann	f j a u n̪ˠ
feannadh	f j a n̪ˠ ə ɣ
feannag	f j ã n̪ˠ a k
feanntag	f j ɛ n̪ˠ t̪ a k
feansa	f ɛ n s̪ ə
fear	f æ ɾ
fearachas	f ɛ r ə x ə s
fearail	f ɛ r a l
fearann	f ɛ ɾ ə n̪ˠ
fearg	f æ ɾ a k
feasgar	f e s̪ k ə ɾ
feis	f e ʃ
feith	f e h
feitheamh	f e h u
feuch	f i a x
feud	f eː t̪
feum	f eː m
feumach	f eː m ə x
feumaidh	f eː m ə
feumail	f e oː m a l
feur	f i a ɾ
feusagach	f i a s a k ə x
feusgan	f i a s̪ k a n
feàrna	f j aː rˠ n̪ˠ ə
feàrr	f ɛː rˠ
feòil	f j ɔː l
feòl	f j ɔː ɫ̪
feòladair	f j ɔː l̪ˠ ə t̪ ə ɾʲ
feòrag	f j ɔː ɾ a k
fhada	a t̪ ə
fhaide	a tʲ ə
fhaigheadh	a i ə ɣ
fhaighinn	eː n
fhaire	a ɾʲ ə
fhasanta	a s̪ a n̪ˠ t̪ ə
fhathast	h a ə s̪ t̪
fheabhas	j o ə s̪
fheamainn	e m ɪ ɲ
fhear	ɛ ɾ
fhearaibh	ɛ ɾ ɪ v
fheis	e ʃ
fheum	eː m
fheur	i ə ɾ
fheòladair	j ɔː l̪ˠ ə t̪ ə ɾʲ
fhichead	i ç ə t̪
fhios	i s̪
fhliuch	l u x
fhreagair	ɾ e k ɪ ɾʲ
fhreagarrach	ɾʲ e k ə rˠ ə x
fhuair	h u ə ð
fhuar	u ə ɾ
fhuaras	h u ə ɾ ə s̪
fhèin	h eː
fiabhrais	f i ə v ɾ ə ʃ
fiabhras	f i ə v ɾ ə s̪
fiacail	f i ə x k ə l
fiacais	f i ə x k ɪ ʃ
fiach	f i a x
fiaclan	f i ə x k l̪ˠ ə n
fiadh	f i ə̯ ɣ
fiadhach	f i ə ə x
fiadhaich	f i u i ç
fianais	f i a n ɪ ʃ
fiar	f i ə ɾ
fichead	f i t̪
figh	f i
figheadair	f i ə t̪ ɛ ɾʲ
fileanta	f i l ə n̪ˠ t̪ ə
fill	f iː ʎ
film	f i l i m
fiodh	f i ɣ
fionnadh	f j ũ n̪ˠ ə ɣ
fionnar	f j u n̪ˠ ə ɾ
fionnaradair	f j ũ n̪ˠ ə ɾ ə t ɛ ɾʲ
fionntach	f j uː n̪ˠ t̪ʰ ə x
fios	f i s̪
fireann	f i ɾʲ ə n̪ˠ
fitheach	f i ə x
fiughar	f j u ə ɾ
fiù	f j uː
fiùghantach	f j uː ə n t̪ ə x
fiùran	f j uː r a n
flaitheas	f l̪ˠ a ç ə s̪
flath	f l aː
fleadh	f l ɤ ɣ
fleasgach	f l e s̪ k ə x
fliche	f l i ç ə
flip	f l i h p
fliuch	f l i u x
flùr	f l uː ɾ
flùraichean	f l̪ˠ uː ɾ ə xʲ ə n
fo	f o
fodha	f o o
fodhad	f o ə t̪
fodhaibh	f o ə v
fodhainn	f o i ɲ
fodham	f o ə m
fodhpa	f oː p ə
foghain	f o ɪ ɲ
foghainteach	f o i ɲ dʲ ə x
foghar	f o ə ɾ
fogharach	f o ə ɾ ə x
foghlaim	f ɔː l̪ˠ ə m
foghlam	f ɔː l̪ˠ ə m
foighidinn	f a i d̥ʲ ʒ ə n
foighidneach	f ɤ ə tʲ ɲ ə x
foileag	f ɔ l a k
foileagan	f ɔ l a k ə n
foillsich	f ɤ i ʎ ʃ ɪ ç
foipe	f ɔʰ p ə
foirfe	f ɤ ɾʲ f ə
foirfeach	f ɔ ɾ ə f ə x
foirmle	f ɤ ɾʲ ɤ m l ə
fois	f o ʃ
follais	f ɔ ɫ̪ ɪ ʃ
follaiseach	f ɔ l̪ˠ ɪ ʃ ə x
fon	f ɔ n̪ˠ
fonn	f ɔ u n̪ˠ
fonnmhor	f ɔ n̪ˠ ə ɾ
fopa	f ɔʰ p ə
forc	f ɔ rˠ x k
forca	f ɔ rˠ x k ə
forcan	f ɔ rˠ x k ə n
fosfor	f ɔ s f ɔ ɾ
fosgail	f ɔ s k a l
fosgailte	f o s̪ k i l̥ tʲ
fosgladh	f ɔ s k l̪ˠ ə ɣ
fradharc	f ɾ ɤ ə ɾ k
fraidhig	f ɾ a j ɪ kʲ
fraidhigte	f ɾ a j ɪ c tʲ ə
fraoch	f ɾ ɯː x
freagair	f ɾʲ e k ɪ ɾʲ
freagairt	f ɾ e k ə rˠ ʃ tʲ
freagarrach	f ɾʲ e k ə rˠ ə x
freagarrachd	f ɾʲ e k ə rˠ ə x k
freasdal	f ɾʲ e s̪ t̪ ə l̪ˠ
freasdalach	f ɾʲ e s̪ t̪ ə l̪ˠ ə x
freasdalachd	f ɾʲ e s̪ t̪ ə l̪ˠ ə x ɡ
freumh	f ð ĩ ã v
frids	f ɾʲ i tʲ ʃ
frithealadh	f ɾʲ i h a l̪ˠ ə ɣ
fuachd	f u ə x k
fuaigheal	f o a l̪ˠ
fuaigheil	f u ə j a l
fuaim	f u e m
fuaimnich	f u ə i m n ɪ ç
fuamhaire	f ũ ã a ɾʲ ʌ
fuar	f u ə ɾ
fuasgail	f u ə s̪ k a l
fuath	f u ə
fuil	f u l
fuin	f u ɲ
fuineadair	f u ɲ ə t̪ ɪ ɾʲ
fuineall	f u ɲ ə l̪ˠ
fuirc	f ɯ ɾ xʲ kʲ
fuirce	f ɯ ɾ xʲ kʲ ə
fuireach	f u ɾʲ ə x
fuirich	f u ɾʲ ɪ ç
fulang	f u l̪ˠ ə k
fulangach	f u l̪ˠ ə ŋ k ə x
func	f ũ ŋ k
furachas	f u ɾ ə x ə s̪
furasta	f u ɾ ə s̪ t̪
fàg	f aː k
fàgail	f aː k a l
fàileadh	f aː l ə ɣ
fàilte	f aː l tʲ ə
fàinne	f aː ɲ tʲ ə
fàs	f aː s
fèidh	f eː ʝ
fèidhfheòil	f eː a l
fèileadh	e i l ə ɣ
fèill	f eː ʎ
fèineag	fʲ eː nʲ ə k
fèis	f eː ʃ
fèith	f ɛː
féill	f eː ʎ
fìgis	f iː kʲ ɪ ʃ
fìon	f ĩ ã n
fìor	f i ə ɾ
fìrinn	f iː ɾʲ ɪ ɲ
fòdhpa	f o ə x ʌ
fòghnaidh	f oː n i
fòidhpe	f o i ç ʌ
fòirneart	f ɔː rˠ ɲ a rˠ s̪ t̪
fòn	f oː n
fòpa	f ɔːʰ p ə
fòs	f ɔː s̪
fòtas	f ɔː h t̪ ə s̪
fòthannan	f oː h ə n̪ˠ a n
fòthantan	f ɔ ɔ n̪ˠ d̪ ɑ n
ga	ɡ̊ a
gabh	ɡ̊ a
gabhaidh	ɡ̊ a ɪ
gabhail	ɡ̥ a a l
gach	k a x
gad	ɡ̊ a t̪
gadhar	k ɤ ə ɾ
gafann	k a f ə n̪ˠ
gaimhne	ɡ̊ ɤ̃ ĩ n ə
gainmheach	ɡ̊ a n a ɔ x
gainmheachadh	ɡ̥ ɛ ɲ ɛ x ə ɣ
gairge	k ɛ ɾʲ ɛ c ə
gairm	ɡ̊ ə ɾʲ ɪ m
gairme	k ɤ ɾʲ ə mʲ ə
gaisgeach	ɡ̥ a ʃ kʲ a x
gal	ɡ̊ a l̪ˠ
galan	k a l̪ˠ a n
galar	k a l̪ˠ ə ɾ
galla	k a ɫ̪ ə
gam	ɡ̊ a m
gamhainn	ɡ̊ ã i ɲ
gamhna	ɡ̊ a u n ʌ
gan	ɡ̊ a
gann	k a u n̪ˠ
gaoid	k ɯː tʲ
gaoil	k ɯː ʎ
gaoisid	ɡ ɯː ʃ i d͡ʒ
gaoith	ɡ̊ ɯ i
gaoithe	ɡ̊ ɤ i
gaoitheadh	ɡ̥ u i h ə ɣ
gaol	k ɯː l̪ˠ
gaoth	ɡ̊ ɯː
gaothach	k ɯː ə x
gar	ɡ̊ a ɾ
garaids	k a ɾ ɪ tʲ ʃ
garbh	k a ɾ a v
garg	k a ɾ a k
gasta	k a s̪ t̪ ə
gath	ɡ a h
geal	kʲ a l̪ˠ
geala	c a l̪ˠ ə
gealach	ɡ̊ʲ a l̪ˠ ə x
gealag	ɡ̊ʲ a l̪ˠ a k
geall	kʲ a u l̪ˠ
gealladh	kʲ a ɫ̪ ə ɣ
geama	c ɛ m ə
geamannan	c ɛ m ə n̪ˠ ə n
gean	c ɛ n
geansaidh	kʲ ɛ n s̪ ɪ
gearan	ɡ̊ʲ ɛ ɾ a n
gearastan	c ɛ ɾ ə s̪ t̪ a n
gearradh	ɡ̊ʲ a rˠ ə ɣ
gearraidh	kʲ a rˠ ɪ
gearraidhean	kʲ a rˠ ɪ j ə n
geas	kʲ e s
geasachd	kʲ ɛ s a x k
geata	kʲ ɛʰ t̪ ə
ged	ɡ̥ a
geinealag	ɡʲ e nʲ ə l a ɡ
geodha	kʲ ɔ ə
geug	c eː k
geur	ɡ̊ʲ eː ɾ
geàrr	ɡ̊ʲ aː rˠ
geòidh	kʲ ɔː ʝ
ghabh	ɣ a
ghad	ɣ a t̪
ghalar	ɣ a l̪ˠ ə ɾ
ghaoth	ɣ ɯː
gharbh	ɣ a ɾ a v
ghasta	ɣ a s̪ t̪ ə
gheal	ʝ a l̪ˠ
ghealach	ʝ a l̪ˠ ə x
gheall	j a u l̪ˠ
gheibh	j e v
gheibheadh	j o ə k
gheibhinn	j o i ɲ
gheibhte	j o h tʲ ə
ghille	ʝ i ʎ ə
ghlac	ɣ l̪ˠ a x k
ghlacadh	ɣ l̪ˠ a x k ə ɣ
ghlais	ɣ l̪ˠ a ʃ
ghlic	ʝ l i ç c
ghluais	ɣ l̪ˠ u ə ʃ
ghob	ɣ o p
ghoid	ɣ ɤ tʲ
ghoirid	ɣ ɤ ɾʲ ɪ tʲ
ghràidh	ɣ ɾ aː j
ghualainn	ɣ u ə l̪ˠ ɪ ɲ
ghuth	ɣ u h
giall	kʲ i ə l̪ˠ
gile	kʲ i l ə
gille	kʲ i ʎ ə
gimleid	k i m i l a tʲ
gin	ɡ̊ʲ i n
ginideach	c i n ɪ tʲ ə x
giomach	ɡ̊ʲ u m ə x
gionach	kʲ i n ə x
giorra	c i ɾˠ ə
giotàr	kʲ ɪ t̪ʰ aː ɾ
giuthais	kʲ u ɪ ʃ
giuthas	ɡ̊ʲ u ə s̪
glac	k l̪ˠ a x k
glacadh	k l̪ˠ a x k ə ɣ
glaine	k l̪ˠ a ɲ ə
glainne	k l̪ˠ a ɲ ə
glais	k l̪ˠ a ʃ
glan	k l̪ˠ a n
glaodh	k l̪ˠ ɯː
glas	k l̪ˠ a s̪
glasraichear	k l̪ˠ a s̪ ɾ ɪ ç ə ɾ
gleann	ɡ̥ l ã ũ n̪ˠ
gleansach	k l ɛ n s ə x
gleoc	k l ɔ x k
gleus	k l eː s̪
glic	k l i ç c
glice	k l i ç kʲ ə
gluais	k l̪ˠ u ə ʃ
glè	k l eː
glòir	k ɫ̪ ɔː ɾʲ
glòr	k l̪ˠ ɔː ɾ
gnosd	k ɾ̃ ɔ̃ s̪ t̪
gnothach	ɡ r õ ə x
gnàg	k ɾ̃ ãː k
gnàth	k ɾ ãː
gnàthach	k ɾ ãː ə x
gnè	k r ɛː
gnìomh	ɡ̥ ð ĩ ə̃ v
gnùis	k ɾ uː ʃ
gob	k o p
gobha	k o ə
gobhar	ɡ̊ o u ɾ
goibhle	k ə i l ə
goibhnean	ɡ̊ ɤ i n ə n
goibhre	ɡ̥ ɤ i ɾʲ ə ɣ
goid	ɡ̊ ɤ tʲ
goil	ɡ̊ ɤ l
goileadh	ɡ̊ ʏ ʎ ə ɣ
goilf	k ɔ l f
goireas	ɡ̊ ɤ ð ə s̪
goirid	ɡ̊ ɤ ɾʲ ɪ tʲ
goirt	ɡ̥ ɔː rˠ s̪ t̪
goistidh	k ɔ ʃ tʲ ɪ
gorm	ɡ̊ ɔ r ɔ m
gort	k ɔ rˠ ʃ t̪
gram	ɡ r a m
greann	ɡ̊ ð ã ũ n̪ˠ
greannach	ɡ̊ ð ã n̪ˠ ə x
greas	ɡ̊ ð ɤ s̪
greim	ɡ̥ ð eː m
greiseag	kʰ ɾ ɤ ʃ a k
grian	ɡ̊ʲ ð i ɤ n
grianach	c ɾʲ i a n ə x
grinn	ɡ̊ ð ɤ̃ ĩ ɲ
grod	k ɾ o t
gruag	ɡ̥ ɾ u a k
gruagach	k ɾ u ə k ə x
gruagaire	k ɾ u ə k ɪ ɾʲ ə
gruaidh	k ɾ u ə j
gruaim	k ɾ u ə i m
gruamach	k ɾ u ə m ə x
grunn	ɡ̊ ɾ ɔ̃ ũ n̪ˠ
grunnan	ɡ̊ ɾ ɔ̃ ũ n̪ˠ a n
grunnd	ɡ̊ ɾ ɔ̃ ũ n̪ˠ
gruth	k ɾ u h
gràdh	k r aː ɣ
gràdhaich	k ɾ aː ɪ ç
gràidh	k ɾ aː j
gràineag	k ɾ aː ɲ a k
gràn	k ɾ aː n
grànda	ɡ̊ ɾ aː n̪ˠ ə
gràpa	ɡ̊ ɾ aː h p ə
grèin	ɡ̊ ð eː ɲ
grèine	ɡ̊ ð eː ɲ
grèineadh	ɡ̊ ɾʲ eː n ə ɣ
grìbhean	c ɾ iː v a n
grùthan	ɡ̊ ɾ u a n
gu	ɡ̊ ɔ
guailneadh	ɡ̊ u ə ʎ ə ɣ
gual	k u ə l̪ˠ
guala	ɡ̊ u ə l̪ˠ ʌ
gualainn	ɡ̊ u ə l̪ˠ i ɲ
gualann	ɡ̊ u ə l̪ˠ i ɲ
guga	k u k ə
guib	k ɤ p
guidhe	k u j ə
guilbneach	ɡ̊ u l i p ɲ ə x
guileag	k u l a k
guirmean	k ɯ ɾʲ ɯ m a n
gum	k ə m
gun	k ə n̪ˠ
gunna	k u n̪ˠ ə
gur	ɡ̊ a ɾ
gus	ɡ̥ ɔ s̪
guth	k u h
gàbhadh	k aː v ə ɣ
gàd	ɡ aː d
gàir	k aː ɾʲ
gàirdeachas	k aː r tʲ ə x ə s
gàirdean	ɡ̊ ɤː rˠ tʲ ɛ n
gàire	ɡ̊ aː ɾʲ ə
gàireachdaich	ɡ̥ aː ɾʲ ə x k i ç
gàireachdainn	k aː ɾʲ ə x k ɪ ɲ
gàrradh	k aː rˠ ə ɣ
gèadh	kʲ i ə ɣ
gèar	kʲ i a ɾ
gèill	kʲ eː ʎ
gèilleadh	kʲ eː ʎ ə ɣ
gòrach	k ɔː ɾ ə x
gòraiche	k ɔː ɾ ɪ ç ə
hallo	h a ɫ oː
halò	h a l oː
hama	h a m ə
hamstair	h ã ũ̯ m s̪ t ɛ ɾʲ
hamstairean	h ã ũ̯ m s̪ t ɛ ɾʲ ə n
i	i
iad	a tʲ
iadsan	aː s̪ ə n
iall	i ə l̪ˠ
ialtag	i ə l̪ˠ t̪ ə k
iarann	i ə rˠ u n̪ˠ
iarla	i ə ɾ ɫ̪ ə
iarmailt	i ə ɾ m a ʎ tʲʰ
iarr	i ə rˠ
iarraidh	i ə rˠ ɪ
iasg	i ə s k
iasgaich	i ə s k ɪ ç
iasgair	i ə s̪ k ɛ ɾʲ
idir	i tʲ i ɾ
ifhreann	i rʲ ə n̪ˠ
ifhrinn	i rʲ ɪ ɲ
ifreann	i f rʲ ə n̪ˠ
ifrinn	i f rʲ ɪ ɲ
ilmeach	i l i m ə x
ilmeag	i l i m a k
imcheist	i m i ç e ʃ tʲ
imleag	i m i l a k
imlich	ɪ m ə l ɪ ç
inbhir	i ɲ ɪ ɾʲ
inghean	i n i j a n
innealta	ĩ ɲ ə l̪ˠ t̪ ə
inneir	i ɲ ɛ ɾʲ
innis	ĩː ʃ
innse	ĩː ʃ ə
innte	i ɲ dʲ ə
inntese	ĩː ɲ dʲ ə s̪
inntinn	ĩː ɲ dʲ ʒ i ɲ ə
inntinneach	ĩː ɲ tʲ i ɲ ə x
iochd	i x k
iodh	j ɤ ɣ
iodhlann	i l̪ˠ ə n̪ˠ
ioghnadh	i ə n ə ɣ
iolair	i l̪ˠ i ɾʲ ə
iolairean	j u l̪ˠ ɪ ɾʲ a n
iomadh	i m ə ɣ
iomain	i m ɛ ɲ
iomall	i m ə l̪ˠ
iomchaidh	ɪ m ə x i
iompachadh	j ɔ̃ ũ m p ə x ə ɣ
iomradh	ɪ m ə ɾ a ɣ
iomrall	ɪ m ə ɾ ə l̪ˠ
iomramh	i m i ɾ ə v
iongantach	i ŋ ə t̪ ə x
iongantas	i̯ ũː n̪ˠ ə s̪
iongnadh	i uː n ə ɣ
ionndrainn	j ũː n̪ˠ d̪ ɾ ɪ ɲ
ionnsachadh	i ũː s̪ ə x ə ɣ
ionnsaich	i ũː s̪ ɪ ç
ionnsaichibh	j ũː n̪ˠ s ɪ ç ɪ v
ionnsaigh	i ũː s̪ i
ionraic	j ũ n ə ɾ ɪ c
iormadh	i ɾ i m ə ɣ
iormall	i ɾ i m ə l̪ˠ
iriosal	i ɾʲ ɪ s̪ ə l̪ˠ
is	ə s̪
ise	i ʃ
ist	ɪ ʃ tʲ
ite	i hʲ t ʃ ə
iteag	i ç tʲ a k
ith	i ç
ithe	i ç ə
itheann	i ç ə n̪ˠ
iubhar	j u ə ɾ
iuchair	j u x i ɾʲ
iutharn	j u h ə rˠ n̪ˠ
iùl	j uː l̪ˠ
labhair	l̪ˠ a u ə ɾʲ
labhairt	d̪̊ˠ a v ə rˠ ʃ tʲ
labhraidh	d̪̊ˠ a v ɾ i ç
lach	l̪ˠ a x ə
lachan	ɫ̪ a x a n
ladhar	l̪ˠ ɤ ə ɾ
ladhran	l̪ˠ ɤː ɾ ə n
lag	l̪ˠ a k
lagh	ɫ̪ ɤ ɣ
laghach	l̪ˠ ɤ ə x
laghail	ɫ̪ ɤ ɣ a l
lainnir	ɫ̪ a ɲ ɪ ɾʲ
langa	l̪ˠ a ŋ k ə
langadar	l̪ˠ a ŋ k ə t̪ ə ɾ
lann	ɫ̪ a u n̪ˠ
lanntair	l̪ˠ ã ũ n̪ˠ t̪ ɛ ɾʲ
laoch	ɫ̪ ɯː x
laogh	l̪ˠ ɯː ɣ
laoghan	l̪ˠ ɯː ɣ a n
laoidh	l̪ˠ u i
laoigh	l̪ˠ u i
lasadain	l̪ˠ a s̪ ə t ɛ n
lasadan	l̪ˠ a s̪ ə t a n
lasrach	l̪ˠ a s̪ ɾ ə x
latha	l̪ˠ a
le	l e
leabaidh	ʎ a p i
leabhar	ʎ e u ɾ
leabharlann	ʎ o ə ɾ l̪ˠ ə n̪ˠ
leabharlannaiche	ʎ o ə ɾ l̪ˠ a n̪ˠ ɪ ç ə
leac	ʎ ɛ x k
leacach	ʎ ɛ x k ə x
leadaidh	l ɛ t̪ i
leagh	ʎ ɤ ɣ
leaghadh	ʎ ɤ ə ɣ
leam	l i ũ m
leamh	ʎ ɛ v
leamhain	ʎ ɛ v ɛ ɲ
leamhan	ʎ ɛ v a n
leamsa	l i ũ m s̪
lean	ʎ ɛ n
leanabh	ʎ a n ə v
leann	ʎ a u n̪ˠ
leannan	ʎ a n̪ˠ a n
leantail	ʎ ɛ n d̪ a l
leantailt	ʎ ɛ n d̪ a l tʲ
leantainn	ʎ ã n h i ɲ
leapa	ʎ ɑ h p i
leapaichean	ʎ æʰ p i ç ə n
leapannan	ʎ ɛ h p ə n̪ˠ ə n
leas	ʎ e s
leasan	ʎ ɛ s̪ ə n
leat	l a h t̪
leatas	ʎ ɛ h t̪ ə s
leatha	l a ə
leathann	l e h i ɲ
leatromach	ʎ ɛ h t̪ ɾ ə m ə x
leatsa	l aʰ t̪ s̪ ə
leibh	l eː v
leibhse	l ɤ i ʃ
leig	ʎ e k
leigeil	ʎ i kʲ a l
leigheas	ʎ e v ə s̪
leinn	l e i ɲ
leinne	l ɤ̃ ĩ ɲ ə
leis	l e ʃ
leisg	ʎ e ʃ kʲ
leisgeadair	ʎ e ʃ kʲ ə t ɛ ɾʲ
leisgeul	ʎ e ʃ kʲ ə l̪ˠ
leithid	ʎ e ɪ tʲ
leitir	ʎ e h tʲ ɪ ɾʲ
leotha	l e ɔ ʌ
leth	ʎ e
leugh	ʎ eː v
leughadh	ʎ eː v ə ɣ
leughaidh	ʎ eː v ɪ
leum	ʎ eː m
leumadair	ʎ eː m ə t̪ ɛ ɾʲ
leòmag	ʎ ɔː m a k
leòmann	l̪ˠ ɤː m ə n̪ˠ
leòmhann	ʎ ɔː ə n̪ˠ
leòsan	ɫ̪ʲ ɔː s a n
liath	ʎ i ə
lice	ʎ iʰ kʰʲ ə
ligh	ʎ i
linn	ʎ iː ɲ
liogh	ʎ ɤ ɣ
liomaid	ʎ i m ɪ tʲ
lionn	ʎ uː n̪ˠ
lionntachd	ʎ uː n̪ˠ t̪ʰ ə x k
lios	ʎ ɛ s̪
lite	ʎ i ç tʲ ə
litir	ʎ i h t ʃ i ɾʲ
lobhadh	l̪ˠ ɔ v ə ɣ
lobhte	l̪ˠ ɔ v t ə
loch	ɫ̪ ɔ x
lochan	ɫ̪ ɔ x a n
lofa	ɫ̪ ɔ f ə
loidhne	l̪ˠ ɔ i n ə
loisgean	lˠ ɔ ʃ kʲ a n
loisgte	l̪ˠ ɔ ʃ tʲ ə
lomnochd	l̪ˠ o m n ə x k
lon	ɫ̪ ɔ n
long	l̪ˠ õ ŋ ɡ̥
longan	l̪ˠ o ŋ ɡ ə n
lorg	l̪ˠ a r a k
losgadh	l̪ˠ o s̪ k ə k
losgann	l̪ˠ ɔ s̪ k ə n̪ˠ
lot	l ɔ h t
luach	l̪ˠ u ə x
luaidh	l̪ˠ u ə j
luaidhe	l̪ˠ u ə j ə
luaithe	l̪ˠ u e h ə
luaithre	l̪ˠ u ə ɾʲ ə
luath	l̪ˠ u ə
luch	l̪ˠ u x
luchag	l̪ˠ u x a k
luchd	ɫ̪ u x k
lugha	l̪ˠ ɤ ɣ ə
luibh	l̪ˠ u j
luideag	l̪ˠ ɯ tʲ a k
luingeas	l̪ˠ u ŋʲ ə s̪
luinneag	l̪ˠ ɯ ɲ a k
lus	l̪ˠ u s̪
là	l̪ˠ aː
làidir	l̪ˠ aː d̥ ʒ i ɾʲ
làimh	l̪ˠ a i v
làimheadh	l̪ˠ ã ĩ ə ɣ
làimhsich	l̪ˠ ã i ʃ i ç
làir	l̪ˠ aː ɾʲ
làireach	l̪ˠ aː ɾʲ ə x
làithean	l̪ˠ a i ç ə n
làmh	d̪̊ˠ ɛː v
làmhach	l̪ˠ aː v ə x
làmhadh	l̪ˠ ãː f ə ɣ
làmhag	l̪ˠ aː v a k
làmhan	d̪̊ˠ ɛː v ə n
làn	l̪ˠ aː n
làr	l̪ˠ aː ɾ
làraidh	l aː ɾ i
làthair	ɫ̪ aː ɪ ɾʲ
làthaireach	l̪ˠ aː ɪ ɾʲ ə x
lèigh	ʎ eː
lèigheadaireachd	ʎ eː ə t ɪ ɾʲ ə x k
lèine	ʎ eː n ə
lèir	ʎ eː ɾʲ
lèirsinn	ʎ eː ɾʲ ʃ ɪ ɲ
lèirsinneach	ʎ eː ɾʲ ʃ ɪ ɲ ə x
lìbhrigeadh	ʎ iː ɾʲ ɪ kʲ ə ɣ
lìon	ʎ iː n
lìonadh	ʎ iː n ə ɣ
lò	l̪ˠ ɔː
lòdrach	l ɔː d r ə x
lòineag	l̪ˠ ɔ̃ː ɲ a k
lòn	l̪ˠ oː n
lùbach	l̪ˠ uː p ə x
lùth	l̪ˠ uː
m'	m
mac	m a x k
machair	m a x ɪ ɾʲ
machaire	m ã x ə ɾʲ ə
madadh	m a t̪ ə ɣ
madaidh	m a t̪ ɪ
madaidhean	m a t̪ ɪ j ə n
madainn	m ã t̪ ɪ ɲ
magadh	m a k ə ɣ
magairle	m a k ə rˠ ʎ ə
maide	m a t ʃ ə
maidneadh	m ɛ ɲ ə ɣ
maighdean	m ɤ i tʲ ə n̪ˠ
maighdeann	m ɤ̃ ĩ tʲ ə n
maigheach	m ɔ j ə x
maighich	m ɤ j aʲ ç
maighiche	m ɤ j ɪ ç ə
maighichean	m ɤ j ɪ ç ə n
mair	m a ɾʲ
mairbh	m a ɾʲ ɪ v
mairtfheòil	m a rˠ ʃ tʲ ɔ l
maise	m a ʃ ə
maiseach	m a ʃʲ a x
mala	m ã l̪ˠ ə
malaidhean	m ã l̪ˠ ã ə n
malairt	m a l̪ˠ ə rˠ ʃ tʲ
mall	m a u l̪ˠ
mallachd	m a l̪ˠ ə x k
mamaidh	m a m i
man	m a n
mana	m a n ə
manach	m a n ə x
manadh	m a n ə ɣ
manaidsear	m a n ɪ tʲ ʃ ə ɾ
mand	m ɛ n̪ˠ t̪
maoidh	m ɤ j
maoin	m ɯː nʲ
maol	m ɯː ɫ̪
maor	m ɯː ɾ
maoth	m ɯː
mapa	m a h p ə
mar	m a ɾ
marag	m a ɾ a k
marbh	m a ɾ a v
marbhadh	m a ɾ a ə ɣ
marc	m a r x k
marcach	m a ɾ x k ə x
marcachd	m a ɾ x k ə x k
margadh	m a ɾ a k ə ɣ
mart	m a rˠ ʃ t̪
matamataig	m a t̪ʰ ə m a t̪ʰ ɪ kʲ
matamataigeach	m a t̪ʰ ə m a t̪ʰ ɪ kʲ a x
matamataigear	m a t̪ʰ ə m a t̪ʰ ɪ kʲ ə ɾ
math	m ã
mathan	m a h a n
meacan	m ɛ x k a n
meadaigeach	m e dʲ ɪ ɡʲ ə x
meadhan	m e ɑ n
meadhanach	m i a n ə x
meadhanan	m i a a n ə n
meadhg	m e ɤː k
meal	m j a l̪ˠ
mealg	m æ l̪ˠ a k
meall	m j a l̪ˠ
mealladh	m j ã l̪ˠ ə ɣ
meallan	m j a l̪ˠ a n
mean	m ɛ n
meanbh	m ɛ n ɛ v
meang	m ɛ ŋ
meangan	m ɛ ŋ ɡ a n
meanglan	m j ɤ ɣ l̪ˠ a n
mearachd	m ɛ ɾ ə x k
mearanach	m ɛ r a n a x
meas	m ĩ s
measg	m e s k
measgaich	m e s k ɪ ç
measgaichte	m e s k ɪ ç tʲ ə
meil	m e l
meilc	m e l ç kʲ
meileadh	m e l ə ɣ
meirg	m e ɾʲ e kʲ
meirgeach	m e ɾʲ e kʲ ə x
meud	m i ə t̪
meug	m eː k
meur	m eː ɾ
meòg	m j ɔː k
meòir	m j ɔː ɾʲ
meòirean	m e ɔ̃ː ɾʲ ə n
mhac	v a x k
mhachaire	w ã x ə ɾʲ ə
mhadadh	v a t̪ ə ɣ
mhair	v a ɾʲ
mharc	v a r x k
mhart	v a rˠ ʃ t̪
mhath	v a h
mheall	v j a u ɫ̪
mhealladh	v j a ɫ̪ ə ɣ
mheas	v e s
mheil	v e l
mhic	v i h c
mhil	v j i l
mhilis	v i l ɪ ʃ
mhill	v iː ʎ
mhnathan	v ɾ a h ə n
mholainn	v ɔ ɫ̪ ɪ ɲ
mhuc	v ũ x k
mhuice	v uʰ kʲ ə
mhuir	v u ɾʲ
mhullach	v u l̪ˠ ə x
mhàthair	v aː h ə ɾʲ
mhèirleach	v ɛː rˠ l ə x
mhìosachan	v i ə s ə x a n
mhò	v oː
mhòr	v oː ɾ
mi	m i
mial	m i ə l̪ˠ
mic	m ĩ ç kʲ
mil	m i l
milis	m i l ɪ ʃ
mill	m iː ʎ
milleadh	m i ʎ ə ɣ
millean	m i ʎ a n
min	m i n
ministear	m ĩ n ɪ ʃ tʲ ə ð
mion	m i n
mionaid	m i n ə tʲ
miong	m j ɤ ŋ ɡ̥
mions	m ʏ n s̪
miosa	m i s̪ ʌ
miotag	m i h t a k
mire	mʲ i ɾʲ ə
mise	m ĩ ʃ ə
misg	m i ʃ kʲ
misneach	m i ʃ n ə x
miùg	m i uː k
mnaoi	m ɾ ũ ĩ
mnatha	m ɾ ã ã
mnathadh	b̥ ɾ ã ə ɣ
mnathan	m ɾ ã h ə n
mnà	m ɾ ãː
moch	m o x
mocheirigh	m ɔ x ə ɾʲ i
mochthrath	m ɔ x r a
modh	m ɔ ɣ
modhail	m ɔ ɣ a l
moiteil	m ɔ̃ʰ tʲ a l
mol	m o l
molach	m ɔ ɫ̪ ə x
molta	m ɔ ɫ̪ t̪ʰ ə
monadh	m ɔ n ə ɣ
motha	m o ə
mu	m a
muc	m ũ x k
mucan	m uʰ k ə n
muga	m u k ə
muice	m uʰ kʲ ə
muicfheòil	m u ç kʲ a l
muilchdinn	m u l u h kʲ i ɲ
muilchear	m u l ɪ ç ɛ ɾ
muilchill	m u l ɪ ç ɪ ʎ
muileann	m ũ l ə n
muilicheann	m u l i ç ə n
muilichinn	m u l i ç i ɲ ə
muilinn	m ũ l ɪ ɲ
muille	m u ʎ ə
muilne	m ɤ̃ ĩ ʎ ə
muilnean	m ũ ĩ ʎ ə n
muime	m u i m ə
muinichill	m u n i ç i ʎ
muinntir	m ɤ̃ ĩ dʲ ə ɾ
muir	m u ð
mullach	m u l̪ˠ ə x
mult	m u l̪ˠ t̪ˠ
mun	m a n
muncaidh	m u ŋ k ɪ
mura	m a ɾ ə
mustais	m u s d a ʃ
màg	m aː k
màl	m aː l̪ˠ
màla	m aː ɫ̪ ə
màldachd	m aː l̪ˠ d ə x k
màmag	m aː m a k
mànran	m ãː ɾ a n
màthair	m aː h a ɾʲ
mè	m ɛ̃ː
mèinn	m ɛː ɲ
mèirleach	m j ãː rˠ l ə x
mìle	m iː l ə
mìltean	m iː l tʲ ə n
mìn	m iː n
mìorbhail	m i a ɾ æ l tʲ
mìorbhaileach	m i ə ɾ v ə l ə x
mìos	m iː s̪
mìosachan	m i ə s ə x a n
mìosan	m i ə s̪ ə n
mìothlachd	m iː l̪ˠ h a x k
mò	m oː
mòd	m ɔː t̪
mòine	m õː ɲ ə
mòinteach	m õː tʲ ə x
mòmaid	m ɔː m ɪ tʲ
mòr	m oː ɾ
mòra	m oː ɾ ə
mòrail	m ɔː r a l
mòran	m oː ɾ a n
mór	m oː ɾ
mùrn	m uː ɾ n
na	n a
nach	n̪ˠ a x
naidheachd	n̪ˠ ã j ɔ x k
naochad	n̪ˠ ɯː x ə t̪
naodh	n̪ˠ ɤ̃ ĩ ɣ
naodhnar	n̪ˠ ɤ̃ ĩ ɣ n ə ɾ
naoi	n̪ˠ ɯː j
naoidhean	n̪ˠ ũ ĩ ʝ ɛ ɲ
naoinear	n ɤ̃ː n ə ɾ
naoinearan	n̪ˠ ɯː n ə ɾ ə n
naoineir	n̪ˠ ɯː n ə ɾʲ
naomh	n̪ˠ ɯ̃ː v
naonar	n̪ˠ ɯː n ə ɾ
nar	n a ɾ
nas	n a s̪
nathair	n̪ˠ a h ɛ ɾʲ
neach	ɲ ɛ x
nead	ɲ ɛ̃ t̪
neart	ɲ a rˠ s̪ t̪
neas	ɲ ĩ s̪
neasgaid	ɲ e s̪ k a tʲ
neoichiontach	ɲ ã ç u n̪ˠ t̪ ə x
neul	ɲ i a l̪ˠ
neònach	ɲ oː n ə x
nigh	ɲ iː
nighean	ɲ iˑ a n
nigheann	ɲ iː a n̪ˠ
nighinn	ɲ i i ɲ
nighneag	ɲ iː n a k
nis	n i ʃ
no	n a
nobhail	n̪ˠ ɔ v a l
nochd	n̪ˠ ɔ̃ x k
nodha	n̪ˠ o ə
norrag	n̪ˠ ɔ rˠ a k
not	n̪ˠ ɔ h t̪
nuadh	n̪ˠ ũ ã ɣ
nuair	e ð
nur	n u ɾ
nàbachd	n̪ˠ ãː p ə x k
nàbaidh	n ãː p i
nàdarrach	n̪ˠ aː t̪ ə rˠ ə x
nàimhdean	n̪ˠ ã ĩ d̥ʲ ə n
nàire	n̪ˠ aː ɾʲ ə
nàireach	n̪ˠ aː ɾʲ ə x
nàiseantach	n̪ˠ aː ʃ ə n̪ˠ t̪ ə x
nàmhaid	n̪ˠ ãː v ɪ tʲ
nàrach	n̪ˠ aː ɾ ə x
nèamh	ɲ ɛ̃ː v
nèapaigin	ɲ e p i k i n
nèapraig	ɲ ĩ p ð i kʲ
nì	n i
o	ɔ
obair	o p ə ð
obann	o p ə n̪ˠ
obrachadh	o b r ə x ə ɣ
obraich	o p r ɪ ç
ochd	o x k
ochdad	ɔ x k ə t̪
ochdnair	ɔ x k ə ɾʲ
ochdnar	o x k ə ɾ
ochdnaran	ɔ x k ə ɾ ə n
odhar	o ə r
ogha	o ə
oide	ɤ tʲ ə
oidhche	ũ ĩ ç ə
oidhirp	ɤ ə ɾ pʰ
oifig	ɔ f ɪ c
oifigeach	ɔ f ɪ kʲ ə x
oifigear	ɔ f ɪ ɡʲ ɛ ɾ
oifigearan	ɔ f ɪ ɡʲ ɛ ɾ ə n
oifis	ɔ f ɪ ʃ
oighre	ɤ i ɾʲ ə
oighreachd	ɤ i ɾʲ ə x k
oighreag	ɤ i rʲ a ɡ
oillt	ə i ʎʲ tʰʲ
oillteil	ɤ i ʎ t̪ʲ a l
oilthigh	ɤ l h ə j
oir	ɔ ɾʲ
oirbh	ɔ ɾ i
oirbhse	ɔ ɾʲ ɪ v ʃ ə
oirnn	ɔ ɾ i ɲ
oirnne	ɔ rˠ ɲ ə
oirre	u rˠ
oirrese	ɔ ɾ ə ʃ ə
oirthir	e ɾʲ ə ɾʲ ə
oisinn	ɔ ʃ ɪ ɲ
oisir	ɤ ʃ ɪ ɾʲ
ola	ɔ l̪ˠ ə
olann	ɔ l̪ˠ ə n̪ˠ
olc	ɔ l̪ˠ k
ollaimh	ɔ l̪ˠ ɪ v
ollamh	ɔ l̪ˠ ə v
onair	ɔ n ɪ ɾʲ
onarach	ɔ n a ɾ ə x
onfhadh	ɔ n ɔ h ə ɣ
orainds	ɔ r ɪ n tʲ ʃ
oraindsear	ɔ ɾ ɪ ɲ tʲ ʃ ɛ ɾ
orains	ɔ ɾ ɪ ɲ ʃ
orainsear	ɔ ɾ ə ɲ ʃ a ɾ
orm	a ɾ a m
ormsa	ɔ ɾ a m s̪ ə
orra	ɔ rˠ ə
orrasan	ɔ ɾ ə s̪ ə n
ort	ɔ rˠ h t
ortsa	ɔ rˠ s̪ ə
os	ɔ s̪
osna	ɔ s̪ n̪ˠ ə
pacach	pʰ a x ɡ̊ ə x
pacraidhe	p a x ɡ r ɪ j ə
pailt	p a l dʲ
pana	pʰ a n ə
partan	pʰ a rˠ s̪ t̪ a n
pathadh	pʰ a ə ɣ
peacach	pʰ ɛ x k ə x
peacadh	pʰ ɛ x k ə ɣ
peall	pʰ j a u l̪ˠ
peann	pʰ j a u n̪ˠ
peansail	pʰ ɛ n s̪ a l
peansailean	pʰ ɛ n s̪ a l ə n
peant	pʰ ɛ n̪ˠ t̪
peantadh	pʰ ɛ n̪ˠ t̪ ə ɣ
peantair	pʰ ɛ n̪ˠ t̪ ɛ ɾʲ
peapag	pʰ ɛ h p a k
pearsanta	pʰ ɛ rˠ s̪ ə n̪ˠ t̪ ə
peasair	pʰ ɛ s̪ ɪ ɾʲ
peileag	pʰ e l a ɡ̊
peinnsean	pʰ e i ɲ ʃ a n
peitseag	pʰ iː t̪ ʃ a k
peitseagach	pʰ iː t̪ ʃ a k ə x
peitseagan	pʰ iː t̪ ʃ a k a n
peitseige	pʰ iː t̪ ʃ ɛ kʲ ə
peur	pʰ i ə ɾ
phana	f a n ə
pheann	f j a u n̪ˠ
pheantair	f ɛ n̪ˠ t̪ ɛ ɾʲ
pheapag	f ɛ h p a k
pheasair	f ɛ s̪ ɪ ɾʲ
pheata	f ɛʰ t̪ ə
pheitseag	f iː t̪ ʃ a k
pheitseagan	f iː t̪ ʃ a k a n
pheitseige	f iː t̪ ʃ ɛ kʲ ə
phinc	f i ɲ c
phiuthar	f j u ə ɾ
phoit	f ɔ h tʲ
pholl	f ɔ u l̪ˠ
phost	f ɔ s̪ t̪
phrìosan	f ɾʲ iː s̪ ə n
phuist	f ɯ ʃ tʲ
phurpaidh	f u r p i
phut	f u h t̪
phàisde	f aː ʃ tʰʲ ə
phàiste	f aː ʃ tʰʲ ə
pinc	pʰ i ŋʲ kʲ
pinnt	pʰ ĩː ɲ tʲ
piobar	pʰ i p ə ɾ
piseag	pʰ i ʃ a k
pitheid	pʰ i ɛ tʲ
piuthar	pʰ j u ə ɾ
plaide	pʰ l̪ˠ a tʲ ə
plangaid	pʰ l̪ˠ a ŋ ɡ ɛ tʲ
pleòiteag	pʰ ʎ ɛ ɔː h tʲ a k
plàigh	pʰ l̪ˠ aː j
plèana	pʰ l ɛː n ə
plèanaichean	pʰ l ɛː n ə xʲ ə n
poball	pʰ o p ə l̪ˠ
poblachd	pʰ ɔ p l̪ˠ ə x k
poca	pʰ ɔ x k ə
poit	pʰ ɔ h tʲ
poll	pʰ ɔ u l̪ˠ
pongail	pʰ ɔ ŋ k a l
port	pʰ ɔ rˠ ʃ t̪
post	pʰ ɔ s̪ t̪
preas	pʰ ɾʲ e s̪
preusant	pʰ ɾʲ eː s̪ a n t̪ʰ
priob	p rʲ i b
prionnsa	pʰ rʲ ũː n̪ˠ s̪ ə
pronn	pʰ ɾ ɔ u n̪ˠ
pràis	pʰ ɾ aː ʃ
pràiseach	pʰ ɾ aː ʃ ə x
prìomhaid	pʰ ɾ iː ɪ tʲ
prìosan	pʰ ɾʲ iː s̪ ə n
prògramair	p ɾ oː ɡ ɾ a m ɛ ɾʲ
pròis	p r ɔː ʃ
pròiseact	pʰ ɾ ɔː ʃ ə k t̪
pròiseil	pʰ ɾ ɔː ʃ ɛ l
puing	pʰ ɯ i ŋʲ kʲ
puist	pʰ ɯ ʃ tʲ
punnd	pʰ uː n̪ˠ t̪
purgadair	pʰ u ɾ u k ə t ɛ rʲ
purpaidh	pʰ u r p i
put	pʰ u h t̪
putadh	pʰ u h t̪ ə ɣ
putan	pʰ u h t̪ a n
pàidh	pʰ aː j
pàigheadh	pʰ aː ə ɣ
pàipear	pʰ ɛːʰ pʰ ə ɾ
pàirc	pʰ aː j ç kʲ
pàirtidh	pʰ aː rˠ ʃ tʲ i
pàiste	p aː ʃ tʲ ə
pìobaire	pʰ iː p ɛ ɾʲ ə
pìosail	pʰ iː s a l
pòca	p ɔː x k ə
pòg	pʰ ɔː k
pòs	pʰ ɔː s
pòsadh	pʰ ɔː s̪ ə ɣ
pòsaidh	pʰ ɔː s̪ ɪ
pòsta	pʰ ɔː s̪ t̪ ə
rabaid	rˠ a p a tʲ
rachadh	d̪̊ ɾ æ x ə ɣ
radan	rˠ a t̪ a n
radharc	rˠ ɤː ə ɾ k
raineach	rˠ ɔ ɲ tʲ ɔ x
rang	rˠ ã ɣ
rangan	rˠ ã ɣ ə n
rann	rˠ a u n̪ˠ
rannsachadh	rˠ ã ũ s̪ ə x ə ɣ
rannsaich	rˠ ã ũ s̪ ɪ ç
raon	rˠ ɯː n
raonabogha	rˠ ɯː n ə p o
rathad	rˠ a a t̪
rathaid	rˠ ɔ ɪ tʲ
rathaidean	rˠ ɔː tʲ ə n
reachd	rˠ ɛ x k
reaimhre	rˠ ã ĩ ɾʲ ə
reamhar	rˠ ã v ə ɾ
reic	rˠ e ç kʲ
reithe	rˠ æ h ə
reoth	rˠ ɔː
reothadh	rˠ ɔ ə ɣ
reul	rˠ eː ɫ̪
reumhach	rˠ ĩ ã u x
reumhag	rˠ ĩ ã v a k
ri	ɾʲ i
riabhach	rˠ i ə v ə x
riadh	rˠ i ə ɣ
riaghail	rˠ i ə a l
riaghailt	rˠ i ə ə ʎ tʲʰ
riar	rˠ i ə ɾ
ribe	rˠ i p ə
ribh	ɾ u i v
ridireach	rˠ i tʲ ɪ ɾʲ ə x
righinn	rˠ i ɪ ɲ
rinn	rˠ iː ɲ
rinne	ɾ u ɲ ə
riochd	rˠ i x k
riochdaich	rˠ i x k ɪ ç
rionnag	rˠ ũ n̪ˠ a k
ris	ð i ʃ
rithe	ð i ə
rium	ɾ u m
riumha	rˠ ĩ ũ u
riumsa	ɾ u m ə s̪ ə
riut	ɾ u h t̪
riutha	ɾ u u
ro	ɾ ɑ
robach	rˠ o p ə x
robh	rˠ ɔ
robhar	rˠ ɔ u ə ɾ
robhas	rˠ o ə s̪
roghnaich	rˠ oː n ɪ ç
roid	rˠ ɔ tʲ
roile	rˠ ɔ l ə
roimhe	ɾ ɔ i
roimhpe	ɾ ɔ i ç p ə
roinn	rˠ ɤ i ɲ
roinne	rˠ ɤ ɲ ə
romhad	ɾ õ ə t̪
romhaibh	ɾ õ ə v
romhainn	ɾ õ i ɲ
romham	ɾ õ ə m
romhamsa	ɾ õ ə m ə s̪
romhpa	ɾ õʰ p
rothair	rˠ ɔ h ɪ ɾʲ
ruadh	rˠ u ə ɣ
rud	rˠ u t̪
rudeigin	rˠ o t̪ ɑ kʲ i ɲ
rug	rˠ u k
rugadh	ɾ u k ə ɣ
ruig	rˠ ɯ kʲ
ruith	rˠ u j
rus	rˠ u s̪
ràdh	rˠ aː
ràith	rˠ aː h i
ràitinn	rˠ aː h tʲ ɪ ɲ
ràmh	rˠ aː v
ràn	rˠ aː n
rànaich	rˠ aː n ɪ ç
rèidh	rˠ eː
rèilig	rˠ eː l ɪ kʲ
rèis	rˠ eː ʃ
rèite	rˠ eːʰ tʲ ə
rèiteach	rˠ eː h tʲ ə x
rèiteachadh	rˠ eː h tʲ ə x ə ɣ
rèitear	rˠ eː h tʲ ə ɾ
rèitich	rˠ eː h tʲ ɪ ç
rèitire	rˠ eː h tʲ ɪ ɾʲ ə
rìbhinn	rˠ iː v ɪ ɲ
rìgh	rˠ iː
rìoghachd	rˠ iː j ə x k
rìs	rˠ iː ʃ
ròb	r ɔː b
ròcail	rˠ ɔː x k a l
ròn	r ɔː n
ròsta	rˠ ɔː s̪ t̪ ə
rùdh	rˠ uː
rùdhadh	rˠ uː ə ɣ
rùisg	rˠ uː ʃ c
rùisgte	rˠ uː ʃ tʲ ə
rùm	rˠ uː m
rùn	rˠ uː n
rùraich	rˠ uː ɾ ɪ ç
rùsg	rˠ uː s̪ k
rùsgadh	rˠ uː s̪ k ə ɣ
rùta	rˠ uː h t̪ ə
sabaid	s a p a tʲ
sabhal	s̪ a v ə l̪ˠ
sabhs	s a u s
sacraidh	s a x k r ɪ
sagart	s̪ a k ə rˠ s̪ t
saidhbhir	s̪ a i v i ɾʲ
saighdear	s ɤ i tʲ ə ɾ
saighdearach	s ɤ i tʲ ə r ə x
saighead	s̪ ɛ ə t̪
sailead	s̪ a l ə t̪
saill	s a i ʎ
saillte	s̪ a i ʎ tʲ
salach	s a ɫ̪ ə x
salainn	s a l̪ˠ ə ɲ
salann	s̪ a l̪ˠ ə n̪ˠ
salm	s̪ a l̪ˠ a m
samhla	s̪ ã ũ l̪ˠ ə
sannt	s̪ ã ũ n̪ˠ t̪
sanntach	s̪ ã ũ n̪ˠ t̪ˠ ə x
saoghal	s̪ ɯː u l̪ˠ
saoil	s̪ ɯː l
saoire	s̪ ɯː rʲ ə
saoirse	s̪ ɯː rˠ ʃ ə
saor	s̪ ɯː ɾ
saorsa	s̪ ɯː rˠ s̪ ə
seabhag	ʃ ɔ a k
seacaid	ʃ ɛ x k a tʲ
seach	ʃ ɛ x
seachain	ʃ ɛ x ɪ n
seachainn	ʃ ɛ x ɪ ɲ
seachd	ʃ ɛ x k
seachdad	ʃ ɛ x k ə t̪
seachdain	ʃ ɛ x k a i ɲ
seachdamh	ʃ ɑ x k ə v
seachdnair	ʃ ɛ x k ə ɾʲ
seachdnar	ʃ æ x k n ə ɾ
seachdnaran	ʃ ɛ x k ə ɾ ə n
seadh	ʃ ɤ ɣ
seagal	ʃ e k ə l̪ˠ
seagh	ʃ ɤ ɣ
seagsaidh	s e k s i
sealg	ʃ a l̪ˠ a k
seall	ʃ a u l̪ˠ
sealladh	ʃ a l̪ˠ ə ɣ
sealltainn	ʃ a u l̪ˠ t̪ ɪ ɲ
sean	ʃ ɛ n
seanair	ʃ ɛ n ɪ ɾʲ
seanais	ʃ ɛ n ɪ ʃ
seanas	ʃ ɛ n ə s
seanasan	ʃ ɛ n ə s a n
seanchaidh	ʃ ɛ n ɛ x ɪ
seanchais	ʃ ɛ n ə x ə ʃ
seanchas	ʃ ɛ̃ n ã x ə s̪
seang	ʃ a ŋ k
seangan	ʃ ɛ k ɑ n
seanmhair	ʃ ɛ n ə v ə ɾ
seanmhairean	ʃ ɛ n ə v ɛ ɾʲ ə n
seanmhar	ʃ ɛ n ə v ə ɾ
sear	ʃ ɛ r
searbh	ʃ a ɾ a v
searbhanta	ʃ a r a v ɔ n̪ˠ t̪
searmon	ʃ ɛ ɾ ɛ m ɔ n
searmonachadh	ʃ a ɾ a m ɔ n ə x ə ɣ
searrach	ʃ æ rˠ ə x
seas	ʃ e s̪
seasamh	ʃ e s̪ i
seasg	ʃ e s k
seasgad	ʃ e s k ə t̪
seiche	ʃ e ç ə
seilcheag	ʃ e l ə ç a k
seile	ʃ e l ə
seileach	ʃ e l ə x
seillean	ʃ e ʎ ɛ n
seinn	ʃ ĩː ɲ
seinneadair	ʃ e ɲ ə t̪ ɪ ɾʲ
seirbheis	ʃ e ɾʲ e v ɪ ʃ
seirbhiseach	ʃ ɤ ð ɤ v a ʃ ə x
seisear	ʃ e ʃ ə ɾ
seisg	ʃ e ʃ kʲ
seo	ʃ ɔ
seud	ʃ i a̯ t̪
seudan	ʃ i a̯ t̪ ə n
seun	ʃ i a n
seunta	ʃ i ə n̪ˠ t̪ ə
seàirdeant	s̪ a ɾ tʲ ɛ n t̪
seòl	ʃ e ɔː l̪ˠ
seòladair	ʃ ɔː l̪ˠ ə t̪ ɛ ɾʲ
seòladh	ʃ ɔː ɫ̪ ə ɣ
seòmar	ʃ ɔː m ə r
seòrsa	ʃ e ɔː rˠ s̪ ʌ
sgadan	s̪ k a t̪ a n
sgairp	s̪ k a ɾʲ p
sgamhan	s̪ k a v a n
sgaoil	s̪ k ɯː l
sgap	s ɡ a h b
sgaradh	s k a r a ɣ
sgarbh	s k a ɾ a v
sgath	s̪ k a h
sgeilp	s̪ kʲ e l p
sgeineadh	s̪ kʲ e n ə ɣ
sgeinean	s̪ kʲ e n ə n
sgeir	s ɡʲ e rʲ
sgeith	s̪ c e h
sgeul	s̪ k i a l̪ˠ
sgeulachd	s kʲ i a l̪ˠ a x k
sgiamh	s̪ kʲ ĩ ə̃ v
sgian	s̪ kʲ i ə n
sgiathach	s kʲ i ə h ə x
sgileil	s kʲ i l a l
sgillinn	s kʲ i ʎ ɪ ɲ
sgimilear	s kʲ i m i l ə ɾʲ
sgimilearachd	s kʲ i m i l ə ɾ ə x k
sgine	s̪ kʲ ĩ n ə
sginean	s̪ kʲ ĩ n ə n
sgiobair	s kʲ i p ɛ ɾʲ
sgiobalta	s̪ kʲ ɪ p ə l̪ˠ t̪ ə
sgioblaich	s kʲ i p l̪ˠ ɪ ç
sgiomalaireachd	s kʲ i m i ɫ ə ɾʲ ə x k
sgiort	s̪ c ɤ ɾˠ ʃ t̪
sgithinn	s̪ kʲ ĩ i ɲ
sgoil	s̪ k ɔ l
sgoilear	s̪ k ɔ l ɛ ɾ
sgoinneil	s̪ k ɤ ɲ a l
sgoltadh	s̪ k ɔ l̪ˠ t̪ ə ɣ
sgona	s̪ k ɔ n ə
sgonaichean	s̪ k ɔ n ɪ ç ə n
sgoth	s̪ k ɔ h
sgrathail	s k ɾ a h a l
sgreamhail	s̪ k ɾʲ ɛ f a l
sgreuch	s̪ k rʲ i a x
sgreuchail	s̪ k ɾʲ i a x a l
sgriosail	s̪ k ɾʲ i s̪ a l
sgrog	s̪ k ɾ ɔ k
sgrìob	s̪ k ɾʲ iː p
sgrìobh	s̪ k ɾʲ iː v
sgrìobhadair	s̪ k ɾ iː v ə t ɛ ɾʲ
sgrìobhadh	s̪ k ɾʲ i ɤ ʊ k
sgrùdaich	s̪ k ɾ uː t̪ ɪ ç
sguab	s k u ə p
sgudal	s̪ k u t̪ ə l̪ˠ
sguir	s̪ k u ɾʲ
sgàth	s̪ k aː
sgèimh	s̪ kʲ ɛ̃ː v
sgèith	s̪ c eː
sgéith	s̪ c eː
sgìth	s̪ kʲ iː
sgòth	s̪ k ɔː
sgòthach	s̪ k ɔː ə x
shalach	h a ɫ̪ ə x
shean	h ɛ n
sheanair	h ɛ n ɪ ɾʲ
sheinn	h ĩː ɲ
sheunta	h i ə n̪ˠ t̪ ə
sheòladh	h j ɔː ɫ̪ ə ɣ
shiùcair	h j uː x k ɪ ɾʲ
shnas	h n̪ˠ a s̪
shnàmh	n̪ˠ ãː v
shoilleir	h ɤ ʎ ɪ ɾʲ
shoirbheachail	h ɤ ɾʲ ɤ v ə x a l
shreap	h r ɛ h p
shuas	h u ə s̪
shàbhail	h aː v a l
shìl	h iː l
shìoda	h i ə t̪ˠ ə
shìos	h i ə s̪
sia	ʃ i a
siabann	ʃ i ə p ə n̪ˠ
siabannach	ʃ i ə b ə n ə x
sianar	ʃ i a n ə ɾ
sianaran	ʃ i a n ə ɾ ə n
siar	ʃ i ə r
sibh	ʃ i
sibhse	ʃ iː ʃ ə
sil	ʃ i l
silidh	ʃ i l ɪ
sin	ʃ ĩ n
sine	ʃ i n
sineubhar	ʃ i n eː v ə ɾ
singilte	ʃ i ŋʲ ɡʲ ɪ l dʲ ə
sinn	ʃ ĩ ɲ
sinne	ʃ ĩ ɲ ə
sionnach	ʃ u n̪ˠ ə x
sionnachan	ʃ ũ n̪ˠ ə x a n
sionnaich	ʃ u n̪ˠ ɪ ç
siorc	ʃ ɪ ɾ ʃ k
siorram	ʃ i rˠ ə m
sitheann	ʃ i ə n̪ˠ
sitrich	ʃ iʰ t ɾ i ç
siubhal	ʃ u ə l̪ˠ
siud	ʃ i t̪
siuthad	ʃ u ə t̪
siuthadaibh	ʃ uː t̪ u
siùcair	ʃ uː x k ɪ ɾʲ
siùcar	ʃ uː x k ə r
siùrsach	ʃ uː ɾ s̪ ə x
siùrsachd	ʃ uː rˠ s̪ ə x k
slaod	s l̪ˠ ɯː t̪
slaodach	s̪ l̪ˠ ɯː t̪ ə x
slaodaiche	s̪ l̪ˠ ɯː t̪ ɪ ç ə
slat	sˠ l̪ˠ a h t
slathag	s̪ l̪ˠ a a k
sleagh	ʃ ʎ ɤ ɣ
sleamhainn	ʃ l ɛ̃ i ɲ
sliabh	ʃ ʎ i ə v
slige	ʃ lʲ ɪ kʲ ə
slighe	ʃ l i ə
slios	ʃ l i s̪
slis	ʃ l i ʃ
sliseag	ʃ l i ʃ a k
sloc	s ɫ̪ ɔ x k
sloinneadh	s̪ l̪ˠ ɤ ɲ ə ɣ
sluagh	s̪ l̪ˠ u ə ɣ
slàinte	s l aː n t͡ʃ ə
slèibhe	ʃ l eː v ə
slòighre	s̪ ɫ̪ ɤ i ɾʲ ə
smaoineachadh	s̪ m ɤ̃ː ɲ ə x ə ɣ
smaoineachdainn	s̪ m ɯː ɲ ɔ x k ɪ ɲ
smaoinich	s̪ m ɯː ɲ ɪ ç
smaointinn	s̪ m ɯː ɲ dʲ ʒ i ɲ
smeòrach	s̪ m j ɔː ɾ ə x
smeòraichean	s̪ m j ɔː ɾʲ ə ç ə n
smid	s m i tʲ
smiogaid	s m ɛ̃ k i l tʲ
smior	s̪ m ĩ ɾ
smocte	s̪ m ɔ x tʲ ə
snag	s̪ n̪ˠ a k
snaidhm	s̪ n ã ĩ m
snaoisean	s̪ n̪ˠ ɤ̃ː ʃ a n
snas	s̪ n̪ˠ a s̪
snasail	s n a s a l
sneachda	s ɲ ɛ x k
sneadh	ʃ ɲ ɤ ɣ
snog	s n̪ˠ o k
snàithean	s̪ n̪ˠ ɛː ç a n
snàithlean	s̪ n aː l a n
snàithnean	s̪ n̪ˠ aː ɲ ɛ n
snàmh	s n ãː v
snàth	s̪ n̪ˠ aː
snàthad	s̪ n aː h ə t̪
snèap	ʃ ɲ ɛː h p
snìomh	s̪ ɲ iː v
so	s̪ o
socair	s ɔ x k ɪ ɾʲ
soidhn	s ɤ i n
soidhneadh	s ɤ i n ə ɣ
soilleir	s̪ ɔ ʎ æ ɾʲ
soillse	s̪ ɤ i ʃ ə
soillsean	s ɤ i̯ ʎ ʃ a n
soineannta	s̪ ɔ ɲ ə n̪ˠ t̪ ə
soirbheachail	s̪ ɤ ɾʲ ɤ v ə x a l
soitheach	s a i ɔ x
solais	s̪ ɔ l̪ˠ ɪ ʃ
solas	s̪ ɔ l̪ˠ ə s̪
solasan	s̪ ɔ l̪ˠ ə s̪ ə n
spad	s b a d
spadair	s b a d ɛ rʲ
spaideil	s b a dʲ a l
spaidsear	s b a dʲ ʃ ə r
spairt	s p a rˠ ʃ tʲ
spaistear	s b a ʃ dʲ ə r
speach	s̪ p ɛ x
speal	s p j a l̪ˠ
speuclairean	s̪ p i a x k l̪ˠ ɪ ɾʲ ə n
speur	s̪ p eː ɾ
spiorad	s p i ɾ ə t̪
sponsair	s b ɔ n s ɛ rʲ
sponsairich	s b ɔ n s ɛ rʲ ɪ ç
sporan	s p ɔ r a n
spruilleach	s p ɾ u ʎ ə x
sprèidh	s̪ p ɾʲ eː
spèis	s p eː ʃ
spìos	s̪ p i ə s̪
spìosrach	s̪ p iː s̪ ɾ ə x
spìosraich	s̪ p iː s̪ ɾ ɪ ç
spòrsail	s p ɔː r s a l
spùinneadair	s p uː ɲ ə t ɪ ɾʲ
srainnsear	s̪ t̪ ɾ ã ĩ ʃ a ð
srath	s̪ t̪ ɾ a
srathair	s̪ t̪ ɾ a h ɪ ɾʲ
sreang	s̪ t̪ ɾ ã ĩ ɣ
sreap	s t r ɛ h p
sreath	s̪ t̪ ɾ ɛ h
sreothartaich	s̪ t̪ ɾ a h ə rˠ s̪ t̪ i ç
srian	s̪ t̪ ɾ i a n
sruth	s̪ t̪ ɾ u h
sruthan	s̪ t̪ ɾ u h a n
sràc	s̪ t̪ ɾ aːʰ k
sràid	s̪ t̪ ɾ aː tʲ
sròn	s̪ t̪ ɾ ɔː n
srùbag	s̪ t̪ ɾ uː p a k
staid	s t a tʲ
staidhir	s̪ t̪ a j ɪ ɾʲ
staidhre	s̪ t̪ a i ɾʲ ə
stairsneach	s̪ t̪ a rˠ s̪ ə x
stais	s t̪ a ʃ
stamag	s̪ t̪ʰ a m a k
staoig	s̪ t ɤ i kʲ
stiallach	s tʲ i ə l̪ˠ ə x
stiubha	ʃ tʲ u ə
stiùir	ʃ tʲ uː ɾʲ
stoc	s̪ t̪ ɔ x k
stocainn	s̪ t̪ ɔ x k ɪ ɲ
stoirm	s̪ t̪ ɤ ɾʲ ɤ m
stoirmeil	s̪ t̪ˠ ɤ ɾʲ ɤ m a l
stràc	s̪ ɾ aː x k
strì	s̪ t̪ ɾ iː
strìopach	s t̪ ɾ iː pʰ ə x
strìopachas	s t̪ ɾ iː pʰ ə x ə s̪
stuagh	s̪ t̪ u ə
stèidh	s tʲ eː
stèidheadh	ʃ tʲ eː ə ɣ
stèidhich	ʃ tʲ eː ɪ ç
stèidhte	ʃ tʲ eː tʲ ə
stèisean	s̪ t̪ ɛː ʃ ə n
stòiridh	s̪ t̪ ɔː ɾʲ ɪ
suaimhneach	s̪ u ə i v ɲ ə x
suarach	s̪ u ə ɾ ə x
suas	s̪ u ə s̪
suidh	s̪ i
suidhe	s̪ i ə
suidheachadh	s u i ə x ə ɣ
suim	s̪ iː m
suipear	s̪ u i h p ə ɾ
suipeir	s̪ u i h p ə ɾʲ
suirghe	s̪ ɯ ð ɯ j
sunnd	s̪ uː n t̪
sunndach	s̪ ũː n̪ˠ t̪ ə x
susbaint	s̪ u s̪ p ɪ ɲ tʲ
susbainteach	s̪ u s̪ p ɪ ɲ tʲ ə x
sàbh	s̪ aː v
sàbhail	s aː v a l
sàil	s̪ aː l
sàl	s aː l̪ˠ
sàmhach	s̪ aː v ə x
sàr	s̪ aː ɾ
sàraich	s̪ aː ɾ ɪ ç
sàs	s aː s
sàsaich	s̪ aː s̪ ɪ ç
sè	ʃ ɛː
sèimh	ʃ ɛ̃ː v
sèimheachadh	ʃ ɛː v ə x ə ɣ
sìde	ʃ iː tʲ ə
sìl	ʃ iː l
sìoda	ʃ i ə t̪ˠ ə
sìor	ʃ i ə ɾ
sìorraidh	ʃ i ə r ɪ
sìos	ʃ i ə s̪
sìth	ʃ iː
sìthe	ʃ iː h ə
sìthean	ʃ iː h a n
sìtheanan	ʃ iː h a n a n
sìthein	ʃ iː h ə n
sìthiche	ʃ iː ɪ ç ə
sìthichean	ʃ iː h ɪ ç ə n
sònraichte	s̪ õː ɾ i ç tʲ
sòr	s ɔː r
sùbh	s̪ uː
sùgh	s̪ uː
sùil	s̪ uː l
sùlaire	s̪ uː l̪ˠ ɪ ɾʲ ə
sùnndach	s̪ uː n̪ˠ t̪ˠ ə x
t'	tʲʰ
tabhann	tʰ a h ə n̪ˠ
tablaid	tʰ a p l̪ˠ ɪ tʲ
taca	tʰ a x k ə
tachair	tʰ aː x ɪ ɾʲ
tachairt	t̪ʰ a x ə rˠ t̪
tachd	t a x ɡ
tadhal	tʰ ɤ ə l̪ˠ
tagair	tʰ a k ɪ rʲ
tagairt	t̪ʰ a k ə rˠ t̪
tagh	t̪ʰ ɤ ɣ
taghadh	t̪ʰ ɤ ə ɣ
taghairm	tʰ ɤ ɾʲ ɤ m
taghan	tʰ ɤ ɣ a n
taghta	t̪ʰ ɤ h t̪ ə
taibhse	t̪ʰ a i ʃ
taibhsean	t̪ʰ a i v ʃ ə n
taigeis	tʰ a kʲ ɪ ʃ
taigh	t̪ʰ a j
taighe	t̪ʰ a h i
taighean	t̪ʰ a h i n
taing	tʰ a i ɲ c
taingeil	tʰ a i ŋʲ kʲ a l
tairbh	t̪ʰ a ɾ a j
tairbhe	t̪ʰ ɛ ɾʲ ɛ v ə
tairsgeil	t̪ʰ e ɾ e ʃ kʲ ə l
tairsgeir	t̪ʰ a ɾ a ʃ kʲ ə ɾ
taisg	t̪ʰ a ʃ c
taisteal	t̪ʰ a ʃ tʲ ə l̪ˠ
talamh	t̪ʰ a l̪ˠ u
talla	tʰ a l̪ˠ ə
talmhainn	t̪ʰ a l̪ˠ a i ɲ
talmhan	t̪ʰ a l̪ˠ a v ə n
talmhana	t̪ʰ a l̪ˠ a ə n ʌ
tana	t̪ʰ a n a
taobh	t̪ʰ u
taobhaich	tʰ ɯː v ɪ ç
tapadh	t̪ʰ a h p ə
tapaidh	tʰ a h p i
tarbh	t̪ʰ a ɾ a v
tarmachan	t̪ʰ a ɾ a m ə x a n
tarrag	t̪ʰ a rˠ i k
tarraing	t̪ʰ a rˠ i kʲ
tarsainn	t̪ʰ a rˠ s̪ ɪ ɲ
tartan	tʰ a rˠ ʃ t a n
tasdan	t̪ʰ a s̪ t̪ a n
tasgadh	t̪ʰ a s̪ k ə ɣ
teachd	t ʃʰ ɛ x k
teachdaireachd	t ʃʰ ɛ x k ɛ rʲ ə x k
teachdaireachdan	t ʃʰ ɛ x k ɛ rʲ ə x k ə n
teadaidh	t̪ʰ e t̪ ɪ
teadhair	tʲʰ e ɣ ə ɾʲ
teagaisg	t ʃʰ e k ɪ ʃ kʲ
teagamh	t ʃʰ e k u
teagasg	t ʃʰ e k ə s̪ k
teaghlach	t ʃʰ oː l̪ˠ ə x
teallach	tʲʰ a l̪ˠ ə x
teampall	t ʃʰ ɛ̃ ũ m p ə l̪ˠ
teanga	t ʃʰ ɛ k ə
teann	t ʃʰ ɛ̃ ũ n̪ˠ
teannadh	tʲʰ a n̪ˠ ə ɣ
teannta	t͡ʃʰ a u n̪ˠ t̪ ə
teas	t͡ʃʰ e s̪
teatha	tʰ e e
teich	t ʃʰ e ç
teicneolas	t͡ʃʰ e ç c ɲ ɔ l̪ˠ ə sˠ
teine	t ʃʰ e ɲ ə
teiripiche	t͡ʃʰ e rʲ i h p ɪ ç ə
teth	t ʃʰ e h
teàrnadh	t͡ʃʰ aː rˠ n̪ˠ ə ɣ
teòclaid	t ʃʰ ɔː x k l̪ˠ ɪ tʲ
tha	h a
thaigh	h ɤ j
thairbhe	h ɛ ɾʲ ɛ v ə
thairis	f a ɾʲ ɪ ʃ
thalamh	h a l̪ˠ u
thall	h a u l̪ˠ
thaobh	h ɯː v
tharraing	h a rˠ ɪ ɲ c
thatar	h aʰ t̪ ə r
thathar	h a ə ɾ
thathas	h a ə s̪
theaghlach	h j ɤː ɫ̪ ə x
their	h e ɾʲ
theth	h e h
thig	h i kʲ
thilg	h i l i c
thill	h e i ʎ
thinn	h iː ɲ
thiugh	h j u
thogadh	h o k ə ɣ
thoir	h ɔ ɾʲ
thoirt	h ɔ rˠ ʃ tʲ
thoradh	h ɔ ɾ ə ɣ
thrang	h ɾ a ŋ k
throid	ɾ ɔ tʲ
thu	u
thubhairt	h u u rˠ tʲʰ
thuca	h uʰ k
thugad	h u k ə t̪
thugaibh	h u k i
thugainn	h u k i ɲ
thugainne	h u k ɪ ɲ ə
thugam	h u k u m
thugamsa	h u k ə m ə s̪
thuice	h iʰ kʲ
thuicese	h iʰ kʲ ɪ ʃ
thuig	h ɯ kʲ
thuige	h i kʲ ə
thuigesan	h i kʲ ə s̪ ə n
thuilleadh	h ɯ ʎ ə ɣ
thuirt	h u rˠ tʲ
thuit	h u h tʲ
thusa	u s̪ ə
thàinig	h aː n i kʲ
thàna	h ãː n ə
thèid	h e tʲ
thòn	h ɔː n
tiamhaidh	tʲ i ə v ɪ
tidsear	tʲ i dʲ sʲ ə ɾ
tig	d̥ʲ i kʲ
tighe	tʲʰ i ə
tighinn	tʲʰ i n
tilg	t ʃʰ i l i kʲ
tilgeil	t͡ʃʰ i l i c a l
till	t͡ʃʰ iː ʎ
timcheall	t ʃʰ i m ĩ ç ə l̪ˠ
tinn	tʲʰ ĩː ɲ
tinneas	t͡ʃʰ i ɲ ə s̪
tiodhlac	t͡ʃʰ i ə l̪ˠ ə k
tiodhlaic	t͡ʃʰ i ə l̪ˠ ɪ c
tionndadh	t ʃʰ uː n h a ɣ
tiops	t͡ʃʰ i p s
tioram	t ʃʰ i ɾ ə m
tiugainn	t͡ʃʰ u k ɪ ɲ
tiugh	tʲʰ u h
tiùrr	tʰʲ uː rˠ
tlàth	t̪ʰ l̪ˠ aː
tobar	t̪ʰ o p ə ð
todhar	t̪ o ə ɾ
tog	tʰ o k
togair	t o ɡ ɪ rʲ
togalach	tʰ o k ə l̪ˠ ə x
toil	t̪ʰ ɔ l
toilichte	tʰ ɔ l i ç tʲ
toinn	tʰ ɤ i ɲ
toir	t̪ʰ ɔ ɾʲ
toirsgian	t̪ʰ ɔ ɾ ɔ ʃ kʲ i ɲ
toirt	t̪ʰ ɔ rˠ t̪
toirte	t̪ʰ ɔ rˠ ʃ tʲ ə
toit	t̪ʰ ɔ h tʲ
toll	t̪ʰ o l̪ˠ
tolladh	tʰ ɔ l̪ˠ ə ɣ
tolltach	t̪ʰ ɔ u ɫ̪ t̪ʰ ə x
tom	t̪ʰ ɔ u m
tonn	t̪ʰ ɔ u n̪ˠ
tonnan	tʰ ɔ n̪ˠ ə n
toradh	t̪ʰ ɔ ɾ ə ɣ
torman	tʰ ɔ ɾ ɔ m a n
torrach	tʰ ɔ rˠ ə x
tosdach	t̪ʰ ɔ s̪ t̪ ə x
traisg	t̪ʰ ɾ a ʃ kʲ
trang	tʰ ɾ a ŋ
trannsa	tʰ ɾ ɛ̃ ũ s̪
trasg	t̪ʰ ɾ a s̪ k
treabh	t̪ʰ ɾ o
treabhadh	t̪ʰ ɾ e u k
treidhsgeir	t̪ʰ ɾ eː ʃ kʲ i ɾʲ
treun	t̪ʰ ɾʲ eː n
trian	tʰ ɾ i ə n
tric	t̪ ɾ i ç kʲ
triubhas	tʰ ɾ u ə s̪
triùir	t̪ʰ ɾ i uː ɾʲ
tro	t̪ʰ ɾ ɔ
trobhad	t̪ʰ ɾ o ə t̪
trobhadaibh	t̪ʰ ɾ o ə t̪ u
troich	t r ɔ ç
troid	tʰ ɾ ɔ tʲ
troigh	t̪ʰ ɾ ɔ ç
troimhe	t̪ʰ ɾ ɔ̃ i
troimhpe	t̪ʰ ɾ ɔ̃ː h i
trom	t̪ʰ ɾ o m
tromhad	t̪ʰ ɾ õ ə t̪
tromhaibh	t̪ʰ ɾ õ ə v
tromhainn	t̪ʰ ɾ õ i ɲ
tromham	t̪ʰ ɾ õ ə m
tromhpa	t̪ʰ ɾ õʰ p
trosg	t̪ʰ ɾ ɔ s̪ k
truagh	t̪ʰ ɾ u ə ɣ
truaighe	t̪ʰ ɾ u ə j ə
truime	t̪ʰ ɾ ɯ m ə
truinnsear	t ɾ ɤ̃ ĩ ʃ a ð
tràghad	tʰ ɾ aː ə t̪
tràigh	tʰ ɾ a
tràill	t̪ʰ ɾ a i̯ ʎ
tràille	t̪ʰ ɾ a i̯ ʎ ə
tràth	t̪ʰ ɾ aː
trèan	t̪ʰ ɾ ɛː n
trèig	t̪ʰ ɾ eː c
trì	tʰ ɾ iː
trìthead	tʰ ɾ i ç ə t̪
tròcair	tʰ ɾ ɔː x k ɪ ɾʲ
tu	d̪̊ u
tuagh	t̪ʰ u ə ɣ
tuaigheadh	t̪ʰ u æ ə ɣ
tuarastail	t̪ʰ u ə ɾ ə s̪ t̪ ə l
tuarastal	t̪ʰ u ə ɾ ə s̪ t̪ ə l̪
tuath	t̪ʰ u ə
tuathail	t̪ʰ u ə h ə l
tuathal	tʰ u ə h ə l̪ˠ
tuathanach	t u ə h ə n ə x
tuathanachail	t u ə h a n ə x a l
tuathanas	tʰ u ə h ə n ə s̪
tubaist	tʰ u p ɪ ʃ tʲ
tughadh	t̪ʰ u ə ɣ
tuig	t̪ʰ ɯ c
tuigsinn	t̪ʰ ɯ c ʃ ɪ ɲ
tuil	t u l
tuilleadh	t̪ʰ ɯ ʎ ə ɣ
tuit	t̪ʰ uʰ tʰʲ
tuiteam	tʰ u h tʲ ə m
tumadh	t̪ʰ u m ə ɣ
tunnag	tʰ u n̪ˠ a k
turadh	tʰ ɯ ɾ ə ɣ
turas	t̪ʰ ɯ ɾ ə s̪
tusa	t̪ u s̪ ə
tàileasg	tʰ aː l ə s̪ k
tàillear	t̪ʰ aː ʎ a ð
tàinig	d̪̊ aː n ɪ kʲ
tàirneanach	tʰ aː rˠ n a n ə x
tàmh	t̪ʰ ãː v
tè	tʲʰ e
tèarmann	tʲʰ i ə ɾ m ə n̪ˠ
tèarmannair	tʲ i ə r m ə n ɛ rʲ
tèid	t ʃ eː t ʃ
tèile	tʲʰ eː l ə
tì	t̪ʰ iː
tìde	t͡ʃʰ iː tʲ ə
tìm	t͡ʃʰ iː m
tìodhlaiceadh	tʲʰ i ə l̪ˠ i kʲ ə k
tìoraidh	tʲ iː r i
tòb	t̪ʰ ɔː p
tòib	t̪ʰ ɛː p
tòimhseachan	t̪ʰ õː ʃ ə x a n
tòiseachadh	tʰ ɔː ʃ ə x ə ɣ
tòisich	tʰ ɔː ʃ ɪ ç
tòn	tʰ ɔː n
tòrr	t̪ʰ ɔː rˠ
tùdair	tʰ uː t ɛ rʲ
tùsanach	t uː s a n ə x
uabhasach	ũ ã v a s̪ ə x
uachdar	u ə x k ə ɾ
uachdaran	u ə x k ə r ə n
uaibhreach	u ə i v ɾʲ ə x
uaigh	u ə j
uaigneach	u ə kʲ ɲ ə x
uaimh	u ɑ
uaine	u a ɲ ə
uainfheòil	u ə ɲ ɔ l
uair	u ə ð
uaireannan	u ə ɾʲ ə n̪ˠ ə n
uan	ũ ã n
uasal	u ə s̪ a l̪ˠ
uath	u ə h
uathachas	u ə h ə x ə s
ubhal	u ə l̪ˠ
ud	a t̪
ugan	u k a n
ugh	u
uidh	u j
uidheam	u j ə m
uighean	u i ə n
uile	u l ə
uileag	u l u k
uileann	u l ə n̪ˠ
uilebheist	u l ə v e ʃ tʲ
uill	w i l
uime	i m ə
uimesan	i m ə s̪ ə n̪ˠ
uimpe	iː m b ə
uimpese	ɯ i̯ m pʰ ə ʃ ə
uinneag	ɯ ɲ a k
uinnean	ɯ ɲ a n
uiread	u ɾ ə t̪
uiseag	u ʃ a k
uisge	ɯ ʃ kʲ
ulabar	u l̪ˠ u p ə ɾ
ullamh	u l̪ˠ u
umad	ũ m ə t̪
umadsa	u m ə t̪ s̪ ə
umaibh	ũ m i
umaibhse	u m ə v ʃ ə
umainn	ũ i ɲ
umainne	u m ə ɲ ə
umam	ũ m ə m
umamsa	u m ə m s̪ ə
umha	ũ ə
umpa	uː m b ə
umpasan	u m pʰ ə s̪ ə n̪ˠ
uncail	u ŋ k a l
unnsa	ũː n̪ˠ s̪ ə
urchair	u ɾ u x i ɾʲ
urram	u rˠ ə m
urras	u rˠ ə s̪
uèir	w ɛː ɾʲ
àdhamh	aː ɣ ə v
àisia	ɛː ʃ ə
èireannach	eː ɾʲ a n̪ˠ a x
èireannaich	eː ɾʲ a n̪ˠ ɪ ç
èirinn	eː ɾʲ ɪ ɲ
èirisgeigh	e ɾʲ ɪ ʃ kʲ a j
ì	iː
ìle	iː l ə
ìomhar	i ə v ə ɾ
òban	ə n̪ˠ t̪ʰ ɔː p a n
ùisdean	uː ʃ tʲ a n
ùna	ũː n ə
à	a
àbhaist	aː u ʃ tʲ
àibheiseach	aː ɪ ʃ ə x
àicheadh	aː ç ə ɣ
àicheidh	aː ç ɪ
àigh	aː j
àileadh	aː l ə ɣ
àilean	aː l a n
àille	aː ʎ ə
àilleachd	aː ʎ ə x k
àilleadh	aː ʎ ə ɣ
àird	aː ɾ ʃ t̪
àirde	aː rˠ tʲ ə
àireamh	aː ɾʲ ə v
àireamhair	aː ɾʲ ə v ɛ ɾʲ
àireamhairean	aː ɾʲ ə v ɛ ɾʲ ə n
àireamhan	aː ɾʲ ə v ə n
àirigh	aː ð ɪ
àirneis	aː rˠ n i ʃ
àite	aː h tʲ ə
àiteach	aː h tʲ ə x
àiteachan	aː h tʲ ə x ə n
àl	aː l̪ˠ
àlainn	aː l̪ˠ ɪ ɲ
àlainneachd	aː l̪ˠ ɪ ɲ ə x k
àlas	aː l̪ˠ ə s̪
àm	ã ũ m
àmhainn	aː v ɪ ɲ
àrach	aː ɾ ə x
àradh	aː ɾ a ɣ
àraid	aː rˠ a tʲ
àraidh	aː r̥ˠ h ɪ
àras	aː ɾ ə s̪
àrc	aː ɾ x k
àrd	aː r ʃ t̪
às	a s̪
àth	aː h
èadhar	e ə ɾ
èibhinn	eː v ɪ ɲ
èideadh	eː tʲ ə ɣ
èigh	eː u
èigheachd	eː v ə x k
èighich	iː ɪ ç
èileadh	e i l ə ɣ
èille	eː ʎ ə
èirigh	eː ɾʲ ɪ
èist	eː ʃ tʲ
èisteachd	eː ʃ tʲ ə x k
èistibh	eː ʃ tʲ ɪ v
ìmpireachd	iː m p i ɾʲ ɛ x k
ìne	f i ɡ ə n
ìobairt	i ə p ə rˠ ʃ tʲ
ìoc	i ə x k
ìocshlaint	i ə x k l̪ˠ a ɲ tʲ
ìomhaigh	ĩ ã v a j
ìosal	i ə s̪ ə l̪ˠ
ìota	i ə h t̪ˠ ə
ìseal	iː ʃ a l̪ˠ
òg	ɔː k
òganach	ɔː k a n ə x
òige	ɔː kʲ ə
òigh	ɔː j
òigridh	ɔː kʲ ɾ ə
òinseach	ɔ̃ː ʃ ə x
òir	ɔː ɾʲ
òirleach	ɔː rˠ l ə x
òmhainn	ɔ v ə n
òr	ɔː ɾ
òrain	ɔː ɾ ɛ ɲ
òran	oː ɾ a n
òrd	ɔː ɾ ʃ t̪
òrdag	ɔː rˠ s̪ t̪ a k
òrdan	ɔː r̪ˠ t̪ a n
òrdugh	ɔː rˠ s̪ t̪ ə ɣ
ùidh	uː j
ùine	uː ɲ ə
ùir	uː ɾʲ
ùire	uː ɾʲ ə
ùpraid	uː h p ə ɾ a tʲ
ùra	uː ɾˠ ə
ùraisg	uː ɾ ɪ ʃ kʲ
ùrlar	uː rˠ l̪ˠ ə ɾ
ùrnaigh	uː rˠ n̪ˠ ɪ
