পর	p ɔ ɾ
একই	e k i
সহ	ʃ ɔ h o
এরপর	e ɾ p ɔ ɾ
ওপর	o p o ɾ
of	o f
অফ	ɔ f
আটক	a ʈ ɔ k
অব	ɔ b
to	t o
এম	e m
করব	k ɔ ɾ o b
by	b i
যত	d͡ʒ ɔ t̪ o
করল	k ɔ ɾ o l
কল	k ɔ l
ইন	i n
এরকম	e ɾ k o m
আই	a i̯
ওর	o ɾ
এইসব	e i̯ ʃ ɔ b
এল	e l
নন	n ɔ n
ফর	f ɔ ɾ
is	i s
বলল	b ɔ l o l
নই	n o i̯
বহন	b ɔ h o n
হযরত	h ɔ d͡ʒ ɾ ɔ t̪
আউট	a u̯ ʈ
তম	t̪ ɔ m
উপ	u p
ইউ	i u̯
আসন	a ʃ o n
আপ	a p
অন	ɔ n
ডট	ɖ ɔ ʈ
দমন	d̪ ɔ m o n
রঙ	r ɔ ŋ
এইচ	e i̯ t͡ʃ
এন	e n
পরও	p ɔ ɾ o
কখনই	k ɔ kʰ o n i
হব	h ɔ b
একমত	e k m ɔ t̪
ঘন	ɡʱ ɔ n
হও	h ɔ o̯
একদল	e k d̪ ɔ l
জনক	d͡ʒ ɔ n o k
বলব	b ɔ l o b
টন	ʈ ɔ n
ফসল	f ɔ ʃ o l
আগমন	a ɡ m o n
আজও	a d͡ʒ o
me	m e
মতই	m ɔ t̪ o i̯
no	n o
এরই	e ɾ o i̯
ইট	i ʈ
এফ	e f
de	d e
my	m i
যতই	d͡ʒ ɔ t̪ o i̯
be	b e
ডটকম	ɖ ɔ ʈ k ɔ m
যখনই	d͡ʒ ɔ kʰ o n i
এড	e ɖ
ডন	ɖ ɔ n
পল	p ɔ l
বরণ	b ɔ ɾ o n
as	a s
পরপরই	p ɔ ɾ p o ɾ o i̯
একর	e k o ɾ
অমর	ɔ m o ɾ
উঠল	u ʈʰ ɔ l
চল	t͡ʃ ɔ l
মতন	m ɔ t̪ o n
রইল	r o i̯ l
লস	l ɔ ʃ
আগত	a ɡ ɔ t̪ o
আহ	a h o
চর	t͡ʃ ɔ ɾ
টম	ʈ ɔ m
one	o n e
আন	a n
ইউএস	i u̯ e ʃ
হট	h ɔ ʈ
ইজ	i d͡ʒ
আছ	a t͡ʃʰ
টপ	ʈ ɔ p
la	l a
ততই	t̪ ɔ t̪ o i̯
ধরন	d̪ʱ ɔ ɾ o n
শট	ʃ ɔ ʈ
will	w i l
কমই	k ɔ m o i̯
চমক	t͡ʃ ɔ m o k
পরপর	p ɔ ɾ p ɔ ɾ
বব	b ɔ b
অবতরণ	ɔ b o t̪ ɔ ɾ o n
আইনগত	a i̯ n ɡ ɔ t̪ o
দর	d̪ ɔ ɾ
রহ	r ɔ h o
so	s o
এরও	e ɾ o
তরল	t̪ ɔ ɾ o l
ধর	d̪ʱ ɔ ɾ
পপ	p ɔ p
বদল	b ɔ d̪ o l
but	b u t
রক	r ɔ k
আমর	a m o ɾ
উইথ	u̯ i t̪ʰ
লগ	l ɔ ɡ
we	w e
আইএস	a i̯ e ʃ
মহৎ	m ɔ h o t̪
was	w a s
অর	ɔ ɾ
সচল	ʃ ɔ t͡ʃ o l
অবগত	ɔ b o ɡ ɔ t̪ o
জগত	d͡ʒ ɔ ɡ o t̪
নক	n ɔ k
ওসব	o ʃ ɔ b
কমন	k ɔ m o n
তর	t̪ ɔ ɾ
নও	n ɔ o̯
হজম	h ɔ d͡ʒ o m
টহল	ʈ ɔ h o l
বদর	b ɔ d̪ o ɾ
সরব	ʃ ɔ ɾ o b
অহ	ɔ h o
নট	n ɔ ʈ
মহল	m ɔ h o l
শন	ʃ ɔ n
dr	d e ɾ e
us	u s
হউক	h o u̯ k
অসৎ	ɔ ʃ ɔ t̪
এজ	e d͡ʒ
ধরণ	d̪ʱ ɔ ɾ o n
ফলন	f ɔ l o n
তৎপর	t̪ ɔ t̪ p ɔ ɾ
বলত	b ɔ l o t̪
pdf	p e d e ɛ f
হইল	h o i̯ l
ঘটল	ɡʱ ɔ ʈ o l
go	ɡ o
if	i f
গজ	ɡ ɔ d͡ʒ
রড	r ɔ ɖ
অসম	ɔ ʃ o m
জব	d͡ʒ ɔ b
এমএ	e m e
টস	ʈ ɔ ʃ
বকর	b ɔ k o ɾ
শওকত	ʃ ɔ o̯ k ɔ t̪
sex	s ɛ k s
উন	u n
bbc	b e b e s e
do	d o
লক	l ɔ k
উর	u ɾ
নদ	n ɔ d̪
ইবন	i b o n
ইমন	i m o n
উমর	u m o ɾ
গড	ɡ ɔ ɖ
কনডম	k ɔ n ɖ ɔ m
তপন	t̪ ɔ p o n
photo	f o t o
ঝলক	d͡ʒʱ ɔ l o k
city	s i t i
co	k o
photos	f o t o s
কমল	k ɔ m o l
its	i t s
একরকম	e k o ɾ k ɔ m
বধ	b ɔ d̪ʱ
big	b i ɡ
উই	u̯ i
কন	k ɔ n
ধরব	d̪ʱ ɔ ɾ o b
ফরম	f ɔ ɾ o m
রন	r ɔ n
ইভ	i bʱ
ঢল	ɖʱ ɔ l
আচরন	a t͡ʃ ɾ o n
এমনও	e m n o
করছ	k ɔ ɾ o t͡ʃʰ
জনপদ	d͡ʒ ɔ n p ɔ d̪
বহর	b ɔ h o ɾ
আহরণ	a h ɾ o n
উইলসন	u̯ i l ʃ ɔ n
গমন	ɡ ɔ m o n
গলফ	ɡ ɔ l o f
শক	ʃ ɔ k
সজল	ʃ ɔ d͡ʒ o l
school	ʃ u l
ইল	i l
এট	e ʈ
উইক	u̯ i k
এইড	e i̯ ɖ
ডক	ɖ ɔ k
ধরল	d̪ʱ ɔ ɾ o l
পলক	p ɔ l o k
রকমই	r ɔ k m o i̯
সবল	ʃ ɔ b o l
একইরকম	e k i ɾ k ɔ m
last	l a s t
sorry	s o r i
আনব	a n o b
জট	d͡ʒ ɔ ʈ
পশম	p ɔ ʃ o m
black	b l a k
ঐসব	o i̯ ʃ ɔ b
খজনক	kʰ ɔ d͡ʒ n ɔ k
ছক	t͡ʃʰ ɔ k
মঠ	m ɔ ʈʰ
bd	b e d e
আমন	a m o n
দলগত	d̪ ɔ l ɡ ɔ t̪ o
মদন	m ɔ d̪ o n
game	ɡ e j m
le	l e
miss	m i s
oh	o
আবরণ	a b ɾ o n
এরকমই	e ɾ k o m i
করন	k ɔ ɾ o n
net	n e t
একবছর	e k b ɔ t͡ʃʰ ɔ ɾ
যশ	d͡ʒ ɔ ʃ
top	t ɔ p
গন	ɡ ɔ n
মর	m ɔ ɾ
লবন	l ɔ b o n
ma	m a
এরপরও	e ɾ p ɔ ɾ o
kiss	k i s
ইশ	i ʃ
ওক	o k
ডগ	ɖ ɔ ɡ
back	b a k
class	k l a s
family	f a m i l i
fuck	f u k
ইউএনও	i u̯ e n o
এসকল	e s k ɔ l
শপ	ʃ ɔ p
হরণ	h ɔ ɾ o n
ইউজ	i u̯ d͡ʒ
কতই	k ɔ t̪ o i̯
চলত	t͡ʃ ɔ l o t̪
জমজ	d͡ʒ ɔ m o d͡ʒ
من	m a n
আপস	a p o ʃ
ইউর	i u̯ ɾ
আশ	a ʃ
ধস	d̪ʱ ɔ ʃ
পণ	p ɔ n
মঈন	m o i̯ n
data	d a t a
watch	w a t͡ʃ
ফরয	f ɔ ɾ o d͡ʒ
আইনত	a i̯ n ɔ t̪
আত	a t̪
এবছর	e b t͡ʃʰ ɔ ɾ
নল	n ɔ l
পটল	p ɔ ʈ o l
মদদ	m ɔ d̪ o d̪
রহম	r ɔ h o m
click	k l i k
se	s e
চলন	t͡ʃ ɔ l o n
ali	a l i
لا	l a
উইন	u̯ i n
একশত	e k ʃ ɔ t̪
আও	a o̯
আপদ	a p ɔ d̪
ইলম	i l o m
এসএ	e ʃ e
বলছ	b ɔ l o t͡ʃʰ
হরর	h ɔ ɾ o ɾ
das	d a s
dhaka	d a k a
আইএমএফ	a i̯ e m e f
ইউএসএ	i u̯ e ʃ e
এইট	e i̯ ʈ
ওঠ	o ʈʰ
কবল	k ɔ b o l
বলবৎ	b ɔ l b ɔ t̪
এরপরই	e ɾ p o ɾ o i̯
বপন	b ɔ p o n
arabic	a ɾ a b i k
অলআউট	ɔ l a u̯ ʈ
ফলক	f ɔ l o k
book	b u k
die	d i
yes	j e s
এমএনএ	e m e n e
ঘটক	ɡʱ ɔ ʈ ɔ k
তল	t̪ ɔ l
হপ	h ɔ p
es	e s
pm	p e ɛ m
singh	s i ŋ
আইডল	a i̯ ɖ ɔ l
এফএম	e f e m
কটন	k ɔ ʈ o n
ডস	ɖ ɔ ʃ
gold	ɡ o l d
উইশ	u̯ i ʃ
ওন	o n
জলজ	d͡ʒ ɔ l o d͡ʒ
les	l e s
let	l e t
মকর	m ɔ k o ɾ
মরন	m ɔ ɾ o n
son	s o n
পট	p ɔ ʈ
সফট	ʃ ɔ f ʈ
los	l o s
করস	k ɔ ɾ o ʃ
চলল	t͡ʃ ɔ l o l
পরব	p ɔ ɾ o b
ফন	f ɔ n
হর	h ɔ ɾ
sea	s e a
ya	j a
অতপর	ɔ t̪ o p ɔ ɾ
উড	u ɖ
উপশম	u p ɔ ʃ o m
ফটক	f ɔ ʈ ɔ k
bye	b a j e
sweet	s w i t
পরশ	p ɔ ɾ o ʃ
বরন	b ɔ ɾ o n
এসএম	e ʃ e m
ভন	bʱ ɔ n
apps	a p s
দলও	d̪ ɔ l o
পরখ	p ɔ ɾ o kʰ
রগ	r ɔ ɡ
লট	l ɔ ʈ
صلى	sˤ a l a
ইউএই	i u̯ e i̯
খল	kʰ ɔ l
গণভবন	ɡ ɔ n bʱ ɔ b o n
সমর	ʃ ɔ m o ɾ
গজব	ɡ ɔ d͡ʒ o b
থর	t̪ʰ ɔ ɾ
দমকল	d̪ ɔ m k ɔ l
পবন	p ɔ b o n
বচন	b ɔ t͡ʃ o n
da	d a
di	d i
na	n a
pic	p i k
cup	k u p
আজমল	a d͡ʒ m ɔ l
ইউএন	i u̯ e n
সহমত	ʃ ɔ h m ɔ t̪
done	d o n e
feel	f i l
pro	p ɾ o
town	t a u̯ n
অমল	ɔ m o l
হইত	h o i̯ t̪
tell	t e l
অতল	ɔ t̪ o l
আদল	a d̪ o l
গল	ɡ ɔ l
ami	a m i
আনলক	a n l ɔ k
উঠব	u ʈʰ ɔ b
ধকল	d̪ʱ ɔ k o l
ac	a k
قد	q a d
আনল	a n o l
জশ	d͡ʒ ɔ ʃ
পচন	p ɔ t͡ʃ o n
যব	d͡ʒ ɔ b
king	k i ŋ
আমরণ	a m ɾ o n
উম	u m
এপ	e p
বইও	b o i̯ o
li	l i
mi	m i
sun	s u n
ইউআরএল	i u̯ a ɾ e l
books	b u k s
জবস	d͡ʒ ɔ b o ʃ
alone	a l o n e
ask	a s k
bro	b ɾ o
ইটস	i ʈ o ʃ
she	ʃ e
ta	t a
ছল	t͡ʃʰ ɔ l
টর	ʈ ɔ ɾ
du	d u
usd	u s d e
ওপরই	o p ɾ o i̯
abu	a b u
club	k l u b
কথক	k ɔ t̪ʰ o k
চক	t͡ʃ ɔ k
allah	a l a
ki	k i
won	w o n
এআই	e a i̯
একজনই	e k d͡ʒ o n i
এমএলএ	e m e l e
এমএস	e m e ʃ
ডর	ɖ ɔ ɾ
বনজ	b ɔ n o d͡ʒ
রইস	r o i̯ ʃ
actress	a k t ɾ e s
mamata	m a m a t a
qui	k i
আযম	a d͡ʒ o m
ওএস	o e ʃ
কও	k ɔ o̯
করম	k ɔ ɾ o m
ঝটপট	d͡ʒʱ ɔ ʈ p ɔ ʈ
টড	ʈ ɔ ɖ
much	m u t͡ʃ
public	p u b l i k
উওর	u̯ o ɾ
facts	f a k t s
fast	f a s t
জবর	d͡ʒ ɔ b o ɾ
তব	t̪ ɔ b
নকআউট	n ɔ k a u̯ ʈ
female	f e m a l e
আইল	a i̯ l
জর	d͡ʒ ɔ ɾ
attack	a t a k
galaxy	ɡ a l a k s i
pc	p e s e
que	k e
উলফ	u l ɔ f
উৎপল	u t̪ p ɔ l
লন	l ɔ n
minister	m i n i s t e
sa	s a
আইজ	a i̯ d͡ʒ
ইগর	i ɡ o ɾ
ঈষৎ	i ʃ ɔ t̪
উডস	u ɖ o ʃ
seo	s e o
আদ	a d̪
উদর	u d̪ o ɾ
গণকবর	ɡ ɔ n o k b ɔ ɾ
con	k o n
আইএসআই	a i̯ e ʃ a i̯
আরএফএল	a ɾ e f e l
copy	k o p i
las	l a s
এরর	e ɾ o ɾ
ফলস	f ɔ l o ʃ
বসতঘর	b ɔ ʃ t̪ ɔ ɡʱ ɔ ɾ
abc	a b e s e
alokito	a l o k i t o
des	d e s
map	m a p
tag	t a ɡ
te	t e
আইপড	a i̯ p ɔ ɖ
এইসকল	e i̯ s k ɔ l
ফলদ	f ɔ l o d̪
মস	m ɔ ʃ
ko	k o
luck	l u k
pussy	p u s i
su	s u
জস	d͡ʒ ɔ ʃ
রও	r ɔ o̯
ডল	ɖ ɔ l
funny	f u n i
আকমল	a k m ɔ l
আছর	a t͡ʃʰ o ɾ
খরচও	kʰ ɔ ɾ t͡ʃ o
বশ	b ɔ ʃ
রণ	r ɔ n
ab	a b
محمد	m a ħ m a d
উইচ	u̯ i t͡ʃ
চট	t͡ʃ ɔ ʈ
america	a m e ɾ i k a
dc	d e s e
plus	p l u s
wa	w a
ke	k e
mit	m i t
officer	o f i s e
অবশ	ɔ b o ʃ
আইএলও	a i̯ e l o
বম	b ɔ m
ভরণ	bʱ ɔ ɾ o n
bit	b i t
cia	s i a
কমর	k ɔ m o ɾ
চপ	t͡ʃ ɔ p
মনও	m ɔ n o
bogra	b o ɡ ɾ a
بن	b a n
ঋন	r i n
গলদ	ɡ ɔ l o d̪
লই	l o i̯
para	p a ɾ a
অজ	ɔ d͡ʒ
খবরও	kʰ ɔ b ɾ o
জনগণও	d͡ʒ ɔ n ɡ ɔ n o
নটর	n ɔ ʈ o ɾ
হয	h ɔ d͡ʒ
yo	j o
পথই	p ɔ t̪ʰ o i̯
cell	s e l
ne	n e
أكبر	ʔ a k b a r
ওপরও	o p ɾ o
win	w i n
في	f i
এফআইআর	e f a i̯ a ɾ
এমএম	e m e m
ba	b a
sp	e s p e
এপস	e p o ʃ
এব	e b
এমআরআই	e m a ɾ a i̯
বইন	b o i̯ n
dvd	d e v e d e
match	m a t͡ʃ
tu	t u
খই	kʰ o i̯
টব	ʈ ɔ b
পন	p ɔ n
area	a ɾ e a
bf	b e ɛ f
lama	l a m a
os	o s
ul	u l
wwe	w e
উপদল	u p ɔ d̪ o l
এমআই	e m a i̯
কজন	k ɔ d͡ʒ o n
গট	ɡ ɔ ʈ
মতও	m ɔ t̪ o
হবস	h ɔ b o ʃ
fucking	f u k i ŋ
ja	d͡ʒ a
কতক	k ɔ t̪ o k
কনর	k ɔ n o ɾ
খবরই	kʰ ɔ b ɾ o i̯
থট	t̪ʰ ɔ ʈ
feed	f i d
jo	d͡ʒ o
ka	k a
আইওএম	a i̯ o e m
আনত	a n o t̪
উঠ	u ʈʰ
এনএসএ	e n e ʃ e
এলটন	e l ʈ ɔ n
কক	k ɔ k
কজ	k ɔ d͡ʒ
si	s i
আইও	a i̯ o
টগবগ	ʈ ɔ ɡ b ɔ ɡ
ফলত	f ɔ l o t̪
মনন	m ɔ n o n
মহরত	m ɔ h ɾ ɔ t̪
access	a k s e s
deep	d i p
tea	t e a
yu	j u
ইউন	i u̯ n
ইদ	i d̪
এমএলএম	e m e l e m
ডম	ɖ ɔ m
সরণ	ʃ ɔ ɾ o n
block	b l ɔ k
ঠক	ʈʰ ɔ k
পথও	p ɔ t̪ʰ o
লজ	l ɔ d͡ʒ
less	l e s
sony	s o n i
tale	t a l e
tokyo	t o k j o
yet	j e t
এআর	e a ɾ
এগ	e ɡ
রই	r o i̯
হইব	h o i̯ b
glass	ɡ l a s
keep	k i p
mac	m a k
mass	m a s
sub	s u b
such	s u t͡ʃ
আকন	a k o n
আয	a d͡ʒ
পরত	p ɔ ɾ o t̪
ce	s e
dot	d o t
minutes	m i n u t e s
আবদ	a b o d̪
বনধ	b ɔ n o d̪ʱ
middle	m i d l e
phase	f e j z
success	s u k s e s
চকচক	t͡ʃ ɔ k t͡ʃ ɔ k
poetry	p o e t ɾ i
sick	s i k
une	u n e
অদল	ɔ d̪ o l
অধম	ɔ d̪ʱ o m
ওরস	o ɾ o ʃ
কপ	k ɔ p
নম	n ɔ m
পরল	p ɔ ɾ o l
ভরত	bʱ ɔ ɾ o t̪
abdullah	a b d u l a
cat	k a t
cut	k u t
dec	d e k
meet	m i t
ইএ	i e
উজ	u d͡ʒ
এইজ	e i̯ d͡ʒ
বশত	b ɔ ʃ o t̪
aa	a a
ca	k a
dj	d e ʒ e
una	u n a
ইআর	i a ɾ
বসল	b ɔ ʃ o l
api	a p i
bus	b u s
canada	k a n a d a
weekly	w i k l i
এইচআর	e i̯ t͡ʃ a ɾ
এফএ	e f e
delete	d e l e t e
fat	f a t
took	t u k
আইনও	a i̯ n o
আউশ	a u̯ ʃ
আরএস	a ɾ e ʃ
ইক	i k
গর	ɡ ɔ ɾ
added	a d e d
cu	k u
nu	n u
আউল	a u̯ l
put	p u t
shahbag	ʃ a b a ɡ
আইআর	a i̯ a ɾ
ইউথ	i u̯ t̪ʰ
ইফ	i f
এনএ	e n e
বটম	b ɔ ʈ o m
হগ	h ɔ ɡ
عبد	ʕ a b a d
baba	b a b a
feeling	f i l i ŋ
pe	p e
ইসমত	i s m ɔ t̪
এইমস	e i̯ m ɔ ʃ
এএ	e e
ওত	o t̪
দলসহ	d̪ ɔ l ʃ ɔ h o
সফলও	ʃ ɔ f l o
lyrics	l i ɾ i k s
tripura	t ɾ i p u ɾ a
উহ	u h o
এসআর	e ʃ a ɾ
কলস	k ɔ l o ʃ
পক	p ɔ k
সঙ	ʃ ɔ ŋ
analysis	a n a l i s i s
benefits	b e n e f i t s
mba	m b a
try	t ɾ i
আকর	a k o ɾ
এমএল	e m e l
কট	k ɔ ʈ
clip	k l i p
lo	l o
max	m a k s
minute	m i n u t e
ইউএফও	i u̯ e f o
এমএইচ	e m e i̯ t͡ʃ
ওলসন	o l ʃ ɔ n
কচ	k ɔ t͡ʃ
ধপ	d̪ʱ ɔ p
মহররম	m ɔ h o ɾ ɔ ɾ o m
lot	l o t
pa	p a
planet	p l a n e t
অকপট	ɔ k o p ɔ ʈ
অমত	ɔ m o t̪
মইন	m o i̯ n
christ	k ɾ i s t
ex	e k s
feet	f i t
আওস	a o̯ ʃ
এইউ	e i̯ u
এইস	e i̯ ʃ
কমও	k ɔ m o
জনপথ	d͡ʒ ɔ n p ɔ t̪ʰ
ধরত	d̪ʱ ɔ ɾ o t̪
নঈম	n o i̯ m
pass	p a s
profile	p ɾ o f i l e
আইএনএ	a i̯ e n e
আরন	a ɾ o n
ইউএসএসআর	i u̯ e ʃ e ʃ a ɾ
কব	k ɔ b
নফল	n ɔ f o l
নস	n ɔ ʃ
ghosh	ɡ o ʃ
pcb	p e s e b e
tribune	t ɾ i b u n e
একন	e k o n
ঐই	o i̯ i
ওপ	o p
across	a k ɾ ɔ s
cannot	k a n o t
chat	ʃ a t
paris	p a ɾ i s
অহন	ɔ h o n
আইএম	a i̯ e m
আইএসও	a i̯ e ʃ o
akash	a k a ʃ
على	ʕ a l a
ইউই	i u̯ i
ঊন	u n
এএস	e e ʃ
বকবক	b ɔ k b ɔ k
শহরসহ	ʃ ɔ h o ɾ ʃ ɔ h o
alex	a l ɛ k s
least	l e a s t
traffic	t ɾ a f i k
অম	ɔ m
ইর	i ɾ
উইস	u̯ i ʃ
ওফ	o f
মরল	m ɔ ɾ o l
ago	a ɡ o
anas	a n a s
bcs	b e s e s
fi	f i
logo	l o ɡ o
natok	n a t o k
podcast	p o d k a s t
shop	ʃ ɔ p
tony	t o n i
অবশই	ɔ b ʃ o i̯
এমএফএ	e m e f e
ফখর	f ɔ kʰ o ɾ
মতনই	m ɔ t̪ o n i
হলফ	h ɔ l o f
flag	f l a ɡ
এরল	e ɾ o l
চলব	t͡ʃ ɔ l o b
টপস	ʈ ɔ p o ʃ
বখত	b ɔ kʰ ɔ t̪
সহজতম	ʃ ɔ h d͡ʒ ɔ t̪ o m
আগমণ	a ɡ m o n
ইপ	i p
এলএ	e l e
বলবত	b ɔ l b ɔ t̪
সরগরম	ʃ ɔ ɾ ɡ ɔ ɾ o m
apu	a p u
mu	m u
noc	n ɔ k
ইউএসএইড	i u̯ e ʃ e i̯ ɖ
শরত	ʃ ɔ ɾ o t̪
patro	p a t ɾ o
উৎসবও	u t̪ ʃ ɔ b o
ওজ	o d͡ʒ
জমজম	d͡ʒ ɔ m d͡ʒ ɔ m
loop	l u p
six	s i k s
wake	w e j k
আসক	a ʃ ɔ k
ইউএনওর	i u̯ e n o ɾ
এনএইচএল	e n e i̯ t͡ʃ e l
এনএস	e n e ʃ
রমন	r ɔ m o n
category	k a t e ɡ o ɾ i
cd	s e d e
mo	m o
pedro	p e d ɾ o
pete	p e t e
shadow	ʃ a d o w
আরশ	a ɾ o ʃ
উৎকট	u t̪ k ɔ ʈ
থম	t̪ʰ ɔ m
fifty	f i f t i
gu	ɡ u
neo	n e o
শহরও	ʃ ɔ h o ɾ o
imo	i m o
krishna	k ɾ i ʃ n a
ministry	m i n i s t ɾ i
ni	n i
noaa	n o a a
process	p ɾ o s e s
shah	ʃ a
আজগর	a d͡ʒ ɡ ɔ ɾ
ওএসএম	o e ʃ e m
খন	kʰ ɔ n
গডস	ɡ ɔ ɖ o ʃ
সরন	ʃ ɔ ɾ o n
হকসহ	h ɔ k ʃ ɔ h o
doc	d ɔ k
paz	p a s
trophy	t ɾ o f i
tube	t u b e
ye	j e
ঈশ	i ʃ
এহন	e h o n
ঘট	ɡʱ ɔ ʈ
ঝর	d͡ʒʱ ɔ ɾ
ফগ	f ɔ ɡ
সল	ʃ ɔ l
carry	k a r i
effect	e f ɛ k t
fifa	f i f a
shahbagh	ʃ a b a ɡ
tr	t e ɾ e
একশর	e k ʃ ɔ ɾ
এফএসএফ	e f e ʃ e f
কওন	k ɔ o̯ n
চই	t͡ʃ o i̯
বসন	b ɔ ʃ o n
সদন	ʃ ɔ d̪ o n
হম	h ɔ m
academy	a k a d e m i
ana	a n a
ct	k e t e
library	l i b ɾ a ɾ i
luis	l u i s
অড	ɔ ɖ
ইউল	i u̯ l
উরস	u ɾ o ʃ
এফএও	e f e o
গফ	ɡ ɔ f
ডডস	ɖ ɔ ɖ o ʃ
হইও	h o i̯ o
bring	b ɾ i ŋ
fell	f e l
sobre	s o b ɾ e
till	t i l
unit	u n i t
আরএফ	a ɾ e f
টল	ʈ ɔ l
পদই	p ɔ d̪ o i̯
bill	b i l
memory	m e m o ɾ i
rab	r a b
solo	s o l o
কহ	k ɔ h o
ডজ	ɖ ɔ d͡ʒ
তট	t̪ ɔ ʈ
বইই	b o i̯ i
শরফ	ʃ ɔ ɾ o f
finish	f i n i ʃ
icu	i k u
kelly	k e l i
অস	ɔ ʃ
আউ	a u̯
এমএসএন	e m e ʃ e n
হনন	h ɔ n o n
aka	a k a
apply	a p l i
guatemala	ɡ w a t e m a l a
lucky	l u k i
mary	m a ɾ i
ny	n i
supreme	s u p ɾ e m e
عن	ʕ a n
আইএমও	a i̯ e m o
এএন	e e n
জলপথ	d͡ʒ ɔ l p ɔ t̪ʰ
ap	a p
catch	k a t͡ʃ
ceo	s e o
dacca	d a k a
itu	i t u
mix	m i k s
ইএমআই	i e m a i̯
করবই	k ɔ ɾ b o i̯
গণক	ɡ ɔ n o k
নখর	n ɔ kʰ o ɾ
রওনক	r ɔ o̯ n ɔ k
রজন	r ɔ d͡ʒ o n
লঙ	l ɔ ŋ
শর	ʃ ɔ ɾ
ah	a
bo	b o
despacito	d e s p a s i t o
nos	n o s
qu	k u
satellite	s a t e l i t e
shakib	ʃ a k i b
এমএমএ	e m e m e
এমএসএফ	e m e ʃ e f
সফদর	ʃ ɔ f d̪ ɔ ɾ
সলভ	ʃ ɔ l o bʱ
mela	m e l a
mitra	m i t ɾ a
primary	p ɾ i m a ɾ i
tune	t u n e
علي	ʕ a l i j j
আনন	a n o n
আরএল	a ɾ e l
উৎসও	u t̪ ʃ o
জনস	d͡ʒ ɔ n o ʃ
ash	a ʃ
babu	b a b u
idea	i d e a
male	m a l e
pas	p a s
tax	t a k s
week	w i k
আকরম	a k ɾ ɔ m
উদগত	u d̪ ɡ ɔ t̪ o
কখ	k ɔ kʰ
লও	l ɔ o̯
লকড	l ɔ k o ɖ
হলও	h ɔ l o
cinema	s i n e m a
fish	f i ʃ
gone	ɡ o n e
johnny	d͡ʒ o n i
linux	l i n u k s
pp	p e p e
sri	s r i
telegraph	t e l e ɡ ɾ a f
wiki	w i k i
অক	ɔ k
অবস	ɔ b o ʃ
আতপ	a t̪ ɔ p
আবরন	a b ɾ o n
ইচ	i t͡ʃ
এইচএম	e i̯ t͡ʃ e m
bitch	b i t͡ʃ
kazi	k a z i
meets	m i t s
pablo	p a b l o
sales	s a l e s
sheep	ʃ i p
tagore	t a ɡ o ɾ e
كتاب	k i t aː b
ইএস	i e ʃ
ইহ	i h o
ওরই	o ɾ o i̯
ফলও	f ɔ l o
বশর	b ɔ ʃ o ɾ
buffalo	b u f a l o
fit	f i t
limit	l i m i t
photographic	f o t o ɡ ɾ a f i k
pre	p ɾ e
rani	r a n i
আইড	a i̯ ɖ
আজমত	a d͡ʒ m ɔ t̪
জক	d͡ʒ ɔ k
পড	p ɔ ɖ
ফলজ	f ɔ l o d͡ʒ
africa	a f ɾ i k a
creek	k ɾ i k
effects	e f ɛ k t s
looks	l u k s
ما	m a
এবন	e b o n
এসবও	e s b o
কষ	k ɔ ʃ
ধলই	d̪ʱ ɔ l o i̯
ফট	f ɔ ʈ
ass	a s
push	p u ʃ
আরএনএ	a ɾ e n e
আরএসএ	a ɾ e ʃ e
ধবন	d̪ʱ ɔ b o n
ধবল	d̪ʱ ɔ b o l
সময	ʃ ɔ m o d͡ʒ
ae	a e
lie	l i
someone	s o m e o n e
twin	t w i n
আইক	a i̯ k
এমএএইচ	e m e e̯ i t͡ʃ
চমচম	t͡ʃ ɔ m t͡ʃ ɔ m
শবর	ʃ ɔ b o ɾ
calling	k a l i ŋ
fishing	f i ʃ i ŋ
goa	ɡ o a
gui	ɡ i
proof	p ɾ u f
sabha	s a b a
ufo	u f o
আইউব	a i̯ u b
এনএসআই	e n e ʃ a i̯
খর	kʰ ɔ ɾ
তথন	t̪ ɔ t̪ʰ o n
পদও	p ɔ d̪ o
ভরন	bʱ ɔ ɾ o n
হকস	h ɔ k o ʃ
como	k o m o
neck	n e k
psc	p e ʃ e
ses	s e s
task	t a s k
আইএ	a i̯ e
ঈল	i l
উইথআউট	u̯ i t̪ʰ a u̯ ʈ
গগলস	ɡ ɔ ɡ l o ʃ
চমন	t͡ʃ ɔ m o n
ছট	t͡ʃʰ ɔ ʈ
দত	d̪ ɔ t̪ o
ফটবল	f ɔ ʈ b ɔ l
শরদ	ʃ ɔ ɾ o d̪
alba	a l b a
finally	f i n a l i
ls	e l e s
mask	m a s k
po	p o
taka	t a k a
wish	w i ʃ
আইআরএ	a i̯ a ɾ e
ইএফই	i e f i
এফএএ	e f e e
কইল	k o i̯ l
খরব	kʰ ɔ ɾ o b
ডগস	ɖ ɔ ɡ o ʃ
লল	l ɔ l
সখ	ʃ ɔ kʰ
সনৎ	ʃ ɔ n o t̪
ships	ʃ i p s
tata	t a t a
উইগ	u̯ i ɡ
এনএম	e n e m
জগদল	d͡ʒ ɔ ɡ d̪ ɔ l
blast	b l a s t
falling	f a l i ŋ
ideas	i d e a s
messi	m e s i
micro	m i k ɾ o
mri	m ɾ i
philippe	f i l i p e
powell	p o w e l
sucks	s u k s
track	t ɾ a k
wi	w i
ওরশ	o ɾ o ʃ
গরব	ɡ ɔ ɾ o b
বজ	b ɔ d͡ʒ
বলও	b ɔ l o
boot	b u t
moto	m o t o
nazi	n a z i
oppo	o p o
soap	s o a p
taki	t a k i
ts	t e s
estas	e s t a s
meta	m e t a
ones	o n e s
احمد	i ħ m a d
ঋক	r i k
profit	p ɾ o f i t
radha	r a d a
taste	t a s t e
troops	t ɾ u p s
на	n a
অপস	ɔ p o ʃ
আটঘর	a ʈ ɡʱ ɔ ɾ
এইই	e i̯ i
এমনসব	e m o n ʃ ɔ b
কড	k ɔ ɖ
কথ	k ɔ t̪ʰ
kofi	k o f i
فى	f a
আউফ	a u̯ f
এফআর	e f a ɾ
anal	a n a l
bible	b i b l e
dos	d o s
graphics	ɡ ɾ a f i k s
kit	k i t
mini	m i n i
node	n o d e
pretty	p ɾ e t i
sus	s u s
tie	t i
uc	u k
أن	ʔ a n
অনর	ɔ n o ɾ
আইএইএ	a i̯ e i̯ e
আইএফএ	a i̯ e f e
ইউএমএল	i u̯ e m e l
এলফ	e l f
এষ	e ʃ
চটপট	t͡ʃ ɔ ʈ p ɔ ʈ
চপল	t͡ʃ ɔ p o l
ভগ	bʱ ɔ ɡ
মক	m ɔ k
মথ	m ɔ t̪ʰ
dual	d u a l
eta	e t a
lucy	l u s i
miracle	m i ɾ a k l e
salute	s a l u t e
sat	s a t
আওন	a o̯ n
খট	kʰ ɔ ʈ
মরব	m ɔ ɾ o b
able	a b l e
ira	i ɾ a
mubarak	m u b a ɾ a k
sd	e s d e
আইএসএল	a i̯ e ʃ e l
এমআর	e m a ɾ
ওএসআই	o e ʃ a i̯
গহর	ɡ ɔ h o ɾ
বজবজ	b ɔ d͡ʒ b ɔ d͡ʒ
alo	a l o
kobita	k o b i t a
pr	p e ɾ e
আরএ	a ɾ e
আরএন	a ɾ e n
ইলন	i l o n
উইজ	u̯ i d͡ʒ
ওউ	o u̯
ভগত	bʱ ɔ ɡ o t̪
সতত	ʃ ɔ t̪ o t̪
marie	m a ɾ i
আরএসএফ	a ɾ e ʃ e f
এউ	e u̯
ঢক	ɖʱ ɔ k
clips	k l i p s
korea	k o ɾ e a
mustafa	m u s t a f a
quite	k i t e
sheet	ʃ i t
topic	t ɔ p i k
আইব	a i̯ b
আওফ	a o̯ f
আরএম	a ɾ e m
দন	d̪ ɔ n
বলস	b ɔ l o ʃ
academic	a k a d e m i k
cable	k a b l e
chris	k ɾ i s
deal	d e a l
este	e s t e
ini	i n i
libya	l i b j a
matlab	m a t l a b
supply	s u p l i
tumi	t u m i
إلا	ʔ i l a
এমএন	e m e n
গহন	ɡ ɔ h o n
জম	d͡ʒ ɔ m
ভবনও	bʱ ɔ b n o
সজন	ʃ ɔ d͡ʒ o n
faq	f a k
obra	o b ɾ a
ra	r a
shape	ʃ e j p
swami	s w a m i
কলড	k ɔ l o ɖ
খব	kʰ ɔ b
দরস	d̪ ɔ ɾ o ʃ
রঙও	r ɔ ŋ o
cash	k a ʃ
celebrity	s e l e b ɾ i t i
cop	k ɔ p
dash	d a ʃ
focus	f o k u s
lin	l i n
metro	m e t ɾ o
nude	n u d e
по	p o
আহরন	a h ɾ o n
ইআইএ	i̯ a i̯ e
এরউইন	e ɾ u̯ i n
ওটস	o ʈ o ʃ
চটক	t͡ʃ ɔ ʈ ɔ k
ছন	t͡ʃʰ ɔ n
তরক	t̪ ɔ ɾ o k
দলবদল	d̪ ɔ l b ɔ d̪ o l
নচ	n ɔ t͡ʃ
নছর	n ɔ t͡ʃʰ o ɾ
বদন	b ɔ d̪ o n
ভবণ	bʱ ɔ b o n
মরম	m ɔ ɾ o m
abul	a b u l
comics	k o m i k s
gogh	ɡ o ɡ
joy	d͡ʒ o j
leste	l e s t e
অও	ɔ o̯
বহণ	b ɔ h o n
adobe	a d o b e
dracula	d ɾ a k u l a
katha	k a t a
kerala	k e ɾ a l a
kicks	k i k s
lab	l a b
madame	m a d a m e
notes	n o t e s
sit	s i t
ti	t i
uma	u m a
এইম	e i̯ m
ওশ	o ʃ
কসর	k ɔ ʃ o ɾ
জলধর	d͡ʒ ɔ l d̪ʱ ɔ ɾ
নফস	n ɔ f o ʃ
পটস	p ɔ ʈ o ʃ
বকস	b ɔ k o ʃ
ভগৎ	bʱ ɔ ɡ o t̪
ভজ	bʱ ɔ d͡ʒ
সক	ʃ ɔ k
সপ	ʃ ɔ p
anime	a n i m e
classic	k l a s i k
pos	p o s
todo	t o d o
লব	l ɔ b
arab	a ɾ a b
carolina	k a ɾ o l i n a
desktop	d e s k t ɔ p
fabric	f a b ɾ i k
liga	l i ɡ a
swat	s w a t
switch	s w i t͡ʃ
unesco	u n e s k o
জনন	d͡ʒ ɔ n o n
জলও	d͡ʒ ɔ l o
তরণ	t̪ ɔ ɾ o n
বগস	b ɔ ɡ o ʃ
লভ	l ɔ bʱ
beta	b e t a
bp	b e p e
mommy	m o m i
nut	n u t
totally	t o t a l i
unable	u n a b l e
от	o t
ওরও	o ɾ o
af	a f
poet	p o e t
উইই	u̯ i i
একশরও	e k ʃ ɔ ɾ o
এহ	e h o
গরমও	ɡ ɔ ɾ m o
জলচর	d͡ʒ ɔ l t͡ʃ ɔ ɾ
সট	ʃ ɔ ʈ
graphic	ɡ ɾ a f i k
lock	l ɔ k
maps	m a p s
null	n u l
penny	p e n i
sura	s u ɾ a
tit	t i t
toll	t o l
tweet	t w i t
الرحمن	a r r a ħ m a n
অনম	ɔ n o m
আহহ	a h o h o
ইউআই	i u̯ a i̯
ওকস	o k o ʃ
ওমন	o m o n
কলরব	k ɔ l ɾ ɔ b
মউ	m o u̯
মশক	m ɔ ʃ o k
মহর	m ɔ h o ɾ
সরগম	ʃ ɔ ɾ ɡ ɔ m
años	a ɲ o s
bc	b e s e
binary	b i n a ɾ i
capacity	k a p a s i t i
kohli	k o l i
mis	m i s
از	i z
حسن	ħ a s a n
পদকসহ	p ɔ d̪ o k ʃ ɔ h o
লড	l ɔ ɖ
abs	a b s
approach	a p ɾ o a t͡ʃ
bari	b a ɾ i
none	n o n e
pune	p u n e
saddle	s a d l e
weeks	w i k s
رسول	r a s uː l
ওজনও	o d͡ʒ n o
বইএর	b o i̯ e ɾ
বকচর	b ɔ k t͡ʃ ɔ ɾ
ববস	b ɔ b o ʃ
ভগবত	bʱ ɔ ɡ b ɔ t̪
bdt	b e d e t e
dutch	d u t͡ʃ
mystery	m i s t e ɾ i
pakistani	p a k i s t a n i
sul	s u l
truly	t ɾ u l i
আরআর	a ɾ a ɾ
হরন	h ɔ ɾ o n
bio	b i o
esta	e s t a
flip	f l i p
kid	k i d
sas	s a s
sharif	ʃ a ɾ i f
আরবও	a ɾ b o
বহল	b ɔ h o l
রলফ	r ɔ l o f
সনম	ʃ ɔ n o m
arabia	a ɾ a b i a
là	l a
sha	ʃ a
shining	ʃ i n i ŋ
swimming	s w i m i ŋ
trick	t ɾ i k
محمود	m a ħ m uː d
অধ	ɔ d̪ʱ
আকল	a k o l
আটশত	a ʈ ʃ ɔ t̪
এফএইচএম	e f e i̯ t͡ʃ e m
এমত	e m o t̪
এলএলএম	e l e l e m
ওহম	o h o m
বখশ	b ɔ kʰ o ʃ
যথন	d͡ʒ ɔ t̪ʰ o n
areas	a ɾ e a s
bibi	b i b i
dolls	d o l s
guru	ɡ u ɾ u
ibm	i b e m
pub	p u b
لله	l a l a
কহন	k ɔ h o n
চলক	t͡ʃ ɔ l o k
ic	i k
itunes	i t u n e s
khulna	k u l n a
pacific	p a s i f i k
qa	k a
কটক	k ɔ ʈ ɔ k
বরফকল	b ɔ ɾ o f k ɔ l
রমণ	r ɔ m o n
সহন	ʃ ɔ h o n
amit	a m i t
dora	d o ɾ a
ebony	e b o n i
manipuri	m a n i p u ɾ i
mega	m e ɡ a
pu	p u
sell	s e l
toy	t o j
আক	a k
নমন	n ɔ m o n
নহর	n ɔ h o ɾ
হরমন	h ɔ ɾ m o n
ebooks	e b u k s
kali	k a l i
naomi	n a o m i
penis	p e n i s
shut	ʃ u t
telling	t e l i ŋ
আইএসএম	a i̯ e ʃ e m
করদ	k ɔ ɾ o d̪
bu	b u
buck	b u k
cli	k l i
cook	k u k
dd	d e d e
telugu	t e l u ɡ u
অহম	ɔ h o m
উইকড	u̯ i k ɔ ɖ
উদম	u d̪ o m
জইশ	d͡ʒ o i̯ ʃ
বউও	b o u̯ o
assets	a s e t s
keeps	k i p s
killing	k i l i ŋ
menu	m e n u
muscles	m u s k l e s
pi	p i
এআরএম	e a ɾ e m
এইটথ	e i̯ ʈ ɔ t̪ʰ
এফআই	e f a i̯
ওযর	o d͡ʒ o ɾ
কবজ	k ɔ b o d͡ʒ
গমণ	ɡ ɔ m o n
জবরদখল	d͡ʒ ɔ b o ɾ d̪ ɔ kʰ ɔ l
রইছ	r o i̯ t͡ʃʰ
db	d e b e
float	f l o a t
fully	f u l i
manna	m a n a
mes	m e s
sec	s ɛ k
إلى	ʔ i l a
الحديث	a l ħ a d iː s
আগম	a ɡ o m
আরআইএ	a ɾ a i̯ e
উতসব	u t̪ o ʃ ɔ b
bra	b ɾ a
italy	i t a l i
og	o ɡ
progress	p ɾ o ɡ ɾ e s
tunes	t u n e s
আরএসও	a ɾ e ʃ o
তখত	t̪ ɔ kʰ ɔ t̪
হলঘর	h ɔ l ɡʱ ɔ ɾ
হস	h ɔ ʃ
christopher	k ɾ i s t o f e
nil	n i l
prepare	p ɾ e p a ɾ e
roh	r o
ان	i n
আনউইন	a n u̯ i n
ইএফএফ	i e f e f
ঘণ	ɡʱ ɔ n
থটস	t̪ʰ ɔ ʈ o ʃ
মগধ	m ɔ ɡ o d̪ʱ
apa	a p a
bag	b a ɡ
flat	f l a t
ghost	ɡ o s t
ie	i
lasso	l a s o
oracle	o ɾ a k l e
pie	p i
publish	p u b l i ʃ
shoot	ʃ u t
suit	s u i t
summary	s u m a ɾ i
todos	t o d o s
toefl	t o e f e l
uno	u n o
wifi	w i f i
zia	z i a
أحمد	ʔ a ħ m a d
আরএইচ	a ɾ e i̯ t͡ʃ
এডস	e ɖ o ʃ
এলন	e l o n
গগ	ɡ ɔ ɡ
জনও	d͡ʒ ɔ n o
ঝরল	d͡ʒʱ ɔ ɾ o l
বরজ	b ɔ ɾ o d͡ʒ
বলন	b ɔ l o n
সতর	ʃ ɔ t̪ o ɾ
সৎপথ	ʃ ɔ t̪ p ɔ t̪ʰ
eg	e ɡ
lynn	l i n
shell	ʃ e l
ship	ʃ i p
surah	s u ɾ a
unite	u n i t e
আউন	a u̯ n
নসর	n ɔ ʃ o ɾ
যহন	d͡ʒ ɔ h o n
absolute	a b s o l u t e
anna	a n a
babri	b a b ɾ i
batch	b a t͡ʃ
bi	b i
dutta	d u t a
nicole	n i k o l e
opus	o p u s
إذا	ʔ i z a
إن	ʔ i n
الملك	a l m a l a k
এনএল	e n e l
মদও	m ɔ d̪ o
মপ	m ɔ p
ability	a b i l i t i
agua	a ɡ w a
canopy	k a n o p i
tcp	t e s e p e
toh	t o
الحمد	a l ħ a m a d
এচ	e t͡ʃ
করচ	k ɔ ɾ o t͡ʃ
ahmedabad	a m e d a b a d
benefit	b e n e f i t
bs	b e ɛ s
bug	b u ɡ
clock	k l ɔ k
cpi	k e p i
eric	e ɾ i k
gap	ɡ a p
nominees	n o m i n e e s
otros	o t ɾ o s
patch	p a t͡ʃ
teknaf	t e k n a f
আইইইই	a i̯ i̯ i
ইরম	i ɾ o m
এএনএম	e e n e m
এনআইএ	e n a i̯ e
এরম	e ɾ o m
এলআর	e l a ɾ
এলএম	e l e m
ওট	o ʈ
গৎ	ɡ ɔ t̪
নড	n ɔ ɖ
পদকও	p ɔ d̪ k o
পলস	p ɔ l o ʃ
মখমল	m ɔ kʰ m ɔ l
মহ	m ɔ h o
রশ	r ɔ ʃ
রসও	r ɔ ʃ o
লকআউট	l ɔ k a u̯ ʈ
bare	b a ɾ e
bg	b e ɡ e
bhi	b i
ceremony	s e ɾ e m o n i
desh	d e ʃ
ga	ɡ a
papa	p a p a
আইওআরএ	a i̯ o̯ a ɾ e
ডসন	ɖ ɔ ʃ o n
cb	s e b e
elite	e l i t e
guinea	ɡ i n e a
lola	l o l a
mack	m a k
mama	m a m a
shock	ʃ ɔ k
suv	s u b
صلاة	sˤ a l aː h
ইএম	i e m
ইজম	i d͡ʒ o m
গদর	ɡ ɔ d̪ o ɾ
bat	b a t
leone	l e o n e
lisa	l i s a
pero	p e ɾ o
sarah	s a ɾ a
selling	s e l i ŋ
আইআইএম	a i̯ a i̯ e m
আলকরণ	a l k ɔ ɾ o n
ইম	i m
এমএসএম	e m e ʃ e m
চরক	t͡ʃ ɔ ɾ o k
চরন	t͡ʃ ɔ ɾ o n
যওক	d͡ʒ ɔ o̯ k
রঙই	r ɔ ŋ o i̯
শশধর	ʃ ɔ ʃ d̪ʱ ɔ ɾ
cap	k a p
crop	k ɾ ɔ p
deny	d e n i
gonna	ɡ o n a
potato	p o t a t o
prefix	p ɾ e f i k s
preliminary	p ɾ e l i m i n a ɾ i
shit	ʃ i t
yatra	j a t ɾ a
আবর	a b o ɾ
আহতও	a h t̪ o
উৎসই	u t̪ ʃ o i̯
এজন	e d͡ʒ o n
এফএসএ	e f e ʃ e
এমএড	e m e ɖ
এরকমও	e ɾ k ɔ m o
গরল	ɡ ɔ ɾ o l
টনক	ʈ ɔ n o k
টনটন	ʈ ɔ n ʈ ɔ n
টহলরত	ʈ ɔ h l ɔ ɾ ɔ t̪
দশঘর	d̪ ɔ ʃ ɡʱ ɔ ɾ
ধল	d̪ʱ ɔ l
পলল	p ɔ l o l
রজম	r ɔ d͡ʒ o m
লবণও	l ɔ b o n o
শরথ	ʃ ɔ ɾ o t̪ʰ
হকও	h ɔ k o
americas	a m e ɾ i k a s
bootable	b u t a b l e
florida	f l o ɾ i d a
perú	p e ɾ u
tracking	t ɾ a k i ŋ
উমম	u m o m
এইত	e i̯ t̪
ওঠল	o ʈʰ ɔ l
কলমও	k ɔ l m o
মঙ	m ɔ ŋ
মট	m ɔ ʈ
tells	t e l s
yeh	j e
আরবই	a ɾ b o i̯
ইগল	i ɡ o l
এনএইচ	e n e i̯ t͡ʃ
করর	k ɔ ɾ o ɾ
দহল	d̪ ɔ h o l
সদ	ʃ ɔ d̪
হনর	h ɔ n o ɾ
asha	a ʃ a
brics	b ɾ i k s
cp	s e p e
monetary	m o n e t a ɾ i
rats	r a t s
sara	s a ɾ a
zi	z i
شهر	ʃ a h a r
পম	p ɔ m
সহজসরল	ʃ ɔ h o d͡ʒ ʃ ɔ ɾ o l
brush	b ɾ u ʃ
enable	e n a b l e
meri	m e ɾ i
nach	n a t͡ʃ
nano	n a n o
phones	f o n e s
plug	p l u ɡ
poll	p o l
techniques	t e k n i k e s
triple	t ɾ i p l e
truck	t ɾ u k
আফম	a f o m
আহম	a h o m
ইরর	i ɾ o ɾ
এবঙ	e b o ŋ
ওআর	o̯ a ɾ
খস	kʰ ɔ ʃ
ঘরও	ɡʱ ɔ ɾ o
তৎসহ	t̪ ɔ t̪ ʃ ɔ h o
সইফ	ʃ o i̯ f
akira	a k i ɾ a
anatomy	a n a t o m i
anne	a n e
deshi	d e ʃ i
glory	ɡ l o ɾ i
iraq	i ɾ a k
mia	m i a
winning	w i n i ŋ
بعد	b a ʕ d
كل	k a l
আওর	a o̯ ɾ
আচমত	a t͡ʃ m ɔ t̪
আজরফ	a d͡ʒ ɾ ɔ f
ইউএমএনও	i u̯ e m e n o
এলম	e l o m
ওগ	o ɡ
axis	a k s i s
belly	b e l i
cw	k u
enemy	e n e m i
guidelines	ɡ i d e l i n e s
ici	i s i
kota	k o t a
seek	s i k
takashi	t a k a ʃ i
এফএস	e f e ʃ
খক	kʰ ɔ k
তন	t̪ ɔ n
নগ	n ɔ ɡ
মড	m ɔ ɖ
সফ	ʃ ɔ f
codes	k o d e s
lap	l a p
matrix	m a t ɾ i k s
shake	ʃ e j k
رمضان	r a m dˤ aː n
আইর	a i̯ ɾ
আলবৎ	a l b ɔ t̪
এরপরপরই	e ɾ p ɔ ɾ p ɔ ɾ o i̯
করতল	k ɔ ɾ t̪ ɔ l
রকমও	r ɔ k m o
লগন	l ɔ ɡ o n
bis	b i s
emi	e m i
madani	m a d a n i
moni	m o n i
naruto	n a ɾ u t o
paddy	p a d i
sb	e s b e
semi	s e m i
webrip	w e b ɾ i p
woh	w o
উচ	u t͡ʃ
এএনএন	e e n e n
এফএফ	e f e f
বহ	b ɔ h o
মমস	m ɔ m o ʃ
arif	a ɾ i f
blo	b l o
brac	b ɾ a k
cf	s e ɛ f
cri	k ɾ i
dap	d a p
despite	d e s p i t e
epub	e p u b
fix	f i k s
ill	i l
khela	k e l a
lotus	l o t u s
mina	m i n a
pack	p a k
paragraph	p a ɾ a ɡ ɾ a f
på	p o
sera	s e ɾ a
tab	t a b
td	t e d e
اردو	i r d u
অহর	ɔ h o ɾ
আইএল	a i̯ e l
আচল	a t͡ʃ o l
আনআম	a n a m
এআইএফএফ	e a i̯ e f e f
এনআই	e n a i̯
ওএমআর	o e m a ɾ
কলপ	k ɔ l o p
কলব	k ɔ l o b
ঘনক	ɡʱ ɔ n o k
ঝন	d͡ʒʱ ɔ n
দফতরও	d̪ ɔ f t̪ ɔ ɾ o
নজম	n ɔ d͡ʒ o m
নফ	n ɔ f
ফলনও	f ɔ l n o
যঈফ	d͡ʒ o i̯ f
সওম	ʃ ɔ o̯ m
সরম	ʃ ɔ ɾ o m
সলমন	ʃ ɔ l m o n
alla	a l a
caste	k a s t e
ea	e a
fa	f a
ku	k u
meal	m e a l
nadu	n a d u
pak	p a k
patrick	p a t ɾ i k
এআইআর	e a i̯ a ɾ
চকমক	t͡ʃ ɔ k m ɔ k
ডলস	ɖ ɔ l o ʃ
নরটন	n ɔ ɾ ʈ ɔ n
bolo	b o l o
crusade	k ɾ u z a d e
filling	f i l i ŋ
kara	k a ɾ a
legacy	l e ɡ a s i
pluto	p l u t o
wing	w i ŋ
আইএনএফ	a i̯ e n e f
আইএমএ	a i̯ e m e
আউর	a u̯ ɾ
আহন	a h o n
ঈন	i n
ঝক	d͡ʒʱ ɔ k
acts	a k t s
amy	a m i
bt	b e t e
bulb	b u l b
grab	ɡ ɾ a b
leo	l e o
mh	m
pri	p ɾ i
أهل	ʔ a h a l
আবল	a b o l
এনআর	e n a ɾ
এনএসএফ	e n e ʃ e f
এমকম	e m k o m
ওউন	o u̯ n
জড	d͡ʒ ɔ ɖ
পরক	p ɔ ɾ o k
ভল	bʱ ɔ l
সনত	ʃ ɔ n o t̪
হতই	h ɔ t̪ o i̯
হবই	h ɔ b o i̯
adb	a d e b e
assist	a s i s t
bbq	b e b e k e
costa	k o s t a
ix	i k s
leg	l e ɡ
puri	p u ɾ i
separate	s e p a ɾ a t e
sheets	ʃ i t s
sunnah	s u n a
tales	t a l e s
waist	w a i s t
আইএসএফ	a i̯ e ʃ e f
আমই	a m o i̯
উইট	u̯ i ʈ
উৎকল	u t̪ k ɔ l
এমওই	e m o i̯
ডহর	ɖ ɔ h o ɾ
সরফ	ʃ ɔ ɾ o f
dell	d e l
iit	i i t
sari	s a ɾ i
এফআইএ	e f a i̯ e
এলএফ	e l e f
ওড	o ɖ
সহজও	ʃ ɔ h d͡ʒ o
bb	b e b e
cab	k a b
crack	k ɾ a k
creates	k ɾ e a t e s
dp	d e p e
drag	d ɾ a ɡ
frac	f ɾ a k
ide	i d e
natasha	n a t a ʃ a
patrika	p a t ɾ i k a
qazi	k a z i
qc	k e s e
quiz	k i s
seeking	s i k i ŋ
sie	s i
suzuki	s u z u k i
swing	s w i ŋ
tennis	t e n i s
tp	t e p e
tra	t ɾ a
مقالة	m a q aː l a
অথ	ɔ t̪ʰ
আইএলওর	a i̯ e l o ɾ
আছমত	a t͡ʃʰ m ɔ t̪
ইডকল	i ɖ k ɔ l
ইনস	i n o ʃ
উইড	u̯ i ɖ
উইদ	u̯ i d̪
উলদ	u l o d̪
এআরআই	e a ɾ a i̯
কবরও	k ɔ b ɾ o
গঠণ	ɡ ɔ ʈʰ o n
ঘটন	ɡʱ ɔ ʈ o n
ছম	t͡ʃʰ ɔ m
ডকস	ɖ ɔ k o ʃ
তবক	t̪ ɔ b o k
থন	t̪ʰ ɔ n
দলমত	d̪ ɔ l m ɔ t̪
নথ	n ɔ t̪ʰ
নফর	n ɔ f o ɾ
পশ	p ɔ ʃ
ফকর	f ɔ k o ɾ
বৎসল	b ɔ t̪ ʃ ɔ l
যর	d͡ʒ ɔ ɾ
রইজ	r o i̯ d͡ʒ
রর	r ɔ ɾ
সইব	ʃ o i̯ b
সফরই	ʃ ɔ f ɾ o i̯
সহর	ʃ ɔ h o ɾ
হরগজ	h ɔ ɾ ɡ ɔ d͡ʒ
epic	e p i k
erik	e ɾ i k
mae	m e
nis	n i s
passes	p a s e s
seal	s e a l
sheba	ʃ e b a
teri	t e ɾ i
tops	t ɔ p s
صحيح	sˤ a ħ iː ħ
উও	u̯ o
এনএফএফ	e n e f e f
গলন	ɡ ɔ l o n
হউ	h o u̯
atp	a t e p e
gary	ɡ a ɾ i
leaf	l e a f
país	p a i s
sweep	s w i p
tabari	t a b a ɾ i
আজর	a d͡ʒ o ɾ
উমমম	u m m ɔ m
খনক	kʰ ɔ n o k
ডলফ	ɖ ɔ l o f
danny	d a n i
maya	m a j a
nah	n a
uni	u n i
বমন	b ɔ m o n
রট	r ɔ ʈ
acm	a k m
ani	a n i
ayub	a j u b
daddy	d a d i
defined	d e f i n e d
peru	p e ɾ u
philip	f i l i p
poets	p o e t s
polytechnic	p o l i t ɛ k n i k
samay	s a m a j
swiss	s w i s
telephone	t e l e f o n e
ullah	u l a
со	s o
এআরএ	e a ɾ e
