'cha	t͡ʃ aː
'cham	t͡ʃ a m
'chas	t͡ʃ a z
'chote	t͡ʃ ɔː t
'chull	t͡ʃ ʊ l
'ngish	ŋ ɡ ɪ ʃ
'ote	ɔː t
'twas	t w a z
'twode	t w oː d
aagar	aː ɡ ə r
aager	aː x ə r
aake	aː k
aalhouse	aː l h uː s
aam	a m
aamzil	aː m z ɪ l
aany	a n iː
aar	a r
aar's	aː r z
aare	aː r
abeit	a b iː t
ableentoun	a b l iː n t uː n
aboo	ə b uː
abut	ə b uː t ə n
acte	a k t
adee	aː d iː
adh	a d
aferdth	ə f e̞ r d
after	a f t̪ ə r
agone	ə ɡ ɔː n
agree	ə ɡ r iː
agyne	ə ɡ a i̯ n
agyther	ə ɡ ɪ ð ə r
aim	eː m
alane	ə l aː n
alike	ə l iː k
almostly	a l m ɔː s t l iː
aloghe	ə l ɔː x
alomes	a l ə m z
amach	a m ə k
amain	aː m eː n
amaluck	ɑ m l ə k
amang	m a ŋ
amaroon	a m ə r uː n
ameal	ə m ɛː l
ameing	aː m ɪ ŋ
ameve	ə m iː v
amhyne	ə m a i̯ n
amize	ə m a i̯ z
an	a n
anaate	ə n aː t
angerth	a ŋ ɡ ə r t̪
angish	a ŋ ɡ ɪ ʃ
anoor	ə n uː r
anooree	ə n oː r iː
ap	a p
apan	a p a n
ar	a r
aracaun	eː r ə k ɑ n
arent	ə r ɛ n t
arich	a r ɪ t͡ʃ
arkagh	a r k ə x
armeen	a r m iː n
arnaauneen	a r n ɑː n iː n
arraugh	a r ɔː
arri	a r iː
arrm	a r m
arum	ə r ʊ m
ashen	a ʃ ə n
aslepe	ə s l iː p
astarte	ə s t a r t
at	a t
atheen	aː t̪ iː n
attercop	a t ə r k ɔ p
aught	aː x t
aul	a l
aulaveer	ɑː l ə v ɛː r
avancet	ə v a n s t
avar	a v a r
aveel	ə v iː l
awye	ə w a i̯
aye	eː
ayenst	ə j ɛ n s t
ayght	eː x t
ayghteen	eː x t iː n
ayth	eː t̪
az	a z
ba	b
baailey	b a i̯ l iː
baak	b a r k
baake	b aː k
baakhooses	b aː k uː z ə z
baakooze	b aː k uː z
baakoozee	b aː k uː z iː
baalee	b aː l iː
baam	b aː m
baar	b aː r
baaree	b aː r iː
baarees	b aː r iː z
baarich	b a r l ɪ t͡ʃ
baashes	b aː ʃ z
baaze	b aː z
baig	b a ɡ
bailes	b eː l
bak	b a k
balbeedhel	b a l b iː d̪ ə l
balke	b a l k
ball	b a l
ballcoot	b aː l k uː t
ballykillaan	b a l iː k ɪ l aː n
ballymore	b a l iː m oː r
balyourin	b a l j ə ʊ r n
bandēle	b a n d ɛː l
bane	b aː n
bargee	b a r d͡ʒ iː
barnaugh	b a r n ɔː
baronie	b a r ʊ n iː
barrm	b a r m
barrn	b a r n
barrough	b a r ə ʊ
barse	b a r s
baskaate	b a s k aː t
baskeat	b a s k ɛː t
bater	b a t ə r
bath	b a t
bathès	b a t̪ s
baulkès	b ɑ l k s
baun	b ɑː n
baush	b a ʃ
bawen	b ɑː n
bawkoon	b aː k uː n
bawshuk	b ɑː ʃ ə k
beanès	b aː n z
bearde	b ɛ r d
bearlough	b a r l ʊ x
beast	b aː s t
beasthès	b ɛː s t̪ s
bebber	b ɛ b ə r
bebbereens	b ɛ b ə r iː n z
bederup	b iː d r ʊ p
bedreede	b ɛ d r iː d
bee	b iː
beedher	b iː d̪ ə r
beeley	b iː l iː
been	b iː n
beeth	b iː θ
begaan	b ə ɡ aː n
beleave	b ə l ɛː v
bellee	b ɛ l iː
belooze	b ɛ l uː z
benagh	b ɛ n ə x
benisons	b ɛ n ɪ z ə n z
bennoate	b ɛ n ɔː t
ber	b aː r
besidh	b ə s ɪ d̪
besithes	b ə s ɪ t̪ s
besmorth	b ə s m ɔ r t̪
besom	b iː s ə m
beteede	b ə t iː d
bethther	b ɛ t̪ ə r
betweesk	b iː t iː ʃ
bhlock	b l aː k
bibbern	b ɪ b ə r n
bidaades	b ɪ d aː d z
bidge	b ɪ d͡ʒ
big	b ɪ ɡ
bile	b iː l
biletha	b iː l t ə
bilethe	b iː l t̪
billeen	b ɪ l iː n
bin	b ɪ n
bla	b l aː
blah	b l aː
blauke	b l aː k
blaukeen	b l aː k iː n
blautheer	b l ɑ ð ə r
blayeen	b l aː iː n
blaze	b l aː z
blenty	b l ɛ n t iː
bless	b l ɛ s
blessed	b l ɛ s t
blin	b l ɪ n
blooed	b l uː d
blooeden	b l uː d ə n
bloomere	b l uː m ə r
blowe	b l ə ʊ
blue	b l uː
boagher	b a r x ə r
boar	b ɔː r
bogey	b oː ɡ iː
bolach	b oː l ə x
boldoon	b a l d uː n
bolsker	b ɑ l s k ə r
boney	b ɔ n iː
booleyin	b uː l iː ə n
boor	b uː r
booraan	b uː r aː n
boouchel	b uː x ə l
boouchelawn	b uː x ə l ɑː n
borde	b ɔ r d
boreen	b oː r iː n
bothom	b ɔ t ə m
bouchure	b ʊ t͡ʃ uː r
bougkt	b ə ʊ k t
boust	b uː s t
bow	b ə ʊ
bowley	b ə ʊ l iː
bra	b r aː
brail	b r eː l
brailès	b r eː l z
bran	b r a n
brandeyrons	b r a n d eː r ə n z
brazon	b r aː z ə n
breal	b r iː l
breed	b r ɛː d
breede	b r iː d
breedegroom	b r iː d ɡ r uː m
brekvast	b r e̞ s f ə s t
brides	b r iː d z
brimel	b r ɪ m ə l
brimelès	b r ɪ m ə l z
brine	b r iː n
bringawn	b r ɪ ŋ ɒː n
bris	b r ɪ s
broan	b r oː n
brocke	b r ɔ k
brode	b r ɔː d
brogeen	b r oː ɡ ɛː n
brogue	b r oː ɡ
brough	b r aː k
broune	b r uː n
brover	b r oː v ə r
bryne	b r a i̯ n
buch	b ʊ k
buckate	b ʊ k aː t
buckaun	b ə k ɑː n
buckeen	b ʊ k iː n
budheree	b ʊ d̪ ə r iː
buee	b w iː
bugaaune	b ʊ ɡ ɑː n
buggoun	b ʊ ɡ uː n
buke	b uː k
bulcod	b ʊ l k ɑ d
bungyawn	b ə n j ɑː n
bunk	b ʊ ŋ k
bunyane	b ə n j aː n
buoyren	b uː r ə n
burdès	b ʊ r d z
burge	b ʊ r d͡ʒ
burstheoune	b ʊ r z t̪ ə ʊ n
bushe	b uː ʃ
busheare	b uː ʃ ɛː r
busheen	b uː ʃ iː n
busk	b o s k
buskins	b ʊ s k ə n z
buskès	b ʊ s k s
buthee	b ɔ d iː
butheree	b ʊ t̪ ə r iː
buthther	b ʊ t̪ ə r
buththone	b ʊ t̪ oː n
butleare	b ʊ t l ɛː r
butts	b o t s
bye	b a i̯
bys	b a i̯ z
caake	k aː k
caam	k aː m
caame	k a m
caars	k aː r z
cafflin	k a f l ə n
calamour	k a l ə m ə ʊ r
callef	k a l ə f
cambaute	k a m b ɑː t
canna	k a n ə
capote	k a p ɔː t
car	k a r
cardife	k a r d iː f
cargun	k a r ɡ ə n
carlins	k a r l ə n z
carolès	k a r oː l z
carrick	k a r ɪ k
carroul	k a r uː l
casteale	k a s t ɛː l
caubaun	k ɑː b ɑː n
caule	k ɔː l
caulthe	k ɑ l t̪
caulès	k ɔː l z
caure	k aː r
caushe	k ɑː ʃ
caut	k aː t
cawlee	k ɑː l iː
cazed	k aː z d
chaamer	t͡ʃ aː m ə r
chapaal	t͡ʃ a p aː l
chappy	t͡ʃ a p iː
chemis	d͡ʒ ɛ m z
chi	t͡ʃ a i̯
chick	t͡ʃ ɪ k
chickès	t͡ʃ ɪ k s
chiese	t͡ʃ iː v ə r z
chisool	t͡ʃ ɪ z ɔː l
chivie	t͡ʃ ɪ v iː
chood	t͡ʃ uː d
choule	t͡ʃ ə ʊ l
choulès	t͡ʃ ə ʊ l z
chourch	t͡ʃ uː r t͡ʃ
choure	t͡ʃ uː r
chourle	t͡ʃ uː r l
chugh	t͡ʃ ʊ x
chyre	t͡ʃ a i̯ r
chyrès	t͡ʃ a i̯ r z
claam	k l aː m
claamogue	k l aː m oː ɡ
clappu	k l a p t
clepe	k l iː p
cley	k l eː
clouk	k l uː k
clugercheen	k l uː x ə r k iː n
co	k w ɔː
coale	k ɔː l
coardhed	k ɔː r d̪ ə d
cobbler	k ɑ b l ə r
cockes	k ɔ k s
colfere	k ɔ l f ɛː r
colpaun	k o l p ɑː n
coltshogue	k a l t ʃ oː ɡ
colyock	k ɑ l j ə k
comfoort	k ʊ m f ɔː r t
commanès	k ɔ m aː n z
commaun	k ɔ m aː n
comree	k ʊ m r iː
condale	k a n d aː l
contented	k ɔ n t ɛ n t ə d
contrishelagh	k ɔ n t r a i̯ ʃ l ə x
cooan	k ɔ n
cooanès	k ɔː n z
cooat	k ɔː t
cool	k uː l
coolaan	k uː l aː n
coolecannan	k ɔː l k a n ə n
cooloor	k ɔ l uː r
cooloors	k ɔː l uː r z
coome	k uː m
coopen	k uː p ə n
coorn	k uː r n
copprouse	k ɔ p r uː s
core	k ɔː r
corkluck	k ɑ r k l ə k
corlag	k o r l a ɡ
cornee	k ɔ r n iː
correate	k ɔ r ɛː t
correatès	k ɔ r ɛː t s
coshes	k ɔ ʃ
coshur	k oː ʃ ə r
cou	k uː
courmach	k uː r m ə x
cournug	k uː r n ʊ ɡ
cousane	k uː s aː n
cowdealeen	k uː d iː l iː n
cowl	k ə ʊ l
cowlee	k uː l iː
cowm	k a i̯ m
cozeen	k ʊ z iː n
cozeens	k ʊ z iː n z
craggès	k r a ɡ z
crahail	k r a h eː l
crake	k r eː k
crame	k r eː m
crap	k r a p
crappès	k r a p s
craueen	k r ɑː iː n
craueet	k r ɑː ɛː t
crave	k r aː v
crawker	k r ɑː k ə r
crawkin	k r ɑː k ə n
creff	k r e̞ f
cress	k r ɛ s
cresst	k r ɛ s t
crewst	k r uː s t
crib	k r ɪ b
crie	k r iː
crockès	k r ɔ k s
crookeen	k r uː k iː n
croowe	k r uː
croue	k r ə ʊ
cry't	k r iː t
cub	k ʊ b
cuck	k ʊ k
cudde	k ɔ d
cuggerin	k o ɡ ə r n
cugley	k ɔː ɡ l iː
cullin	k ʊ l iː n
cullpaak	k uː l p ɛː k
curcagh	k ʊ r k ə x
curk	k o r k t
curkan	k ʊ r k ə n
curkite	k ʊ r k a i̯ t
curneale	k ʊ r n ɛː l
currachy	k ʊ r ə x iː
cursed	k ʊ r s t
curtape	k o r t eː p
curthere	k ɔ r t ɛː r
cusseraane	k o s ə r ɑː n
cuzzeen	k ʊ z iː n
daaily	d a i̯ l iː
dab	d a b
dais	d a i̯ z
dan	d a n
danceen	d a n s iː n
dansth	d a n s t̪
dap	d a p
dauneen	d aː n iː n
dear	d iː r
dearmoth	d iː r m ə t̪
dearnt	d ɛ r n t
dee	d iː
deed	d ɛː d
deemes	d iː m z
deen	d ɛː n
deenees	d ɛː n iː s
deeth	d iː t̪
deeule	d uː l
deevil	d iː l
deight	d iː x t
del	d ɛ l
deligkt	d ə l ɪ k t
delleen	d ɛ l iː n
dellt	d ɛ l t
deoune	d ə ʊ n
dereling	d iː r l ɪ ŋ
derouze	d ɛ r uː z
detch	d ɛ t͡ʃ
dezeen	d ɛ z ɛː n
dhen	d̪ ɛ n
dher	d̪ ɛ r
dhernapès	d̪ ɛ r n aː p s
dhew	d̪ j uː
dhicka	d ɪ k ə
dhicke	d ɪ k
dhing	d̪ ɪ ŋ
dhirtee	d̪ ɪ r t iː
dhoaugh	d ɔː x
dhonal	d ʊ n ə l
dhourk	d ʊ r k
dhraat	d̪ r aː t
dhrashel	d̪ r a ʃ l ə n
dhree	d r iː
dhreeve	d r iː v
dhreise	d̪ r iː s
dhrent	d̪ r ɛ n t
dhresheare	d̪ r ɛ ʃ ɛː r
dhrivès	d̪ r ɪ v z
dhrool	d̪ r uː l
dhunder	d ʊ n d ə r
dhurteen	d̪ ʊ r t iː n
dhurth	d̪ ʊ r t̪
did	d ɪ d
didn'st	d ɪ d n s t
die	d a i̯
dieeght	d iː x t
dig	d ɪ ɡ
digger	d ɪ ɡ ə r
dight	d ɪ x t
dineare	d ɛ n ɛː r
dinna	d ɪ n ə
discorn	d ɪ s k ɑː r n
dishe	d iː ʃ
disheen	d iː ʃ iː n
displayte	d ɪ s p l eː t
doff	d a f
doft	d a f t
dogamaconey	d ɑ ɡ ə m ə k oː n iː
dole	d aː l
don	d ɔ n
doone	d uː n
dosth	d oː s t̪
doughtere	d ɑː t ɛː r
dra	d r aː
draught	d r a f t
drawer	d r ɑː r
drazed	d̪ r eː z d
dreade	d r ɛː d
drigeen	d̪ r ɪ ɡ iː n
driggle	d̪ r ɪ ɡ ə l
drine	d r iː n
drink	d r ɪ ŋ k
droog	d̪ r uː ɡ j
drostal	d r ɔ s t ə l
drowe	d r ɑː
drue	d r uː
drummaun	d r ə m ɑː n
drush	d r ɪ ʃ
dug	d ʊ ɡ
dugadile	d o ɡ ə d ə i̯ l
dugged	d ʊ ɡ ə d
duggès	d ʊ ɡ z
dull	d o l
dullamoo	d o l ə m uː
dullate	d uː l eː t
durst	d ʊ r s t
duucks	d uː k s
dwanty	d w a n t iː
dwellerès	d w ɛ l ɛː r z
dwyth	d w ɪ t̪
dwythen	d w ɪ t̪ ə n
dwytheth	d w ɪ t̪ ə t̪
e'en	ɛː n
eale	ɛː l
eales	ɛː l z
ear	ɛː r
earch	ɛ r t͡ʃ
earchee	ɛ r t͡ʃ iː
earle	ɛː r l
earnough	ɛ r n ə ʊ
east	ɛː s t
eatheet	ɛː t̪ iː t
eave	ɛː v
edweard	ɛ d w ɛ r d
eeeloan	iː l ɔː n
eeerish	iː r ɪ ʃ
een	ɛː n
eenew	iː n uː
eeren	iː r ə n
eeth	iː f
eft	ɛ f t
egast	ə ɡ a s t
egasted	ə ɡ a s t ə d
egges	ɛ ɡ z
eighthest	eː x t̪ ɛ s t
elf	ɛ l f
ellena	ɛ l ə n ə
elles	ɛ l ə s
elvès	ɛ l v z
emothee	ɛ m ɔ t iː
emothes	ɛ m ɔ t̪ s
endeen	ɛ n d iː n
engelhoan	ɛ n ɡ l ɔː n
enneese	ɛ n iː s
enteete	ɛ n t iː t
erelhoan	iː r l ɔː n
erroane	ɛ r ɔː n
erth	œ r d
ess	ɛ s
ete	eː t s
ewer	j uː r
excellencie	ɛ k s ɛ l ɛ n s iː
eyrons	eː r ə n z
eysthe	eː s t̪
eyver	eː v ə r
faace	f aː s
faade	f a d
faads	f aː d z
faaighe	f a i̯
faayth	f a i̯ θ
factes	f a k t s
fad	f a d
fadere	f a d ɛː r
fagoghes	f a ɡ ɔ ɡ z
falloo	f a l uː
falsakeen	f a l s ə k iː n
fan	f a n
fane	f aː n
faney	f aː n iː
fardeen	f a r d iː n
fardele	f a r d ɛː l
fardy	f a r d iː
fare	f aː r
farnogue	f a r n oː ɡ
farragh	f a r ə x
farthoo	f a r t uː
fasagh	f aː s ə x
fash	f a ʃ
fashoon	f a ʃ uː n
fatherlie	f a ð ə r l iː
faulsa	f ɑ l s ə
feand	f ɛː n d
fearde	f ɛ r d
fearse	f iː r s
feight	f a i̯ x t
felt	f ɛ l t
ferde	f ɛ r d
feyer	f eː r
fho	f oː
fhyne	f iː n
fidi	f ɪ d a i̯
flaadhokes	f l aː d̪ ə k s
flaase	f l aː s
fleen	f l ɛː n
fletch	f l ɛ t͡ʃ
fong	f ɔ ŋ
fooster	f uː s t̪ ə r
forlorn	f ɔ r l ɔ r n
forthe	f ɔ r t̪
fose	f oː s
foughlaan	f uː x l aː n
fousthen	f uː s t iː n
fout	f ə ʊ t
fowe	f uː
fowlès	f uː l z
foyle	f ɔ i̯ l
frampled	f r a m p l d
frampès	f r a m p s
freightened	f r iː x t ə n d
frends	f r ɛ n d z
frump	f r ʊ m p
fug	f ʊ ɡ
fungerlagh	f ʊ ŋ ɡ ə r l ə x
furloan	f ʊ r l ɔː n
furlong	f ʊ r l ɔ ŋ
furzey	f ʊ r z iː
gaame	ɡ aː m
gaast	ɡ aː s t
gaaute	j ɛː t
gaaye	ɡ a i̯
gabard	ɡ a b ə r d
gabble	ɡ a b l
gae	ɡ aː
gaffort	ɡ a f ɔ r t
gagee	ɡ aː d͡ʒ ɛː
galore	ɡ ə l oː r
galshied	ɡ ə l ʃ a i̯ d
gandelt	ɡ a n d ə l t
gannt	ɡ a n t
garbe	ɡ a r b
garde	ɡ a r d
garr	ɡ a r
garraane	ɡ ə r aː n
gaubbach	ɡ ɔː b a t͡ʃ
gaudés	ɡ ɑː d iː s
gauntletès	ɡ ɑː n t l ɛː t s
gawg	ɡ ɑː ɡ
gawpseed	ɡ ɑː p s iː d
gazb	ɡ a z b
gazt	ɡ aː z t
gearded	ɡ ɛː r d ɛ d
gee	ɡ iː
geearth	ɡ ɛː r t
geearthès	ɡ ɛː r t̪ s
geerogue	ɡ iː r oː ɡ
gees	ɡ iː z
geeth	ɡ ɛː t̪
geffardth	ɡ ɛ f a r t̪
geinere	d͡ʒ iː n ɑː r
geint	d͡ʒ iː n t
gendrize	d͡ʒ ɛ n d r iː z
generale	d͡ʒ ɛ n ə r aː l
gentleman	d͡ʒ ɛ n t l m a n
get	ɡ ɛ t
ghemboles	ɡ ɛ m b oː l z
ghou	ɡ uː
ghurteare	ɡ ʊ r t ɛː r
gidhaan	ɡ ɪ d̪ aː n
gien	ɡ ɪ ə n
giftes	ɡ ɪ f t s
gimlie	d͡ʒ ɪ m l a i̯
gin	ɡ ɪ n
gist	d͡ʒ i s t
glaade	ɡ l aː d
gladès	ɡ l aː d z
glaude	ɡ l ɑː d
glawmzeen	ɡ l ɑː m s ə n
gleezom	ɡ l iː z ə m
glies	ɡ l iː z
gnafeen	ɡ n a f iː n
goan	ɡ ɔː n
goath	ɡ ɔː t̪
godth	ɡ ɔ t
goe	ɡ uː
goeth	ɡ ɔː t̪
gom	ɡ ɔ m
gome	ɡ ɔː m
gooude	ɡ eː d
gooudee	ɡ uː d iː
gooun	ɡ uː n
goounees	ɡ uː n ɛ s
gorr	ɡ ɔ r
gorseejack	ɡ ɑ r s iː d z a k
gorson	ɡ a r s ə n
goss	ɡ ɔ s
gossoupe	ɡ ɔ s uː p
gosther	ɡ a s t̪ ə r
gother	ɡ ɔ ð ə r
goul	ɡ uː l
goveremente	ɡ ʊ v ɛ r ə m ɛ n t
governere	ɡ ʊ v ə r n ɛː r
gows	ɡ uː z
gozleen	ɡ ɔ z l iː n
gozp	ɡ ɔ s p
graabache	ɡ r aː b ə t͡ʃ
graacuse	ɡ r aː s j uː s
graat	ɡ r aː t
gradjens	ɡ r a d͡ʒ e̞ n s
gradès	ɡ r aː d z
granogue	ɡ r aː n oː ɡ
grassnaythe	ɡ r a s n eː t̪
grate	ɡ r aː t
greash	ɡ r aː s
greatly	ɡ r ɛː t l iː
greeleen	ɡ r ɛː l iː n
green	ɡ r iː n
greeshin	ɡ r iː ʃ ə n
greezee	ɡ r a i̯ z iː
grenge	ɡ r ɛ n d͡ʒ
greoune	ɡ r ə ʊ n
greve	ɡ r ɛː v
grieefeth	ɡ r iː f t
grieend	ɡ r iː n d
grig	ɡ r ɪ ɡ
gring	ɡ r ɪ ŋ
grinnygoreek	ɡ r ɪ n iː ɡ oː r iː k
grip	ɡ r ɪ p
gripès	ɡ r ɪ p s
grue	ɡ r j uː
grummock	ɡ r o m ə k
gruts	ɡ r ʊ t s
gry	ɡ r a i̯
gryne	ɡ r a i̯ n
grynedaane	ɡ r iː d aː n
grynès	ɡ r a i̯ n z
gubbages	ɡ ʊ b a d͡ʒ z
gud	ɡ ɔ d
gudeváre	ɡ uː d v aː r
gurl	ɡ o r l
gurlish	ɡ ʊ r l ɪ ʃ
gurlès	ɡ o r l z
gurragaun	ɡ o r ə ɡ ɑː n
gurry	ɡ o r iː
gurt	ɡ r ʊ t
gurth	ɡ ʊ r t̪
gurthes	ɡ ʊ r t̪ s
ha	h aː
haach	h aː t͡ʃ
haail	h a i̯ l
haapney	h aː p n iː
haar	h aː r
haay	h a i̯
hachee	h aː t͡ʃ iː
haddokès	h a d ə k s
hades	h aː d z
hadh	a d
haeve	h eː v
haghed	h a ɡ d
halleef	h a l ə f
halpish	h a l p ɪ ʃ
ham	h a m
hamaron	h a m ə r ə n
hamas	h aː m ə z
hamsraw	h a m z r ɔː
hang	h a ŋ
hap	h a p
happie	h a p iː
hard	h a r d
hardhel	h a r d̪ ə l
hardishe	h a r d iː ʃ
hark	h a r k
harnothes	h a r n ʊ t̪ s
harpeare	h a r p ɛː r
harpleat	h a r p l ɛː t
harr	h a r
harrm	h a r m
harroue	h a r ə ʊ
hatcheat	h a t͡ʃ ɛː t
haul	h ɑː l
haulyare	h ɑː l j eː r
hawlse	h ɑ l s
hea	h eː
hea'de	h iː d
hea's	h iː z
heaaven	h œː v ə n
heade	h aː d
heale	h ɛː l
hearesth	h a r ɛ s t
hearth	h a r t
hearthilee	h a r t ɪ l iː
heech	h iː t͡ʃ
heed	h iː d
heel	h iː l
heep	h ɛː p
heereen	h iː r iː n
heeve	h iː v
heifteen	h i f t iː n
heigh	h iː
heighed	h iː x t
hel	h ɛ l
helbough	h ɛ l b oː x
hele	h iː l
helle	h ɛ l
help	h ɛ l p
helt	h ɛ l t
hempeen	h ɛ m p iː n
hemust	h iː m ɔː s t
hen	h ɛ n
hend	h ɛ n d
henee	h ɛ n iː
henteen	h ɛ n t iː n
henès	h ɛ n z
heouse	h uː z
her	h ɛ r
here	h aː r
hereen	h ɛ r iː n
hereenès	h ɛ r iː n z
hert	h ɛ r t
heste	h ɛ s t
het	h ɛ t
heve	h ɛ v
hey	h a i̯
hi	h
hiereen	h iː r iː n
hime	h a i̯ m
himzil	h ɪ m z ɪ l
hindreth	h ɪ n d r ɛ t̪
hint	h ɪ n t
hip	h ɪ p
his	h eː z
hist	f ɛ s t
histfullès	h ɪ s t f ʊ l z
hiver	h a i̯ v ə r
ho	h ɔː
hoane	h ɔː n
hoanès	h ɔː n z
hoat	h ɔː t
hock	h ɑ k
hog	h ɔ ɡ
hol	h ʊ l
hole	h ɔː l
holeyaun	h oː l j ɑː n
holghe	h ɔ l ɡ aː v
holly	h ɔ l iː
hollydie	h ɔ l iː d a i̯
hoorn	h ɔː r n
hoornta	h uː r n t ə
hopes	h ɔː p s
hore	h ɔː r
horsloan	h ɔ r z l ɔː n
houghany	h uː x ə n iː
houle	h ə ʊ l
howe	h ə ʊ
huck	h ʊ k
huddle	h ʊ d ə l
hullès	h ʊ l z
hulmogee	h ʊ l m ɔː x iː
hungherth	h ʊ ŋ ɡ ə r t̪
hungree	h ʊ ŋ ɡ r iː
hushlin	h o ʃ l ə n
hye	h a i̯
hyle	h a i̯ l
ich	ɪ t͡ʃ
iee	iː
ieen	eː n
ill	ɪ l
ing	iː
ingsaury	ɪ ŋ s ɔː r iː
iree	a i̯ r iː
irishmen	iː r ɪ ʃ m ɛ n
is	ɛ z
ishe	a i̯ ʃ
it	ɪ t
it's	ɪ t s
itzel	ɪ t z ɛ l
ivery	ɛ r ɪ t͡ʃ
jaames	d͡ʒ aː m z
jaane	d͡ʒ aː n
jameen	d͡ʒ a m iː n
jauaan	d͡ʒ uː aː n
jennate	d͡ʒ ɛ n aː t
jid	d͡ʒ ɪ d
jigges	d͡ʒ ɪ ɡ z
jinnymog	d͡ʒ ɪ n iː m ɑ ɡ
jock	d͡ʒ ɔ k
jockeen	d͡ʒ a k iː n
joee	d͡ʒ ɔ iː
joees	d͡ʒ ɔ iː z
jone	d͡ʒ ɔː n
jooudge	d͡ʒ uː d͡ʒ
josef	d͡ʒ ɔː z ɛ f
joude	d͡ʒ ɑː d
kaase	k aː s
kaayle	k a i̯ l
kakeen	k aː k iː n
kappas	k a p ə s
kaudès	k ɑ d z
kealeen	k iː l iː n
kearnt	k ɛ r n t
keech	k iː t͡ʃ
keeine	k eː n
keeler	k iː l ə r
keen	k iː n
keep	k iː p
keeves	k iː v z
keillet	k eː l t
keillès	k eː l s
ken	k ɛ n
keough	k ə ʊ x
keow	k ə ʊ
kerchure	k ɛ r t͡ʃ uː r
kerwaane	k iː r w aː n
kesse	k ɛ s
kewe	k uː
khimed	k a i̯ m d
khuingoke	k w ɪ ŋ oː k
khuingokee	k w ɪ ŋ oː k iː
khulears	k ʊ l ɛː r z
kie	k a i̯
kilmannan	k ɪ l m a n ə n
kilmoor	k ɪ l m ɔː r
kimleare	k ɪ m l ɛː r
kimmelt	k ɪ m ə l t
kinge	k ɪ ŋ
kink	k ɪ ŋ k
kinket	k ɪ ŋ k t
kippeens	k ɪ p iː n z
kishe	k ɪ ʃ
kisth	k ɪ s t̪
kiver	k ɪ v ə r
kivert	k ɪ v ə r t
knaggee	k n a ɡ iː
knapp	k n a p
knappas	k n a p ə s
knaugh	k n uː x
knaughaan	k n a x aː n
kneen	k n iː n
knew	k n j uː
knockeen	k n ɔ k iː n
knockt	k n ɔ k t
knoouledge	k n uː l ɛ d͡ʒ
knouth	k n ə ʊ
knuckelès	k n ʊ k ə l z
koaver	k ɔː v ə r
konnee	k ə n iː
koornt	k uː r n t
kotch	k ɔ t͡ʃ
kotlieough	k ɔ t l iː ʊ
kraanberry	k r aː n b ɛ r iː
kruck	k r ʊ k
kuddan	k ʊ d ə n
kun	k ʊ n
kunnife	k ə n iː f
kurkeen	k ʊ r k iː n
kwingokee	k w ɪ ŋ oː k iː
laace	l aː s
laady	l aː d iː
laafe	l aː f
laane	l aː n
laas	l aː z
laate	l aː t
laately	l aː t l iː
laave	l aː v
laaye	l a i̯
labstaar	l a b s t aː r
lacheate	l a t͡ʃ ɛː t
lacheny	l a x ə n iː
lamporte	l a m p ɔ r t
lar	l a r
lash	l a ʃ
lass	l a s
lauckeen	l a k ɪ n
lauckès	l ɑ k s
laupe	l ɑː p
laupeen	l a p iː n
lauthest	l ɑː t̪ ɛ s t
leam	l iː m
lear	l ɛː r
learry	l ɛ r iː
lee	l iː
leech	l ɛː t͡ʃ
leed	l ɛː d
leeesth	l iː s t̪
leeigh	l eː x
leeigheen	l eː x iː n
leen	l iː n
leeoon	l iː uː n
leet	l iː t
left	l ɛ f t
leiough	l iː x
lemethès	l iː m ɛː t̪ s
lereke	l a r ə k
letch	l ɛ t͡ʃ
leth	l ɛ t̪
lethel	l ɛ t̪ ə l
leveen	l ɑ v iː n
levers	l ɛ v ə r z
lewer	l iː w ə r
lhauch	l ɑ k
lhauchès	l ɑ k s
lhaung	l ɔ ŋ
lhaungher	l ɔː ŋ ɡ ə r
lhawm	l uː m
lhoan	l oː n
lhose	l a s
lhowsaane	l ə ʊ s aː n
lhowse	l ɑː s
lhuck	l uː k
lhug	l ʊ ɡ
lhuske	l ʊ s k
lhuskès	l ʊ s k s
lhygt	l ɪ x t
libe	l j ə i̯ b
lick	l ɪ k
lickeen	l ɪ k iː n
lickweese	l ɪ k w iː z
lidg'd	l ɪ d͡ʒ d
lief	l iː f
liest	l iː s t
lightzom	l ɪ x t z ə m
ling	l ɪ ŋ
live	l ɪ v
liveen	l ɪ v iː n
liveer	l iː v ɛː r
livertie	l ɪ v ɛ r t iː
lizure	l a i̯ z uː r
llean	l j iː n
llour	l j ə ʊ r
loard	l ɔː r d
looke	l uː k
looracaun	l uː r ə k aː n
loothee	l uː θ iː
lootheed	l uː θ iː d
loove	l uː v
lossed	l ɔ s ə d
lotherwite	l ɔː ð ə r w iː t
lough	l ʊ x
loughraan	l uː x r aː n
lournagh	l uː r n ə x
louthee	l uː θ iː
lovat	l ʊ v a t
lownnick	l ʊ n ɪ k
loyale	l ɔ y aː l
luckie	l ʊ k iː
luggès	l ʊ ɡ z
lurkaan	l ʊ r k aː n
luther	l ʊ ð ə r
lye	l i e̞
maake	m aː k
maakere	m aː k ɛː r
maakes	m aː k s
maarkeet	m a r k ɛː t
maarl	m aː r l
maate	m aː d
macht	m ɑ k t
mad	m a d
maggota	m a ɡ ɔ t aː
maghogès	m a ɡ ɔ ɡ z
mai't	m a i̯ t
malaunchly	m a l ɑ n k l iː
malcheen	m a l k iː n
maleet	m a l ɛː t
man	m a n
managh	m a n ə x
manish	m a n ɪ ʃ
mannes	m a n z
many	m a n iː
maree	m a r iː
margraate	m a r ɡ r aː t
marreet	m a r iː t
marrough	m a r ə ʊ x
marteen	m a r t iː n
masled	m a s l d
mattoke	m a t ɔː k
mault	m ɑ l t
mawen	m ɔː n
mead	m ɛː d
meale	m eː l
meales	m ɛː l z
meany	m ɛː n iː
measkeen	m ɛ s k iː n
mee	m iː
meelough	m iː l ə x
meezil	m iː z ɪ l
meigh	m iː x
meines	m eː n z
melchere	m ɛ l t͡ʃ ɛː r
mele	m ɛ l
mell	m ɛ l
mend	m e̞ n d
meouth	m uː θ
messe	m ɛ s
meyen	m eː n
meyleare	m a i̯ l ɛː r
mhyne	m a i̯ n
michaulmas	m ɪ x ɑː l m a s
michel	m a i̯ t͡ʃ ə l
michty	m ɪ x t iː
milchare	m ɪ l t͡ʃ aː r
mile	m iː l
mileare	m iː l ɛː r
milonach	m iː l ə n ə x
minigower	m ɪ n iː ɡ a u r
minymay	m ɪ n iː m eː
miraam	m ə r aː m
miseree	m ɪ z ə r iː
misteare	m ɪ s t ɛː r
mistern	m ɪ s t ɛ r n
mistrace	m a i̯ s t r aː s
mithel	m ɛ t̪ ə l
mize	m a i̯ z
mizen	m ɪ z ə n
mizleare	m ɪ z l ɛː r
mizleen	m ɪ z l iː n
mizluck	m ɪ z l ʊ k
moake	m ɔː k
moan	m ɔː n
moans	m ɔː n z
moile	m ɔ ɪ l
moll	m ɔ l
mondei	m ʊ n d ə i̯
monie	m ʊ n a i̯
moodher	m uː d̪ ə r
moolyogue	m uː l j oː ɡ
moone	m oː n ə
mope	m ɔː p
mor	m ʊ r
more	m ɔː
morning	m ɑː r n ɪ ŋ
mossaale	m ɔ s aː l
mosth	m oː s t̪
mot	m ʊ t
mothe	m ɔː t̪
mothee	m ɔː t̪ iː
mothès	m ɔː t̪ s
moude	m ɑː d
mougheare	m ə ʊ x ɛː r
mought	m uː x t
moulteen	m uː t̪ iː n
mucha	m ʊ t͡ʃ
mugges	m ʊ ɡ z
mulk	m ʊ l k
mulke	m ɛ l k
multh	m ʊ l t̪
mureesh	m ʊ r iː ʃ
murreen	m ʊ r ɛː n
mushtoun	m ʊ ʃ t uː n
muskawn	m ʊ s k ɑː n
muthon	m ʊ t̪ uː n
myche	m iː t͡ʃ
mycheare	m iː t͡ʃ ɛː r
mydes	m a i̯ d z
mydhe	m a i̯ d
mydhen	m a i̯ d̪ ə n
mye	m a i̯
mythens	m a i̯ t̪ ə n z
na	n aː
naab	n aː b
naaghen	n aː x ə n
naame	n aː m
naate	n aː t
naatur	n aː t ə r
naay	n a i̯
nad	n a d
naesth	n eː s t̪
naneen	n a n iː n
nappe	n a p
narrowe	n a r ə ʊ
nat	n a t
nawlee	n ɑː l iː
neal	n ɛː l
neape	n aː p
neapès	n ɛː p s
near	n aː r
neatt	n ɛː t
neckarès	n ɛ k aː r z
needeth	n iː d ə t̪
neeghe	n iː x
neeght	n iː x t
neem	n iː m
neemest	n iː m ɛ s t
neen	n iː n
neenteen	n iː n t iː n
neeshte	n iː ʃ t
neicher	n iː x ə r
neileare	n eː l ɛː r
neleen	n ɛ l iː n
neow	n uː
nether	n ɛ ð ə r
nettles	n ɛ t l z
nicest	n iː s ɛ s t
nickht	n ɪ k t
niclase	n ɪ k l aː s
niel	n a i̯ l
nieleare	n a i̯ l ɛː r
niether	n a i̯ ð ə r
nipple	n ɪ p ə l
nitheen	n ɪ t̪ iː n
nize	n ɪ z
nizterels	n ɪ z t r ə l z
no	n aː
nodhing	n ɔː d̪ ɪ ŋ
noggens	n ɔ ɡ ə n z
noll	n ɔ l
nollès	n ɔ l z
nonteet	n ʊ n t iː t
noor	n oː ð ə r
nordh	n ɔ r d̪
nore	n a r
norstrum	n o r s t̪ r ə m
note	n ɔː t
noucht	n ə ʊ x t
noughel	n uː x ə l
nouth	n ə ʊ θ
nowd	n uː d
nuggeen	n ɔ ɡ iː n
nypore	n a i̯ p oː r
nyporès	n a i̯ p oː r z
o'	ɔ
o'nile	oː n iː l
o'noghanes	ɔ n ɔ x aː n z
oan	aː n
oananooree	uː n ə n oː r iː
oanes	ɔː n s
oanès	ɔː n z
oaskean	ɔː s k ɛː n
oathès	ɔː t̪ s
ochone	ɔ x oː n
on	a n
oor	uː r
ooree	oː r iː
oother	oː ð ə r
ourzels	uː r z ɛ l z
ouse	uː z
ov	a v
ower	uː r
owze	ə ʊ z
paaced	p aː s t
paait	p a i̯ t
paare	p aː r
paarl	p aː r l
paay	p a i̯
pace	p aː s
palisceare	p a l ɪ s ɛː r
palloake	p a l ɔː k
palske	p a l s k
palskès	p a l s k s
pappee	p a p iː
parboles	p a r b oː l z
parcheka	p a r k ə k ə
parick	p a r ɪ k
parieshe	p a r iː ʃ
park	p a r k
parshagh	p a r ʃ ə x
part	p a r t
parthed	p a r t̪ ə d
patch	p a t͡ʃ
patroon	p a t r uː n
paudeen	p ɑː d iː n
paug	p ɔː ɡ
peacawn	p eː k aː n
peadher	p ɛ d̪ ə r
peale	p ɛː l
pealt	p ɛ l t
pee	p iː
peece	p ɛː s
peeougheen	p iː uː iː n
peepeare	p iː p ɛː r
peeps	p iː p s
peg	p ɛ ɡ
phielim	f iː l ɪ m
pick	p ɪ k
pideff	p ɪ d ɛ f
pidh	p ɪ d̪
piff	p ɪ f
piggès	p ɪ ɡ z
pikkès	p ɪ k s
pile	p iː l
pilleen	p ɪ l iː n
pint	p iː n t
pipper	p ɪ p ə r
pitcht	p ɪ t͡ʃ t
pitheye	p ɛ t̪ iː
piz	p ɪ z
pizzen	p ɪ z iː n
plaague	p l aː ɡ
plaase	p l aː z
plaine	p l eː n
plathearès	p l a t̪ ɛː r z
pleast	p l ɛː z t
pleough	p l uː
pleoughès	p l ə ʊ x z
plesant	p l ɛ z a n t
pley	p l eː
plowere	p l uː ɛː r
poage	p ɔː ɡ
poake	p ɔː k
pocket	p ɔ k ə t
polm	p ɔ l m
poloodrum	p ə l uː d̪ ə r ə m
polths	p ɑ l t z
pomeale	p ʊ m ɛ l
pooked	p ɔː k t
poplare	p ɔ p l aː r
porachès	p ɔ r ə t͡ʃ z
portheare	p ɔ r t̪ ɛː r
porther	p ɔ r t̪ ə r
portion	p ɔ r ʃ ə n
potteen	p ə t iː n
potteran	p ɔ t ə r ə n
poulee	p ʊ l iː
poumgaam	p uː ŋ aː n
poustee	p uː s t iː
praachin	p r aː t͡ʃ ɪ n
praate	p r aː t
prasaugh	p r a s ɔː
praunyuk	p r ɑː n j ə k
preengaas	p r ɛː ŋ ɡ aː s
preest	p r iː s t
priesth	p r iː s t̪
proo'th	p r uː θ
prosperitee	p r ɔ s p ɛ r ɪ t iː
proud	p r uː d
pry	p r a i̯
pryet	p r a i̯ t
puckawne	p ʊ k aː n
puddeen	p ʊ d iː n
pul	p ʊ l
pulleentown	p ʊ l iː n t uː n
pulmere	p ʊ l m eː r
pultry	p ʊ l t r iː
punaan	p ʊ n aː n
pussoate	p ʊ s ɔː t
pussough	p ʊ s uː x
pyle	p a i̯ l
pylès	p a i̯ l z
qougeely	k uː ɡ iː l iː
queen	k w iː n
querne	k w ɛ r n
quile	k w a i̯ l
raacoons	r aː k uː n z
raaison	r a i̯ z ə n
raak	r aː k
raamaash	r aː m aː ʃ
raan	r aː n
raaney	r aː n iː
raanyuck	r aː n j ə x
raaye	r a i̯
ractzom	r a k t z ə m
rade	r aː d
randyboo	r a n d iː b uː
rapple	r a p ə l
rare	r aː r
raree	r aː r iː
raskail	r a s k eː l
raskailès	r a s k eː l z
rasth	r a s t
rastoon	r a s t uː n
rayship	r eː ʃ ə p
reade	r ɛː d
readeare	r ɛː d ɛː r
rebine	r ɛ b iː n
recoardhed	r ɛ k ɔː r d̪ ə d
red	r ɛ d
redaughe	r ɔː
redress	r ɛ d r ɛ s
ree	r iː
reeche	r iː t͡ʃ
reeches	r iː t͡ʃ ə z
reed	r ɛː d
reedforth	r ɛː d f ɔ r t̪
reeke	r ɛː k
reem	r a i̯ m
reeshp	r iː ʃ p
reicht	r iː x t
reights	r iː x t s
remoon	r ə m uː n
rent	r ɛ n t
reoue	r uː
rether	r ɛ ð ə r
returnth	r ɛ t ʊ r n t̪
rhin	r ɪ n
rhyne	r a i̯ n
ring	r ɪ ŋ
riseth	r iː z ɛ θ
risheen	r ɪ ʃ iː n
risheeneare	r ɪ ʃ iː n ɛː r
risheenearès	r ɪ ʃ iː n ɛː r z
rivery	r a i̯ v ə r iː
rize	r iː z
robart	r ɔ b a r t
robunkshough	r ɔː b ʊ ŋ k ʃ uː x
rochfort	r ɔ t͡ʃ f ɔ r t
rocke	r ɔ k
ronaan	r oː n aː n
rookeen	r uː k iː n
roostha	r uː s t aː
rooze	r uː z
ropeare	r oː p ɛː r
rothed	r ɔ t̪ ə d
roue	r ə ʊ
roughel	r ʊ x ə l
rowse	r ə ʊ z
rub	r ʊ b
rubbeen	r ʊ b iː n
rubbès	r ʊ b z
ruck	r ʊ k
rugh	r ʊ x
rumcht	r ʊ m t͡ʃ t
runt	iː r ɛ n t
ruppere	r ʊ p ɛː r
russel	r ʊ s ɛ l
saalvache	s aː l v ə x
saareth	s a r t̪
saasty	s aː s t iː
saaughe	s aː x
sangle	s a n ɡ ə l
sankt	s a ŋ k
sankts	s a n k t s
sarree	s ə r iː
sau	s ɑː
scalaane	s k a l aː n
scaul	s k a l t
scholleare	s k ɔ l ɛː r
schoolune	s k uː l j uː n
score	s k ɔː r
scoth	s k ɔ h
scraaped	s k r aː p t
scrawb	s k r ɑː b
scribs	s k r ɪ b z
scrimsher	s k r ɪ m ʃ ə r
scrooge	s k r uː d͡ʒ
scuddeen	s k ʊ d iː n
scunse	s k ʊ n s
secun	s ɛ k ə n
sel	s e̞ l
shaade	ʃ aː d
shaadh	ʃ aː d̪
shaamfast	ʃ aː m f a s t
shaar	ʃ aː r
shaaumeless	ʃ ɑː m l ɛ s
shad	ʃ a d
shalee	ʃ a l iː
shanaan	ʃ a n aː n
shaneen	ʃ aː n iː n
sharoos	ʃ a r uː s
shaure	ʃ ɑː r
shawl	ʃ ɑː l
shea's	ʃ iː z
sheakeare	ʃ ɛ k ɛː r
sheardhe	ʃ a r d
sheare	ʃ ɛː r
sheck	ʃ ɛ k
shederow	ʃ iː d r ə ʊ
shell	ʃ a l
sherogany	ʃ ə r ɑ ɡ ə n iː
sherwaune	ʃ ɛ r w ɑː n
shet	ʃ ɛ t
shilleen	ʃ ɪ l iː n
shilleenès	ʃ ɪ l iː n z
shimmer	ʃ ɪ m ə r
shimmereen	ʃ ɪ m ə r iː m
shinamon	ʃ ɪ n ə m ə n
shinna	ʃ ɪ n ə
shinnocks	ʃ ɪ n ə k s
shipeen	ʃ a i̯ p iː n
shives	ʃ iː v z
shoo	ʃ
shooemaakear	ʃ uː m aː k ɛː r
shoone	ʃ uː n
shoordaane	ʃ uː r d aː n
shoorth	s k uː r t
shoosh	ʃ uː ʃ
shor	ʃ a r
shorne	ʃ ɔ r n
shoulde	ʃ uː l d
shraanes	ʃ r aː n z
shrude	ʃ r uː d
shrump	ʃ r ʊ m p
shud	ʃ ʊ d
shudled	ʃ ʊ d l d
shule	ʃ uː l
shuller	ʃ ʊ l ə r
shullereen	ʃ ʊ l ə r iː n
sigeen	s ɪ ɡ iː n
siggins	s ɪ ɡ ɪ n s
sippeare	s ɛ p ɛː r
skaulès	s k ɑː l z
skee	s k iː
skeine	s k a i̯ n
skelpearès	s k ɛ l p ɛː r z
skien	s k iː n
skir	s k ɪ r
skleat	s k l ɛː t
skudhelès	s k ʊ d̪ ə l z
skunnaan	s k ʊ n aː n
slavaak	s l a v aː k
slaych	s l eː t͡ʃ
sleedaugh	s l iː d ɔː
sleeveen	s l iː v iː n
sleight	s l iː x t
slendeare	s l ɛ n d ɛː r
slepe	s l iː p
slider	s l ɪ d ə r
slipper	s l ɪ p ə r
slougherdhès	s l uː ɡ ɛ r d̪ z
slouk	s l uː k
slouveen	s l ʊ v ɛː n
slug	s l ʊ ɡ
slut	s l ʊ t
smaale	s m a l
smack	s m a k
smaddereen	s m a d ə r iː n
smele	s m ɛː l
smill	s m ɪ l
smithered	s m ɪ t̪ ɛː r d
smock	s m ɔ k
smockeen	s m ɔ k iː n
smolke	s m ɔ l k
smoo	s m uː
smore	s m ɔː r
smort	s m ɔː r t
smote	s m ɔː t
smugal	s m ʊ ɡ ə l
sned	s n ɛ d
sneesheen	s n iː ʃ iː n
sneew	s n uː
snite	s n iː t
sooney	s uː n iː
sorry	s ɔ r iː
soumissive	s ʊ m ɪ s ɪ v
soustrum	s ə ʊ s t r ə m
spaade	s p aː d
spagh	s p a x
spakeen	s p aː k iː n
spall	s p ɑː l
sparroon	s p a r uː n
sparrowe	s p a r ə ʊ
speale	s p ɛː l
speate	s p ɛː t
speen	s p ɛː n
spiritogue	s p ɪ r ə t oː ɡ
spone	s p oː n
spourr	s p uː r
spraay	s p r a i̯
sprays	s p r eː z
spree	s p r iː
sproch	s p r ɑ x
spud	s p ʊ d
staag	s t aː ɡ
staamer	s t aː m ə r
staff	s t a f
staffort	s t a f ɔ r t
stalket	s t a l k t
stampe	s t a m p
starr	s t a r
starrès	s t a r z
starth	s t a r t̪
state	s t aː t
statesman	s t aː t s m a n
steout	s t ə ʊ t
stevin	s t ɛ v ɪ n
sthall	s t̪ a l
stharm	s t a r m
stheel	s t̪ iː l
stheeves	s t̪ ɛː v z
sthiers	s t̪ a i̯ r z
sthill	s t ɛ l
sthit	s t̪ ɪ t
sthoan	s t̪ ɔː n
sthoane	s t ɔː n
sthole	s t̪ ɔː l
stholk	s t̪ ɔ l k
sthraught	s t̪ r ɑː x t
sthroane	s t r ɔː n d
stiff	s t ɪ f
stir	s t o r
stob	s t ɑ b
stocker	s t ɑ k ə r
stondeth	s t ɔ n d ɛ θ
stouck	s t ʊ k
straayd	s t r a i̯ d
straayeare	s t r a i̯ a r t
strabut	s t r ə b ʊ t
strahanshair	s t̪ r a h ə n ʃ eː r
straps	s t r a p s
strat	s t r a t
straukaun	s t̪ r ɑ k ɑː n
straung	s t r ɔː ŋ
stre	s t r iː
streel	s t̪ r iː l
streem	s t r ɛː m
streigkt	s t r eː k t
streu	s t r uː
strippeare	s t r ɪ p ɛː r
stroke	s t r ɔː k
strollyaun	s t̪ r oː l j ɑː n
strollyaunin	s t̪ r oː l j ɑː n ə n
strooke	s t r uː k
stuckeen	s t ʊ k iː n
stuckeenès	s t ʊ k iː n z
stuggoone	s t ə ɡ uː n
sturdy	s t ʊ r d iː
surchte	s ʊ r x t
sweet	s w iː t
sweethearth	s w iː t h ɛ r t̪
swingale	s w ɪ ŋ ɡ aː l
swinged	s w ɪ n d͡ʒ d
synnott	s ɪ n ɔ t
t'avance	t ə v a n s
t'year	t j ɛː r
ta	t
taake	t aː k
taale	t aː l
taape	t aː p
taaste	t aː s t
tah	t aː
talke	t a l k
tallyour	t a l j uː r
tam	t a m
tan	t a n
tar	t a r
taullee	t ɑː l iː
teach	t ɛː t͡ʃ
teap	t aː p
teight	t eː k
teil	t eː l
tellgence	t a l ɪ d͡ʒ ɛ n s
teoune	t ə ʊ n
teouns	t ə ʊ n z
th'art	ð a r t
th'ast	ð a s t
than	ð a n
thar	t̪ a r
tharvizeen	t a r v ɪ z iː n
thaugkt	θ ɑː k t
thee	ð iː
theezil	ð iː z ɪ l
themost	ð iː m ɔː s t
thieg	t̪ a i̯ ɡ
thif	θ ɪ f
thiffin	θ ɪ f ɪ n
this	ð ɪ s
thokeawn	t oː k j aː n
thommeen	t ɔ m iː n
thoome	θ uː m
thooree	ð uː r iː
thoornes	θ uː r n z
thorelucke	θ ʊ r l ə k
thorsdei	θ ʊ r z d ə i̯
thou	ð
thraame	t̪ r aː m
thraamès	t̪ r aː m z
threesh	t r ɛː ʃ
threeve	θ r iː v
thrist	t̪ r ɪ s t
thrive	t̪ r ɪ v
thugerleen	t̪ uː x ə r l iː n
thye	aː
tib	t ɪ b
tibbès	t ɪ b z
tilly	t ɪ l iː
tine	t iː n
tis	t ɪ z
titch	t ɪ k
to's	t ə z
toan	t ɔː n
tolth	t ɔː l d
tomaulschuch	t ə m ɑː l ʃ ə x
too	t uː
took	t uː k
toowards	t uː w a r d z
torches	t ɔ r t͡ʃ z
toweare	t uː ɛː r
toweares	t uː ɛː r z
traans	t̪ r aː n z
traapeen	t̪ r aː p iː n
traaps	t̪ r aː p s
trad	t r a d
trameal	t r a m ɛː l
treblere	t r ɛ b l ɛː r
tren	t r iː n
trenshoorès	t r ɛ n ʃ uː r z
treshpass	t r ɛ ʃ p a s
trieshon	t r a i̯ ʃ ə n
trippeathès	t r ɪ p ɛː t̪ s
troll	t r ɔ l
trolleen	t r ɔ l iː n
truckle	t r ʊ k l
trugh	d r ɔː
tumlin	t o m l ə n
tusedei	t j uː z d ə i̯
twine	t w a i̯ n
twish	t w ɪ ʃ
twy	t w a i̯
ty	t iː
tyel	t a i̯ l
tyght	t ɪ x t
tyshe	t ɪ ʃ
udh	uː t
udho	ʊ d̪ ɔ
ug	ʊ ɡ
umost	uː m ɔː s t
uncouth	ʊ n k uː θ
understhoane	ʊ n d ə r s t̪ ɔː n
ung	ʊ ŋ
unket	ʊ n k ɛ t
unnere	ʊ n ɛː r
usquebaugh	ʊ s b ɑː x
vaaper	v aː p ə r
vaapereen	v a p ə r iː n
vaarin	v aː r ɪ n
vaat	v aː t
vall	v a l
valleat	v a l ɛː t
valler	v a l ə r
vallert	v a l ɛ r t
valse	f ɑ l s
vamilee	v a m ɪ l iː
vanged	v a ŋ d
var	v a r
vargee	v a r ɡ iː
varreen	v a r iː n
varreet	f a r j ɛː t
varteean	v a r t ɛː n
vartful	v a r t f ʊ l
vartue	v a r t j uː
vassale	v a s aː l
vassalès	v a s aː l z
vaste	v a s t
vat	v a t
vather	v a ð ə r
vatherless	v a ð ə r l ɛ s
vear	v ɛː r
vear'd	v ɛː r d
vearne	f ɛː r n
vearnee	f ɛː r n iː
veeleen	f iː l iː n
veeve	v iː v
veezer	v iː z ə r
vele	v ɛ l
vellas	v ɛ l ə s
ven	v ɛ n
vengem	v ɛ ŋ ə m
vengence	v ɛ ŋ ɛ n s
venie	v ɛ n iː
veree	v ɛ r iː
verilie	v ɛ r ɪ l iː
veseal	v ɛ s ɛː l
vetch	v ɛ t͡ʃ
vethers	v ɛ ð ə r z
vew	v j uː
vezeeen	v ɛ z iː n
vice	v a i̯ s
videl	v ɪ d ə l
vidler	v ɪ d l ə r
vier	v a i̯ r
vifteen	v ɪ f t iː n
vigere	v ɪ ɡ ɛː r
vill	v ɪ l
villent	v ɪ l ɛ n t
vinger	v ɪ ŋ ɡ ə r
vinteen	v ɪ n t ɛː n
vire	v iː r
vish	v ɪ ʃ
vlat	v l a t
vlaxen	v l a k s ə n
vleal	v l ɛː l
vlealès	v l ɛː l z
vleash	v l ɛ ʃ
vlee	v l iː
vlew	v l uː
vlock	v l ɔ k
vlynch	v l ɪ n t͡ʃ
voal	v ɔː l
voote	v uː t
vooted	v uː t ə d
vor	v a r
vork	v ɔ r k
vorreat	v ɔ r ɛː t
vorty	v a r t iː
vour	v ə ʊ r
vourteen	v ə ʊ r t iː n
vourthe	v ə ʊ r t̪
voxe	v ɔ k s
vreedie	v r iː d a i̯
vrem	v r ɔ m
vresh	v r ɛ ʃ
vriene	f r iː n d
vrienes	v r iː n z
vrosth	v r a s t
vull	v ʊ l
vurlonge	v ʊ r l ɔ ŋ
vursth	v r ɪ s t
w'aam	w aː m
w'aare	w a r
w'all	w a l
w'eeme	w iː m
w'ous	w uː z
waad	w a d
waafur	w aː f ə r
waaight	w a i̯ x t
waaite	w a i̯ t
waal	v ɛ l ə
waant	w aː n t
waare	w aː r
waas	a z
wad	w a d
waithed	w eː t̪ ə d
wake	w aː k
walles	w a l z
war	w a r
wasth	w a s t̪
wathere	w a t̪ ɛː r
waudher	w aː d̪ ə r
waunt	w a n t
waur	w ɑː r
wauscoat	w a z k ɔː t
wauste	w ɑː s t
weate	w ɛː t
weddeen	w a d iː n
wee	w
weeireth	w eː r ɛ θ
weekeen	w iː k ɛː n
weend	w iː n
weeneen	w iː n iː n
weepeen	w iː p iː n
weery	w iː r iː
weft	w ɛ f t
wefty	w ɛ f t iː
weisforthe	w eː s f ɔ r d
weithest	w eː t̪ ɛ s t
welkome	w ɛ l k ʊ m
well	w ɛ l
wennesdei	w ɛ n z d ə i̯
were	w ɛ r
westan	w ɛ s t ə n
weveare	w ɛ v ɛː r
what	h w a t
whauteen	h w aː t iː n
whaze	h w eː z
wheel	h w iː l
whet	h w ɛ t
whick	h w ɪ k
whil	h w ɪ l
while	h w iː l
whileen	h w ɪ l iː n
whinnard	h w ɪ n ə r d
whit	h w ɪ t
whiter	h w ɪ t ə r
whithel	h w ɪ t̪ ə l
whithele	h w ɪ t h iː l
wi'oute	w ɪ uː t
wich	h w ɪ l k
wick	w ɪ k
wicked	w ɪ k ə d
wiethe	w a i̯ t̪
wiethed	w a i̯ t̪ ə d
wiethest	w a i̯ t̪ ɛ s t
wimble	w ɪ m b ə l
wing	w ɪ ŋ
wingeen	w ɪ ŋ iː n
winnooween	w ɪ n oː ɪ n
wish	w ɪ ʃ
wiveare	w iː v ɛː r
wonderfullee	w ʊ n d ə r f ʊ l iː
wonter	w ʊ n t ə r
woode	uː d
wooden	w uː d ə n
woork	w uː r k
woorkt	w uː r k t
wooveless	w uː v l ɛ s
wore	w ɔː r
wou'll	w uː l
wough	w
woul	w uː l
wourlok	w ʊ r l ɔ k
wourlok'd	w ʊ r l ɔ k t
wrasth	w r a s t
wuf	w ʊ f
wul	v a l
wullow	w ʊ l ɑː
wullès	w ʊ l z
wurgheere	w ʊ r ɡ ɛː r
wut	w ʊ t
wyddeer	w ɪ d ɛː r
wye	w a i̯
wyllhaume	w ɪ l j aː m
wyse	w a i̯ z
wytheen	w a i̯ t̪ iː n
y'ast	j a s t
ya	j aː
yaate	j aː t
yalpeen	j a l p iː n
yark	j a r k
yarth	j a r t
yartha	j a r
ye	j iː
yee	j ɛː
yeeit	j eː t
yeeoure	j iː uː r
yer	j ɛ r
yersthei	j ɛ r s t eː
yerzel	j ɛ r z ɛ l
yew	j uː
yie	j iː
yith	j ɪ θ
yola	j ɔː l aː
yole	j ɔː l
yowe	j ə ʊ
yullou	j ɛ l ə ʊ
yux	j ʊ k s
zaawe	z ɑː
zaft	z a f t
zailee	z a l iː
zall	z a l
zamoon	z aː m uː n
zang	z a ŋ
zap	z a p
zarth	z a r t̪
zarve	z a r
zathardei	z a t̪ ə r d ə i̯
zea	z ɛː
zeade	z ɛː d
zed	z ɛ d
zee	z eː
zeek	z iː k
zeen	z iː n
zeene	z iː n
zeese	z iː s
zeeth	z iː θ
zeide	z iː d
zense	z ɛ n s
zet	s ɛ t
zetteen	z ɛ t iː n
zeven	z ɛ v ə n
zeventeen	z ɛ v ə n t iː n
zey	z eː
zheep	ʃ iː p
zhip	ʒ ɪ p
zhiprocke	ʒ ɪ p r ɔ k
zhoult	ʒ uː l t
zide	z a i̯ d
zien	z a i̯ ə n
zil	z ɪ l
zim	s o m
zimmer	z ɪ m ə r
zimoon	z ɪ m aː n
zin	z ɪ n
zince	z ɪ n s
zindei	z ɪ n d ə i̯
zing	z ɪ ŋ
zins	z ɪ n z
zippeen	s ɪ p iː n
zister	z ɪ s t ə r
zit	z ɪ t
zitch	z ɛ t͡ʃ
zitheen	z ɪ t̪ iː n
zlaves	z l aː v z
zo	s eː
zoane	z ɔː n
zong	z ɔ ŋ
zoon	s uː n
zoot	z uː t
zough	z uː x
zound	z uː n d
zour	z uː r
zouth	z uː θ
zouvereine	z ɔ v r eː n
zoweare	s ə ʊ ɛː r
zoween	s ə ʊ iː n
zpeed	z p iː d
zpeen	s p iː n
ztaared	z t aː r d
ztudied	z t ʊ d iː d
zumthin'	z ʊ m θ ɪ n
zung	z ʊ ŋ
zunk	z ʊ ŋ k
zwae	s w eː d
zweal	z w ɛː l
zweatheen	z w ɛː t̪ iː n
