adabei	aː d̥ a b̥ a ɛ̯
adachsl	ɑː d̥ ɑ ɡ̥ s l̩
adress	ɑ d̥ r e̞ s
adresserl	ɑ d̥ r e̞ s ɐ l
adresserln	ɑ d̥ r e̞ s ɐ l n̩
adressn	ɑ d̥ r e̞ s n̩
anser	aː n s ɐ
antn	ɑ n d̥ː n̩
aufgåb	ɑ ɔ̯ f ɡ̥ ɔ b̥
aug	ɑ ɔ̯ ɡ̥
auslånd	ɑ ɔ̯ s l ɔ n d̥
auto	ɑ ɔ̯ d̥ː o
baa	b̥ ɑː
bam	b̥ aː m
bana	b̥ ɑː n ɐ
bandl	b̥ ɑ n d̥ l̩
bapperl	b̥ ɑ b̥ ɐ l
bappn	b̥ ɑ b̥ m
barterl	b̥ a ɐ̯ t ɐ l
batz	b̥ ɑː d̥ s
bayern	b̥ a i̯ ɐ n
beda	b̥ ɛː d̥ ɐ
beichtn	b̥ æː ç d̥ n
beidl	b̥ ɛ̃ː d ɫ
beisl	b̥ a ɛ s l̩
bergradl	b̥ e̞ ɐ̯ ɡ̥ r ɑː d̥ l̩
bersch	b̥ e̞ ɐ̯ ʃ
bett	b̥ e t
biaschtl	b̥ i ɐ ʃ d̥ l̩
biaschtn	b̥ i ɐ̯ ʃ d̥ n̩
bichsn	b̥ i ɡ̥ s n̩
birn	b̥ i ɐ n
bistoin	b̥ i s t o i̯ n
bixn	b̥ i ɡ̥ s n̩
blaaz	p l ɒː t s
bladl	b̥ l aː d̥ l̩
bleame	b̥ l e̞ ɐ m ɛ
bleaml	b̥ l e̞ ɐ m l̩
bleampl	b̥ l e̞ ɐ m b̥ː l̩
bledsinn	b̥ l eː d̥ s i n
bleschl	b̥ l ɛ ʃ l̩
blitzgneißer	b̥ l i d̥ s ɡ̥ n æː sː ɐ
blooz	p l oː t s
bluat	b̥ l u ɐ d̥
blutzer	b̥ l u d̥ s ɐ
blåz	b̥ l oː d̥ s
boa	b̥ ɔ ɐ̯
boarisch	b̥ o ɐ̯ r ɪ ʃ
bock	b̥ o k
boi	b̥ ɔ ɪ̯
boin	b̥ ɔ̝ ɪ̯ n
boschbot	b̥ o ʃ b̥ o d̥
briaf	b̥ r i ɐ f
brixn	b̥ ʀ ɪ k s n̩
brouda	b̥ r o u̯ d̥ ɐ
bruada	b̥ r u ɐ̯ d̥ ɐ
bruck	b̥ r u k
bruckn	b̥ r u k x ŋ̩
brånd	b̥ r ɒ̃ː n d̥
bsteck	b̥ ʃ d̥ e ɡ̥
bsuach	b̥ s u ɐ̯ x
bsuf	b̥ s uː f
bua	b̥ u ɐ̯
buach	b̥ u ɐ̯ x
buam	b̥ u ɐ̯ m
buama	b̥ u ɐ̯ m ɐ
buchsn	b̥ u ɡ̥ s n̩
buidl	b̥ u i̯ d̥ l̩
burgamoasta	b u ɐ̯ ɡ̊ ɐ m o ɐ̯ sː d̥ ɐ
burgermaster	b̥ u ɐ̯ ɡ̥ ɐ m ɑː s d̥ ɐ
bursch	b̥ u ɐ̯ ʃ
burtståg	b̥ u ɐ̯ d̥ s d̥ ɔ ɡ̥
burzltåg	b̥ u ɐ̯ d̥ s l̩ d̥ ɔ ɡ̥
buserer	b̥ u s ɐ r ɐ
butta	b u t a
buxn	b̥ u ɡ̥ s n̩
bweis	b̥ v æː s
båd	b̥ ɔː d̥
båhn	b̥ ɒ̃ː n
bånd	b̥ ɒ̃ː n d̥
bånk	b̥ ɒ̃ː ŋ k
bånkert	b̥ ɒ̃ ŋ ɡ̥ ɐ d̥
bårt	b̥ ɔ ɐ̯ d̥
büd	b̥ yː d̥
büllichsduafer	b̥ y l i ç s d̥ u ɐ f ɐ
dackn	d̥ ɑ ɡ̥ː ɴ̩
dam	d̥ ɑː m
damenradl	d̥ ɑː m ɐ n r ɑː d̥ l̩
daubn	d̥ a u̯ m
deansdåg	d̥ ɛ ɐ̯ n s d̥ ɔ ɡ̥
deife	d̥ a ɛ̯ f ɛ
deitschland	d̥ a i̯ t͡ʃ l ɒ n d̥
della	d̥ ɛ l ɐ
deschek	d̥ e̞ ʃ e̞ k
dia	d̥ iː ɐ̯
dichter	d i ç t a
diensdåg	d̥ i n s d̥ ɔ ɡ̥
dillo	d̥ ɪ l o
disch	d̥ i ʃː
dodl	d̥ oː d l̩
dokta	d̥ o k t ɐ
dram	d̥ r aː m
dreg	d̥ r eː ɡ̊
dreier	d̥ r æː ɐ
dreiradl	d̥ r æː r ɑː d̥ l̩
duaf	d̥ u ɐ f
dunnersdåg	d̥ u n ɐ s d̥ ɔ ɡ̥
durscht	d̥ u ɐ̯ ʃ d̥
dåch	d̥ ɔ χ
dåg	d̥ ɔː ɡ̊
dåmpf	d̥ ɒ̃ m b̥ f
dåmpfnudl	d̥ ɔ m b̥ f n u d l̩
dånk	d̥ ɒ̃ ŋ k
dånkschee	d̥ ɒ̃ ŋ ɡ̥ ʃ eː
eck	e̞ ɡ̥ː
eckn	e̞ ɡ̥ː ŋ
eidruck	æː d̥ r u ɡ̥ː
eier	a ɛ̯ ɐ
eierschas	æː ɐ ʃ ɑː s
eierschwammerl	ɑ ɛ̯ ɐ ʃ v ɑ m ɐ l
eierspeis	æː ɐ ʃ b̥ æː s
einedrahrer	æː n ɛ d̥ r ɑː r ɐ
ellabogn	e̞ l ɐ b̥ o̞ː ŋ
epfe	e̞ b̥ː f œ
erd	e̞ ɐ̯ d̥
erdepfe	e̞ ɐ d̥ e̞ b̥ː f œ
erdn	e̞ ɐ̯ d̥ n̩
erdåpfe	e̞ ɐ d̥ ɔ b̥ː f œ
erzherzog	eː ɐ̯ t͡s h eː ɐ̯ t͡s ɔ k
esl	eː s l̩
estareich	e s d̥ ɐ r a i̯ ç
famülie	f ɑ m y l j ɛ
feier	f æː ɐ
feitl	f a ɛ̯ d̥ l̩
ferschn	f e̞ ɐ̯ ʃ n̩
fetzn	f e̞ˑ d̥ s n̩
fetznschedl	f e t͡s n̩ ʃ eː d l̩
fimfer	f i ɱ f ɐ
finfer	f i ɱ f ɐ
fisch	f i ʃ
fleischpflanzerl	f l a ɪ̯ ʃ b̥ f l a n t͡s ɐ l
fleischpflanzl	f l a ɪ̯ ʃ b̥ f l a n t͡s l̩
fliagn	f l i ɐ̯ ŋ
fligl	f l i ɐ̯ ɡ̊ l̩
flåschn	f l ɔ ʃ n̩
foam	f o ɐ̯ m
foarb	f o ɐ̯ b̥
foarradl	f ɔ ɐ̯ r ɑː d̥ l̩
foi	f ɔ e
fotz	f o t͡s
fotzn	f o t͡s n̩
fouß	f o u̯ s
freid	f r æː d̥
freida	f r a ɪ̯ d̥ ɐ
freidåg	f r ɑ ɛ̯ d̥ ɔ ɡ̥
frosch	f r o ʃ
fruah	f r u ɐ̯
fruahjoahr	f r u ɐ̯ j ɔ ɐ̯
fruahjåar	f r u ɐ̯ j ɔ ɐ̯
fruahjåhr	f r u ɐ̯ j ɔ a̯
fråg	f r ɔː ɡ̥
fuaß	f u ɐ̯ s
fuim	f u e m
fut	f u t
fühn	f yː n
füm	f yː m
fün	f yː n
gachn	ɡ̥ ɑː x ŋ
gacki	ɡ̥ ɑ ɡ̥ː i
gatsch	ɡ̥ ɑ d̥ ʃ
gatschn	ɡ̥ ɑ d̥ ʃ n̩
gedånke	ɡ̥ e̞ d̥ ɒ̃ː ŋ ɡ̥ː ɛ
gejd	ɡ̥ e̞ʲ d̥
germ	ɡ̥ e̞ ɐ̯ m
germknedl	ɡ̥ e̞ ɐ̯ m k n e̞ d l̩
geschroa	k ʃ r o ɐ̯
gfrast	ɡ̥ f r ɑ s t
gfries	ɡ̥ f r iː s
gfrieß	ɡ̥ f r iː s
gfüh	ɡ̥ f yː
glander	ɡ̥ l ɑ n d̥ ɐ
glaserl	ɡ̥ l a s ɐ l
glick	ɡ̥ l i ɡ̥
glockn	ɡ̥ l o̞ k ŋ
glumpert	ɡ̥ l u m b̥ː ɐ t
glurn	ɡ̥ l u ɐ n
gmias	ɡ̥ m i ɐ̯ s
gmoa	ɡ̊ m o ɐ̯
gnack	ɡ̥ n ɑ k
gneißer	ɡ̥ n æː sː ɐ
goatn	ɡ̥ ɔ ɐ d̥ː n̩
goaß	ɡ̊ o ɐ̯ s
goid	ɡ̥ o e d̥
goschn	ɡ̥ o̞ ʃ n̩
greibl	ɡ̥ r æː β ɛ
grenz	ɡ̥ r e̞ n d̥ s
gretzn	ɡ̥ r e d̥͡s n̩
grewecherl	ɡ̥ r e̞ v e̞ ç ɐ l
grewegerl	ɡ̥ r e̞ v e̞ ɡ̥ ɐ l
griaß	ɡ̥ r i ɐ s
griss	ɡ̥ r i s
grätzn	ɡ̥ r e̞ː t͡s n̩
grås	ɡ̊ r oː s
grü	ɡ̥ r yː
grün	ɡ̥ r yː n
gschaftlhuber	ɡ̥ ʃ ɑ f t l̩ h u̯ ɐ b̥ ɐ
gscheidwaschl	ɡ̥ ʃ a ɛ̯ d̥ v a ʃ l̩
gscheitscheißer	ɡ̥ ʃ a ɛ̯ d̥ ʃ a ɛ̯ s ɐ
gschicht	k ʃ i x d̥
gschmåckn	ɡ̥ ʃ m ɔ ɡ̥ː ŋ
gschnas	ɡ̥ ʃ n ɑː s
gschråpp	ɡ̥ ʃ r ɔ p
gschäft	ɡ̥ ʃ e̞ f d̥
gsetz	ɡ̥ s e̞ː d̥ s
gsicht	k͡s i ç d̥
gsichter	k͡s i ç d̥ ɐ
gsichtern	k͡s i ç d̥ ɐ n
gspiebanes	ɡ̥ ʃ b̥ iː b̥ ɐ n ɛ s
gsteaml	ɡ̥ ʃ d̥ e̞ ɐ m l̩
gstoit	ɡ̥ ʃ d̥ ɔ e t
gstättn	ɡ̥ ʃ d̥ e̞ d̥ː n̩
gstö	ɡ̥ ʃ d̥ œː
gugerschecken	ɡ̥ u ɡ̥ ɐ ʃ e ɡ̥ː ŋ̩
gurkn	ɡ̥ u ɐ̯ ɡ̥ː ɴ̣
guster	ɡ̥ u s d̥ ɐ
gusto	ɡ̥ u s d̥ o
gwahr	ɡ̊ ʋ aː
gweb	ɡ̥ v e̞ː b̥
gwicht	ɡ̥ v i ç d̥
gwirks	ɡ̥ v ɪ ɐ̯ k s
gwoit	ɡ̥ v ɔ e d̥
gwånd	ɡ̥ v ɒ̃ n d̥
gäid	ɡ̥ e̞ʲ d̥
gåatn	ɡ̥ ɔ ɐ̯ d̥ː n̩
gåbl	ɡ̊ oː b̥ l̩
gång	ɡ̥ ɒ̃ː ŋ
gåns	ɡ̥ ɒ̃ n s
gårtn	ɡ̥ ɔ ɐ̯ d̥ː n̩
gåssn	ɡ̥ ɔ sː n̩
gåst	ɡ̥ ɔ s d̥
göd	ɡ̥ œː d̥
gösn	ɡ̥ œː s n̩
haberer	h ɑː β ɐ r ɐ
hackler	h ɑ ɡ̥ː l̩ ɐ
haderlump	h ɔ d̥ ɐ l u m p
hadern	h ɔ d̥ ɐ n
happl	h ɑ b̥ː l̩
haring	h ɑː r i ŋ
harpfn	h ɑː b̥ f ɱ̩
haubn	h ɑ ɔ̯ b̥ m̩
hauptspeis	h ɑ ɔ̯ b̥ d̥ ʃ b̥ ɑ ɛ̯ s
haus	h ɒ ɔ̯ s
hausviech	h a̯ u s f iː ç
hawara	h ɑˑ β ɐ r ɐ
haxn	h ɑ ɡ̥ s n̩
hefl	h e̞ f l̩
hefn	h e̞ f ɱ̩
heftl	h e̞ f d̥ l̩
heislschmäh	h æː s l̩ ʃ m e̞ː
hendl	h e̞ n d̥ l̩
henn	h eː n
henna	h eː n ɐ
hepfa	h e̞ b̥ f ɐ
hepfn	h e̞ b̥ f ɱ̩
herz	h e ɐ̯ t͡s
herzkaschperl	h e̞ ɐ̯ d̥ s k ɑ ʃ b̥ ɐ l
herzkasperl	h e̞ ɐ̯ d̥ s k ɑ ʃ b̥ ɐ l
hetz	h e̞ t s
hiafler	h i ɐ̯ f l ɐ
himme	h i m e
hirn	h i ɐ n
hoar	h ɔ ɐ̯
hois	h ɔ e s
holler	h o l ɐ
hosn	h oː s n̩
huat	h u ɐ t
hund	h u n d̥
hur	h uː ɐ
häferl	h e̞ f ɐ l
häfn	h e̞ f ɱ̩
häusl	h a ɛ̯ s l̩
håckn	h ɔ ɡ̥ː ŋ
håmmer	h ɒ̃ː m ɐ
håmsterradl	h ɒ̃ m s d̥ ɐ r ɑː d̥ l̩
hånd	h ɑ n d̥
håns	h ɒ n s
hås	h ɔː s
höi	h ə i̯
iada	i ɐ̯ d̥ ɐ
insekt	i n s ɛ k t
irchsn	i ɐ k s n̩
jausn	j ɑ ɔ̯ s n̩
jeier	j æː ɐ
joahr	j ɔ ɐ̯
jåar	j ɔ ɐ̯
jåhr	j o ɐ̯
kaas	kʰ aː s
kaffee	k ɑ f e̞ː
kafää	k a f eː
kammerl	kʰ ɑ m ɐ l
kampe	kʰ ɑ m b̥ː ɛ
kampl	kʰ ɑ m b̥ː ɛ
karfiol	k ɑ f iʲ o e
kas	k χ aː s
kaschn	kʰ ɑ ʃ n̩
kaschperl	k ɑ ʃ b̥ ɐ l
kaschperltheater	k ɑ ʃ b̥ ɐ l d̥ e̞ ɐ̯ d̥ ɐ
kasler	k ɑː s l ɐ
kasperl	k ɑ ʃ b̥ ɐ l
kasperltheater	k ɑ ʃ b̥ ɐ l d̥ e̞ ɐ̯ d̥ ɐ
kenigreich	k e̞ n i ɡ̥ r ɑ ɛ̯ ç
kerper	kʰ e̞ ɐ̯ b̥ː ɐ
kersch	kʰ ɛ ɐ̯ ʃ
kerschn	kʰ ɛ ɐ̯ ʃ n̩
kieberei	k iː v ə ʁ æː
kieberer	k iː v ə ʁ ɐ
kind	kʰ i n d̥
kini	kʰ eː n e
kipfler	kʰ i b̥ f l ɐ
kirschn	kʰ i ɐ̯ ʃ n̩
kiwe	k iˑ β ɛ
kladl	ɡ̥ l ɑː d̥ l̩
klass	ɡ̥ l ɑ s
klescher	ɡ̥ l e̞ ʃ ɐ
klumpert	ɡ̥ l u m b̥ː ɐ t
kluppn	ɡ̥ l u b̥ m
knedl	ɡ̥ n e̞ d̥ l̩
knia	ɡ̥ n i ɐ̯
knofe	k n o β ə
koatn	k ɔ ɐ d̥ː n̩
koffer	k oˑ f ɐ
koi	k o e
koni	kʰ oː n i
kouh	kʰ o u̯
kraas	ɡ̥ r ɑː s
kraxn	ɡ̊ r ɑ ɡ̊ s n̩
kreiz	ɡ̥ r æː d̥ s
krewecherl	ɡ̥ r e̞ v e̞ ç ɐ l
krewegerl	ɡ̥ r e̞ v e̞ ɡ̥ ɐ l
kriag	ɡ̥ r i ɐ̯ ɡ̥
krispindl	ɡ̥ r i ʃ b̥ i n d̥ l̩
kroas	ɡ̥ r ɔ ɐ̯ s
kråft	ɡ̥ r ɔ f d̥
kråmpn	k r ɒ̃ m b̥ː m̩
kuachn	kʰ u ɐ̯ x ŋ
kuah	kʰ u ɐ̯
kåatn	k ɔ ɐ d̥ː n̩
kåder	kʰ ɔː d̥ ɐ
kåmm	kʰ ɒ̃ m
kåmmer	kʰ ɒ̃ m ɐ
kåmpf	kʰ ɒ̃ m b̥ f
kåppn	k ɔ b̥ m̩
kåtz	kʰ ɒ t s
laam	l ɑː m
lahm	l ɑː m
lamperl	l ɑ m b̥ː ɐ l
later	l ɑ dː ɐ
laufradl	l ɑ ɔ̯ f r ɑː d̥ l̩
leffl	l e fː e
leiberl	l a ɛ̯ β ɐ l
leich	l æː ç
leidln	l æː d̥ l̩ n
leit	l a i̯ d̥
lenkradl	l e̞ ŋ̩ ɡ̥ r ɑː d̥ l̩
lewa	l eː ʋ ɐ
lewakas	l eː β ɐ kʰ aː s
liacht	l i ɐ̯ x t
lindn	l i n d̥ n̩
loab	l o ɐ̯ b̥
loam	l ɔ ɐ m
loater	l o ɐ̯ tː ɐ
lois	l o i̯ s
loitern	l o i̯ tː ɐ n
lucki	l u kː i
lung	l u ŋ
lungan	l u ŋ ɐ n
låg	l ɔː ɡ̥
låmpn	l ɒ̃ m b̥ː ɱ̩
lånd	l ɒ̃ː n d̥
maal	m a l
maasn	m ɑː s n̩
madl	m aː d̥ l̩
mai	m a i̯
mari	m aː r i
marün	m ɑ r yː n
masn	m ɑː s n̩
master	m ɑː s d̥ ɐ
meisn	m æː s n̩
meu	m ɶː
mezzie	m e d̥ s iː
midwoch	m i d̥ v o̞ x
migga	m ɪ ɡ̊ ɐ
milli	m i l i
minga	m i ŋ ɐ
minutn	m i n uː d̥ n̩
mitternåcht	m i d̥ː ɐ n ɔ x d̥
mittn	m i d̥ː n
mittåg	m i d̥ː ɔ ɡ̥
mo	m oː
moasta	m o ɐ̯ sː d̥ ɐ
mondåg	m oː n d̥ ɔ ɡ̥
motorradl	m o d̥ ɔ ɐ̯ r ɑː d̥ l̩
muada	m u ɐ̯ d̥ ɐ
muadstrumm	m u ɐ̯ d̥ s d̥ r u m
muatta	m u ɐ̯ tː ɐ
muich	m u i̯ ç
musi	m uː s i
må	m ɒ̃ː
mågn	m oː ŋ
mödung	m œː d̥ u ŋ
möh	m œː
müch	m yː ç
netsch	n e d̥ ʃ
niatn	n i ɐ̯ d̥ː n̩
niederlåg	n iː d̥ ɐ l ɔː ɡ̥
noar	n ɔ ɐ̯
nudlaug	n u d̥ l̩ ɑ ɔ̯ ɡ̥
nutzviech	n u t s f iː ç
nåchmittåg	n ɔː x m i d̥ː ɔ ɡ̥
nåchspeis	n ɔ x ʃ b̥ æː s
nåcht	n ɔ x d̥
någl	n ɔː ɡ̥ l̩
nåsn	n ɔˑ s n̩
oa	o a̯
oachkatzl	ɔ ɐ χ kʰ ɑ d̥ s l̩
oachl	o a̯ x e
oasch	ɔ ɐ̯ ʃ
oaschgrätzn	ɔ ɐ̯ ʃ ɡ̥ r e̞ː t͡s n̩
oaschgsicht	ɔ ɐ̯ ʃ ɡ̥ s i ç d̥
oaschkräuler	ɔ ɐ̯ ʃ ɡ̥ r ɶː l ɐ
oaschloch	ɔ ɐ̯ ʃ l ɔ χ
oida	ɔ e d̥ ɐ
oiter	ɔ e d̥ː ɐ
packlrass	b̥ ɑ ɡ̊ l r ɑ s
pallawatsch	b̥ a l a β a d̥ ʃ
paläster	p a l ɛ s t a
panier	b̥ ɑ n iː ɐ̯
paradeis	b̥ ɑ r ɑ d̥ æː s
paradeiser	b̥ ɑ r ɑ d̥ æː s ɐ
paradeisåpfe	b̥ ɑ r ɑ d̥ æː s ɔ b̥ː f œ
pedasü	b̥ ɛ d̥ ɐ s yː
pferd	b̥ f ɛ ɐ̯ d̥
pfinzda	p͡f i n t͡s d̥ ɐ
pfurz	p f ʊ ɐ̯ t s
pick	b̥ i ɡ̥ː
pipn	b̥ i b̥ m̩
pitschn	b̥ i d̥ ʃ n̩
plutzer	b̥ l u d̥ s ɐ
plåttn	b̥ l ɔ d̥ː n̩
poin	p ɔ ɪ n
popsch	b̥ o̞ b̥ ʃ
pracker	b̥ r ɑ ɡ̥ː ɐ
pråtzn	b̥ r ɔ d̥ s n̩
puffn	b̥ u f ɱ̩
puiver	b̥ u e ʋ ɐ
pumperer	b̥ u m b̥ː ɐ r ɐ
påscher	b̥ ɔ ʃ ɐ
påtschn	b̥ ɔˑ d̥ ʃ n̩
påår	b̥ ɔ ɐ̯
pücher	b̥ yː ç ɐ
pülcher	b̥ yː ç ɐ
radl	r aː d̥ l̩
reahrl	r ɛ ɐ l
regn	r eː ŋ
rengschburg	r e ŋ ʃ b̥ u ɐ̯ ɡ̊
rennradl	r e̞ n r ɑː d̥ l̩
ressl	r e sː l̩
ribisl	r i b̥ i s l̩
rindsbråtn	r i n d̥ s b̥ r ɔ d̥ n̩
ringlgspü	r i ŋ l̩ ɡ̥ ʃ b̥ yː
ringlspü	r i ŋ l̩ ʃ b̥ yː
roas	r o ɐ̯ s
rosn	r o u̯ z n̩
rotzpipn	r o d̥͡s b̥ i b̥ː m̩
roß	r o s
ruah	r u ɐ
ruam	r ʊ ɐ m
ruckn	r u ɡ̥ː ŋ̩
råd	r ɔː d̥
rånd	r ɒ̃ː n d̥
råtz	r ɔ d̥ s
sabotage	s ɑ b̥ o d̥ ɑː ʃ
sackl	s ɑ ɡ̥ l̩
sacklpicker	s ɑ ɡ̥ː l̩ b̥ i ɡ̥ː ɐ
saf	s ɑː f
salettl	s ɑ l e̞ d̥ː l̩
samsda	s ɔ m s d̥ ɐ
sandler	s ɑː n d̥ l ɐ
sau	s ɑ ɔ̯
schandamarie	ʃ ɑ n d ɐ m ɑ r iː
schandi	ʃ ɑ n d i
schas	ʃ ɑː s
schedl	ʃ eː d l̩
scheibtruchn	ʃ a ɛ̯ b̥ː d̥ r u χ ŋ
schelln	ʃ e i̯ n
schichtradl	ʃ i ç d̥ r ɑː d̥ l̩
schimpl	ʃ i m b̥ː l̩
schinakl	ʃ i n ɑ ɡ̥ː l̩
schissl	ʃ i s l̩
schlapfa	ʃ l ɑ b̥ ʃ ɐ
schlapfn	ʃ l ɑ b̥ ʃ ɱ̩
schlissl	ʃ l i s l̩
schlåg	ʃ l ɔː ɡ̥
schlågobers	ʃ l ɔ ɡ̥ o β ɐ s
schlångan	ʃ l ɒ̃ ŋ ɐ n
schmattes	ʃ m ɑ t ɛ s
schmoan	ʃ m ɔ ɐ n
schmäh	ʃ m e̞ː
schmårrn	ʃ m ɒ r n
schnapsidee	ʃ n ɔ p s i t ɛ
schneck	ʃ n e̞ ɡ̥ː
schneckn	ʃ n e̞ ɡ̥ː ŋ
schnee	ʃ n ɛ i̯
schnåbl	ʃ n oː b̥ l̩
schof	ʃ ɔː f
schoin	ʃ ɔ e n
schoklad	ʃ o̞ ɡ̥ l ɑː d̥
schori	ʃ oː r i
schorsch	ʃ o ɐ̯ ʃ
schouf	ʃ ɔ u̯ f
schragl	ʃ r ɑː ɡ̥ l̩
schragn	ʃ r ɑː ɡ̥ n̩
schuach	ʃ ʊ ɐ χ
schucherl	ʃ u x ɐ l
schui	ʃ u e
schuid	ʃ u e d̥
schuiter	ʃ u e d̥ː ɐ
schul	ʃ uː l
schupfn	ʃ u b̥ f ɱ̩
schurl	ʃ u ɐ̯ l
schurli	ʃ u ɐ̯ l i
schwammerl	ʃ v ɑ m ɐ l
schweinsbråtn	ʃ v ɑ ɛ̯ n s b̥ r ɔ d̥ n̩
schwesta	ʃ β e s t ɐ
schwåmm	ʃ v ɒ̃ m
schåf	ʃ oː f
schånd	ʃ ɒ̃ː n d̥
sechser	s e̞ ɡ̥ s ɐ
see	s ɛ i̯
segn	s e̞ː ŋ
seitn	s a i̯ t n̩
sekundn	s e̞ ɡ̥ u n d̥ n̩
sepp	s ɛ p
serviettn	s e̞ ɐ̯ v j e̞ d̥ː n̩
sie	s i
siebaner	s iː β ɐ n ɐ
soatn	s o ɐ̯ t n̩
soiz	s ɔ e̯ d̥ s
spechtler	ʃ b̥ e̞ ç d̥ l̩ ɐ
speis	ʃ b̥ æː s
spiagl	ʃ b̥ i ɐ̯ ɡ̥ l̩
spitoi	ʃ b̥ i d̥ː ɔ e
språch	ʃ b̥ r ɔ χ
spåtz	ʃ b̥ ɔː d̥ s
staa	ʃ d̥ ɑː
stanitzl	ʃ d̥ ɑː n i d̥ s l̩
steinderl	ʃ d̥ æː n d̥ ɐ l
steindl	ʃ d̥ æː n d̥ l̩
stiagn	ʃ d̥ i ɐ ŋ
stick	ʃ d̥ i ɡ̥
stimm	ʃ d̥ i m
stimman	ʃ d̥ i m ɐ n
stitzradl	ʃ d̥ i d̥ s r ɑː d̥ l̩
stoa	ʃ d̥ o a̯
strankalan	ʃ d̥ r ɑ ŋ ɡ̥ː ɐ l ɑ n
stråßn	ʃ d̥ r ɔː s n̩
stund	ʃ d̥ u n d̥
stådt	ʃ d̥ ɔ d̥
stångan	ʃ d̥ ɒ̃ː ŋ ɐ n
stö	ʃ d̥ œː
suiber	s u i̯ β ɐ
summer	s u m ɐ
sun	s u n
sundåg	s u n d̥ ɔ ɡ̥
sunnda	s u n d̥ ɐ
suppn	s u b̥ː ɱ̩
surg	s u ɐ̯ ɡ̥
säi	s ə i̯
såch	s ɔ x
såft	s ɔ f d̥
såg	s ɔː ɡ̊
såmsdåg	s ɒ̃ m s d̥ ɔ ɡ̥
sånd	s ɒ̃ː n d̥
såtz	s ɔ d̥ s
süber	s y β ɐ
süwa	s y β ɐ
süwer	s y β ɐ
taag	d̥ ɑː ɡ̥
tackn	d̥ ɑ ɡ̥ː ɴ̩
tand	d̥ a n d̥
tandler	d̥ a n d̥ l ɐ
tee	d̥ ɛː
teifl	d̥ a ɛ̯ f l
teschek	d̥ e̞ ʃ e̞ k
tia	d̥ iː ɐ̯
tier	d̥ iː ɐ̯
tocker	d̥ ɔ ɡ̥ː ɐ
topfn	d̥ o b̥ f m̩
trauminet	d̥ r ɑ ɔ̯ m i n ɛ d̥
tretradl	d̥ r e d̥ r ɑː d̥ l̩
trumm	d̥ r u m
trutschn	d̥ r u d̥ ʃ n̩
tscheafl	d̥ ʃ e̞ ɐ f l̩
tschecherl	d̥ ʃ e̞ x ɐ l
tschesn	d̥ ʃ e̞ː s n̩
tschocherl	d̥ ʃ o̞ x ɐ l
tuatn	d̥ ʊ ɐ d̥ː n̩
tåg	d̥ ɔ ɡ̥
tånz	d̥ ɒ̃ n d̥͡s
uawaschl	uː ɐ̯ v a ʃ l̩
ukraine	u k r a iː n ə
unterflack	u n d̥ ɐ f l ɑ ɡ̥
unterflak	u n d̥ ɐ f l ɑ ɡ̥
urdnung	u ɐ d̥ n u ŋ
ursåch	u ɐ̯ s ɔ x
ursåchn	u ɐ̯ s ɔ x ɴ̩
vadda	f ɒ t a
versåger	f ɑ s ɔ ɡ̥ ɐ
viech	f iː ç
viechdokta	f iː ç d̥ o k t ɐ
vierer	f i ɐ̯ r ɐ
visage	ʋ i s aː ʃ
voda	f ɔː d̥ ɐ
vogl	f oː ɡ̊ l̩
voik	f o e ɡ̥ː
vuamittåg	f u ɐ̯ m i d̥ː ɔ ɡ̥
vuaspeis	f u ɐ̯ ʃ b̥ æː s
våttan	f ɔ d̥ ɐ n
wadl	v ɑː d̥ l̩
wappler	v ɑ b̥ː l ɐ
wassa	v ɔ sː a
wast	β a s t
watschn	v aː d̥ ʃ n̩
weckerl	v e ɡ̥ː ɐ l
weckn	v e ɡ̥ː ŋ
weh	v eː
weps	β ɛ b̥ s
wepsn	v e b̥ s n̩
wickl	v i ɡ̥ː l̩
wien	ʋ iː n
wiesn	v iː s n̩
wind	v i n d̥
windradl	v i n d̥ r ɑː d̥ l̩
wochn	v o̞ˑ x ɴ̩
woid	v o̞ e d̥
woif	v o̞ e f
woikn	v o e ɡ̥ː ŋ̩
woiwodschoft	v ɔ ɪ v oː d ʃ ɔ f t
wossa	v ɔ sː a
wuascht	v u ɐ ʃ d̥
wurscht	v u ɐ ʃ d̥
wurt	v ʊ ɐ d̥
wäu	v ɶː
wåchs	v ɔ ɡ̥ s
wåffn	w ɔ fː ɱ̩
wåg	v ɔː ɡ̥
wågn	ʋ oː ŋ
wåmpn	v ɒ̃ m b̥ː m̩
wånd	w ɒ̃ n d̥
wåsser	β ɒ sː ɐ
wöd	v œː d̥
zager	t͡s aː ɡ̥ ɐ
zechn	t s eː ç ŋ
zeid	d̥ s æː d̥
zezn	t͡s e t͡s n̩
zniachtl	t͡s n iː ɐ ç d̥ l̩
zores	t͡s o ɐ̯ r ɛ s
zuafoi	d̥ s u ɐ̯ f ɔ e
zuan	d̥ s u ɐ̯ n
zund	t͡s u n d̥
zung	t s u ŋ
zurn	d̥ s u ɐ̯ n
zwarer	d̥ s v aː r ɐ
zwiefe	t͡s v iː β ɛ
zwiewe	t͡s v iː β ɛ
zähnt	d̥ s e̞ː n d̥
zåhn	d̥ s ɒ̃ː n
zåhnradl	d̥ s ɒ̃ː n r ɑː d̥ l̩
zün	t͡s yː n
aa	ɑː
aans	ɑː n s
acht	ɑ x t
alla	ɑ l ɑː
allanig	ɑ l ɑː n i ç
alloa	ɑ l ɔ ɐ̯
amoi	aː m ɔ e
ans	ɑˑ n s
aufblattln	ɑ ɔ̯ f b̥ l ɑˑ d̥ l̩ n
auffa	a fː ɐ
auffe	ɑ ɔ̯ f ɛ
auffi	a fː e
auffiarn	ɑ ɔ̯ fː i ɐ̯ n
auffün	ɑ ɔ̯ fː yː n
aufmåchn	ɑ ɔ̯ f m ɔ x ɴ̩
aufregn	ɑ ɔ̯ f r eː ŋ
ausfün	ɑ ɔ̯ s f yː n
ausgschamt	a u̯ s ɡ̥ ʃ ɑː m d̥
aussa	a sː ɐ
ausse	a u̯ sː ɛ
aussi	a sː i
badln	b̥ ɑː d̥ l̩ n
badlt	b̥ ɑː d̥ l d̥
banln	b̥ ɑː n l̩ n
banlt	b̥ ɑː n l d̥
bedeitn	b̥ e̞ d̥ ɑ ɛ̯ d̥ː n̩
bediena	b̥ e̞ d̥ iː n ɐ
bedienan	b̥ e̞ d̥ iː n ɐ n
beicht	b̥ æː ç d̥
beidln	b̥ æː d̥ l̩ n
beinånd	b̥ a ɛ̯ n ɔ n d̥
beinånder	b̥ a ɛ̯ n ɒ n d̥ ɐ
bes	b̥ ɛ i̯ s
bessa	b̥ e s ɐ
bettn	b̥ e tː n̩
biaschtln	b̥ i ɐ ʃ d̥ l̩ n
bindn	b̥ i n d n̩
bittschee	b̥ i d̥ ʃ eː
blad	b̥ l ɑː d̥
blahn	b̥ l aː n
blau	b̥ l a ʊ̯
blearn	b̥ l e ɐ̯ n
bleckn	b̥ l e kː ŋ̩
bled	b̥ l eː d̥
bleibn	b̥ l æː m̩
bliatn	b̥ l i ɐ̯ d̥ː n̩
blåsn	b̥ l ɔː s n̩
boid	b̥ ɔ e d̥
brad	b̥ r ɑː d̥
brandln	b̥ r ɑ n d̥ l̩ n
brauchn	b̥ r ɑ ɔ̯ x ŋ
braun	b̥ r a ʊ̯ n
brenna	b̥ r e n ɐ
bringa	b̥ r i ŋ ɐ
broad	b̥ r ɔ ɐ̯ d̥
brunzln	b̥ r u n t͡s l̩ n
brunzn	b̥ r u n d̥ː s n̩
bschäftign	b̥ ʃ e̞ f d̥ i ɡ̥ ŋ̩
bsuachn	b̥ s u ɐ̯ x ŋ
bsuacht	b̥ s u ɐ̯ x d̥
bsuffa	p s u fː ɐ
bsunder	b̥ s u n d̥ ɐ
bsunders	b̥ s u n d̥ ɐ s
båcha	b̥ ɒː x ɐ
båchn	b̥ ɔ x ŋ̩
båmstig	b̥ ɒ̃ m s d̥ ɪ ɡ̥
böckln	b̥ e̞ ɡ̥ː l̩ n
böcklt	b̥ ɛ ɡ̥ l d̥
büllich	b̥ y l i ç
büsln	b̥ yː s l̩ n
d'ehre	d̥ e ɐ̯ r ɛ
daad	d̥ aː d̥
daaß	d̥ aː s
dad	d̥ aː d̥
daham	d̥ ɑ h ɑː m
dahoam	d̥ ɑ h ɔ ɐ̯ m
damisch	d̥ ɑˑ m i ʃ
dauna	d̥ ɑ ɔ̯ n ɐ
daune	d̥ ɑ ɔ̯ n ɛ
dauni	d̥ ɑ ɔ̯ n i
dawei	d̥ ɐ v ɑ ɛ̯
dawäu	d̥ ɐ v ɶː
daß	d̥ aː s
deafn	d̥ e̞ ɐ̯ f n̩
dearisch	d̥ ɛ r i ʃ
dei	d̥ æː
deiner	d̥ æː n ɐ
deitn	d̥ æː d̥ː n̩
deitsch	d̥ a i̯ t͡ʃ
denkn	d̥ e ŋ ɡ̥ː ŋ
denkt	d̥ e ŋ ɡ̥ː d̥
deppert	d̥ ɛ b̥ː ɐ d̥
derfa	d̥ e ɐ̯ fː ɐ
derfn	d̥ e ɐ̯ fː ɱ̩
derglengan	d̥ ɐ ɡ̥ l e̞ ŋ ɐ n
derisch	d̥ ɛ r i ʃ
derstessn	d̥ ɐ ʃ d̥ ɛ sː n̩
derwischn	d̥ ɐ v i ʃ n̩
derwoatn	d̥ ɐ v ɔ ɐ̯ d̥ n̩
derzöhn	d ɐ d̥ s œː n
des	d eː s
diafn	d̥ i ɐ̯ f n̩
do	d̥ oː
doa	d̥ o ɐ̯
dodln	d̥ oː d l̩ n
dort	d̥ o r t
dortn	d̥ ɔ ɐ d̥ː n̩
dou	d̥ ɔ u̯
drahn	d̥ r aː n
dramhappert	d̥ r ɑː m h ɑ b̥ː ɐ t
dramma	d̥ r a m ɐ
draußt	d̥ r ɒː s t
dreckert	d̥ r e̞ ɡ̥ː ɐ d̥
drei	d̥ r æː
dringa	d̥ r i ŋ ɐ
drobn	d̥ r oː m
druckn	d̥ r u ɡ̥ː ŋ̩
duart	d̥ u ɐ̯ t
duatn	d̥ ʊ ɐ d̥ː n̩
dumper	d̥ u m b̥ː ɐ
durtn	d̥ ʊ ɐ d̥ː n̩
då	d̥ ɔː
dånkn	d̥ ɒ̃ ŋ ɡ̥ ɴ̩
dåss	d ɔ s
eahm	e ɐ̯ m
eahna	e ɐ̯ n ɐ
eich	a i̯ ç
eifoarn	æː f ɔ ɐ n
eifühn	æː f yː n
eifün	æː f yː n
eina	a i̯ n ɐ
einahn	a ɛ̯ n ɑː n
eine	a ɛ̯ n ɛ
einedrahn	æː n ɛ d̥ r ɑː n
einfoarn	æː f ɔ ɐ n
eini	a i̯ n i
eireißn	a ɛ̯ r a ɛ̯ s n̩
eischlåfn	æː ʃ l ɔ f ɱ̩
eisoizn	æː s ɔ e̯ d̥ s n̩
ejf	ɛ e f
enk	e ŋ k
enterisch	e̞ n d̥ː ɐ r i ʃ
entrisch	e̞ n d̥ː r i ʃ
entsoizn	e n d̥ s ɔ e̯ d̥ s n̩
er	e ɐ̯
erfün	ɛ ɐ̯ f yː n
essn	e sː n̩
eß	e s
fad	f ɑː d̥
fia	f i ɐ̯
fiachtn	f i ɐ x d̥ n̩
fiara	f iː ɐ̯ r ɐ
fiare	f iː ɐ̯ r ɛ
fiari	f iː ɐ̯ r i
fiarn	f i ɐ̯ n
fimf	f i m f
findn	f i n d n̩
fischln	f i ʃ l̩ n
flauchn	f l ɑ ɔ x ŋ̩
flåch	f l ɔ χ
foarn	f ɔ ɐ̯ n
foign	f ɔ e ɡ̥ ŋ̩
foin	f ɔ e n
fois	f ɔ e s
foitn	f ɔ e d̥ː n̩
fressn	f r e sː n̩
friah	f r i ɐ̯
frågn	f r ɔː ŋ
frånk	f r ɒ̃ ŋ k
fäuln	f ɶː n
fånga	f ɒ ŋ ɐ
fångan	f ɒ̃ ŋ ɐ n
fön	f œː n
gach	ɡ̥ ɑː χ
gatscht	ɡ̥ ɑ d̥ ʃ d̥
gebn	ɡ̥ eː m
geh	ɡ̊ eː
gejb	ɡ̊ ɛ i̯ b̥
gemma	ɡ̥ ɛ m ɐ
gflogn	ɡ̥ f l oː ŋ
gfoin	ɡ̥ f ɔ e n
gfrein	ɡ̥ f r æː n
gfäult	ɡ̥ f ɶː d̥
ghabt	ɡ̊ h ɒ b̥ t
ghearn	kʰ e̞ ɐ̯ n
ghoidn	kʰ ɔ e̯ d n̩
giftln	ɡ̥ i f d̥ l̩ n
glabn	ɡ̊ l aː m
glaubn	ɡ̥ l ɑ ɔ̯ m
glei	ɡ̥ l æː
gleich	ɡ̥ l æː ç
glånga	ɡ̊ l ɒ ŋ ɐ
gneißn	ɡ̥ n æː s n̩
gnua	ɡ̥ n u ɐ
goaschtig	ɡ̥ ɔ ɐ̯ ʃ d̥ i k
grantig	ɡ̥ r ɑ n t ɪ k
grantln	ɡ̥ r ɑ n d̥ː l̩ n
grau	ɡ̊ r a ʊ̯
grea	ɡ̊ r e ɐ̯
greißlich	ɡ̥ r æː s l i ç
griaßlert	ɡ̥ r i ɐ s l ɐ d̥
griaßn	ɡ̥ r i ɐ̯ s n̩
grindig	ɡ̥ r i n d i ɡ̥
groß	ɡ̊ r o u̯ s
gschamig	ɡ̥ ʃ ɑː m i ɡ̥
gschamt	ɡ̥ ʃ ɑː m d̥
gschegn	ɡ̥ ʃ e̞ ŋ
gschehn	k ʃ e̞ː n
gscheid	ɡ ʃ a ɪ̯ t
gschissn	ɡ̥ ʃ ɪ s n̩
gschnidn	ɡ̥ ʃ n iː d̥ː n̩
gschupft	ɡ̥ ʃ u b̥ f d̥
gschwind	ɡ̥ ʃ v i n d̥
gspickt	ɡ̥ ʃ b̥ ɪ ɡ̥ d̥
gspiebm	ɡ̥ ʃ b̥ iː m
gstinkert	ɡ s c h d i n ɡ à d
gsund	ɡ̥ s u n d̥
guad	ɡ̥ u ɐ̯ d̥
gunnan	ɡ̥ u n ɐ n
gusch	ɡ̥ uː ʃ
gwen	ɡ̊ β eː n
gwåmpert	ɡ̥ v ɒ̃ m b̥ː ɐ d̥
gånz	ɡ̥ ɒ̃ n d̥ s
gö	ɡ̥ œ
gölb	ɡ̊ œ l b̥
götn	ɡ̥ œ d̥ː n̩
gööb	ɡ̥ œː b̥
hackln	h ɑ ɡ̥ː l̩ n
haglich	h ɑː ɡ̥ l i ç
haid	h a ɪ̯ d
happig	h ɑ b̥ː i ç
hatschert	h ɑː d̥͡ʃ ɐ d̥
haßn	h ɑː s n̩
hearn	h e̞ ɐ̯ n
hebn	h eː m
heier	h æː ɐ
her	h e ɐ̯
herobn	h e ɐ̯ r oː m
hi	h iː
hinich	h iː n i ç
hinig	h iː n i ç
hinta	h i n tː ɐ
hinti	h i n tː i
hintra	h i n t r ɐ
hintre	h i n t r ɛ
hintri	h i n t r i
hoaglich	h ɔ ɐ̯ ɡ̥ l i ç
hoat	h ɔ ɐ̯ d̥
hoaß	h aː s
hoaßn	h ɔ ɐ̯ s n̩
hoib	h o e b̥
hoiber	h o e b̥ ɐ
hoibert	h o e b̥ ɐ d̥
hoidn	h ɔ e̯ d n̩
hoin	h o e̯ n
huachn	h u ɐ̯ x ŋ
hudln	h uː d̥ l̩ n
hundln	h u n d̥ l̩ n
hupfa	h u b̥ f ɱ̩
hupfn	h u b̥ f ɱ̩
hängan	h ɛ ŋ ɐ n
håbn	h ɒː m
håmma	h ɔ m ɐ
höfn	h œː f ɱ̩
i	i
iatz	i ɐ̯ t͡s
ihr	i ɐ̯
ihrer	i ɐ̯ r ɐ
is	i s
iwahaps	i β ɐ h ɑ b̥ s
iwahaupt	i β ɐ h ɑ ɔ̯ b̥ d̥
iwahaupts	i β ɐ h ɑ ɔ̯ b̥ d̥ s
iwalegn	i β ɐ l e̞ː ŋ
jeiern	j æː ɐ n
jessas	j e̞ s ɑ s
jo	j oː
jå	j ɒː
jågn	j ɔː ŋ
jössas	j ø s ɑ s
kaffa	k ɑ f ɐ
kafn	k ɑː f ɱ̩
kasln	kʰ ɑː s l̩ n
kaufn	k ɒː f ɱ̩
kemma	k e m ɐ
kemman	k ɛ m ɐ n
kenna	kʰ e n ɐ
keppln	kʰ e̞ b̥ː l̩ n
kla	ɡ̥ l aː
klaa	ɡ̥ l aː
kleschn	ɡ̥ l e̞ ʃ n̩
kloa	ɡ̥ l ɔ ɐ̯
kloan	kˣ l ɔ ɐ̯ n
klågn	ɡ̥ l oː ŋ
knotzn	ɡ̥ n ɔ t͡s n̩
koa	k o ɐ̯
kocha	k o̞ː x ɐ
kochn	k o̞ː x ŋ̩
koid	kʰ oː e d̥
kostn	kʰ oː s d̥ n̩
krahn	ɡ̊ r aː n
kriagn	ɡ̥ r i ɐ̯ ŋ
kräuln	ɡ̥ r ɶː l n̩
kråchn	k r ɔ χ ŋ̩
kumma	k u m ɐ
kumman	k u m ɐ n
laar	l aː
ladtuan	l ɑ d̥ˑ u ɐ̯ n
laffa	l a fː ɐ
lar	l aː
laufn	l ɑ ɔ̯ f ɱ̩
learna	l e̞ ɐ̯ n ɐ
lebn	l eː m
legn	l e̞ː ŋ
leicht	l æː ç d̥
lesn	l eː s n̩
letschert	l eː d̥ ʃ ɐ d̥
liab	l i ɐ̯ b̥
liagn	l i ɐ̯ ŋ
liegn	l iː ŋ
lila	l iː l ɐ
låcha	l ɒː x ɐ
låchn	l ɔ x ŋ̩
lådn	l ɔː d n̩
låssn	l ɔ s n̩
ma	m ɑ
mah	m ɑ
malad	m ɑ l ɑː d̥
manan	m ɑː n ɐ n
marod	m ɑ r oː d̥
mechtn	m e̞ x d̥ n̩
megn	m e̞ː ŋ
mei	m æː
meiner	m æː n ɐ
mia	m i ɐ̯
miachtln	m i ɐ̯ x d̥ l̩ n
miassn	m i ɐ̯ sː n̩
mischn	m i ʃ n̩
mitfühn	m i d̥ f yː n
moihn	m ɔ e̯ n
moin	m ɔ e̯ n
murgn	m u ɐ ŋ
måcha	m ɒː x ɐ
måchn	m ɔ x ŋ̩
måtschkern	m ɔ d̥ ʃ ɡ̥ ɐ n
mödn	m œː d̥ n̩
naa	n ɑː
narrisch	n ɑˑ r i ʃ
nauf	n a u̯ f
naus	n a u̯ s
nebn	n eː m
ned	n eː d̥
nehman	n e̞ m ɐ n
neich	n a ɪ̯ x
nein	n æː n
net	n e d̥
nia	n i ɐ̯
niachtern	n i ɐ̯ x t ɐ n
nimmer	n i m ɐ
nix	n i k s
no	n o
nå	n ɔ i̯
nåch	n ɔː x
nåcher	n ɔ x ɐ
nåchfün	n ɔː x f yː n
nåchsoizn	n ɔː x s ɔ e̯ d̥ s n̩
nåckert	n ɔ ɡ̥ ɐ d̥
nåss	n ɔ s
oans	ɔ ɐ̯ n s
oarg	ɔ ɐ̯ ɡ̥
oaweitn	ɔ ɐ β ɑ ɛ̯ d̥ n̩
obrenna	oː b̥ r ɛ n ɐ
oid	ɔ e d̥
ois	ɔ ɛ̯ s
oiwei	ɔ ɛ̯ β ɑ ɛ̯
oransch	o r a n ʃ
palästern	p a l ɛ s t aː n
paniern	b̥ ɑ n iː ɐ̯ n̩
passn	b̥ ɑ s n̩
pempern	b̥ ɛ m p ɐ n
pflanzn	b̥ f l ɑ n d̥ s n̩
pfurzn	p f ʊ ɐ̯ t s n̩
pickig	b̥ i ɡ̥ i ɡ̥
pickn	b̥ i ɡ̥ː ɴ̩
picksiaß	b̥ i ɡ̥ː s i ɐ̯ s
pischn	b̥ i ʃ n̩
plågn	b̥ l ɔː ŋ
prackn	b̥ r ɑ ɡ̥ː ŋ
pudern	b̥ uː d̥ ɐ n
pumperlgsund	b̥ u m b̥ː ɐ l ɡ̥ s u n d̥
pumpern	b̥ u m b̥ː ɐ n
påtschert	b̥ ɔ d̥ ʃ ɐ d̥
raffa	r a fː ɐ
rafn	r ɑ f ɱ̩
rama	r a m a
rass	r à s s
ratschn	r ɑː d̥ ʃ n̩
rearn	r e̞ ɐ̯ n
reckn	r e̞ ɡ̥ː ŋ̩
redn	r eː n
regna	r e̞ː ŋ ɐ
regnan	r e̞ː ŋ ɐ n
reichn	r æː ç ɴ̩
reidig	r æː d ɪ k
reisn	r æː s n̩
reißn	r æː sː n̩
rennan	r e̞ n ɐ n
riarn	r i ɐ̯ n
richtn	r i ç d̥ː n̩
roasn	r o ɐ̯ s n̩
rod	r o u̯ d̥
roin	r o e̯ n
rosa	r oː s ɐ
roud	r o u̯ d̥
ruafn	r u ɐ f ɱ̩
saftln	s ɑ f d̥ l̩ n
samma	s a m ɐ
sandln	s ɑ n d̥ l̩ n
saufa	s a u̯ f ɐ
saufn	s ɑ ɔ fː ɴ̩
schaman	ʃ ɑː m ɐ n
schasln	ʃ ɑː s l n̩
schaugn	ʃ ɑ ɔ̯ ŋ
schaun	ʃ ɑ ɔ̯ n
scheangln	ʃ ɛ ɐ̯ ŋ l̩ n
schee	ʃ eː
scheißn	ʃ æː s n̩
schejßn	ʃ e i̯ s n̩
schiabn	ʃ i ɐ m
schiach	ʃ i ɐ̯ x
schiagln	ʃ i ɐ̯ ɡ̥ l̩ n
schiaßn	ʃ i ɐ̯ s n̩
schimpln	ʃ i m b̥ː l̩ n
schittn	ʃ i d̥ː n̩
schlatzn	ʃ l ɑ d̥ s n̩
schleichn	ʃ l æː ç ɴ̩
schlåffa	ʃ l ɒ fː ɐ
schlåfn	ʃ l ɔ f ɱ̩
schlågn	ʃ l ɔː ŋ
schlåmpert	ʃ l ɒ̃ m b̥ː ɐ d̥
schmeißn	ʃ m a i̯ sː n̩
schmoi	ʃ m ɔ e
schneibn	ʃ n æː m
schneidn	ʃ n æː n̪ː
schniarn	ʃ n i ɐ̯ n
schnoacha	ʃ n ɔ ɐ̯ x ɐ
schnoachn	ʃ n ɔ ɐ̯ x ŋ
schnö	ʃ n œː
schoitn	ʃ ɔ e̯ d̥ː n̩
schreibn	ʃ r æː m
schwaar	ʃ ʋ aː
schwar	ʃ ʋ aː
schweißln	ʃ v æː s l̩ n
schwoarz	ʃ β o ɐ̯ t͡s
schwåch	ʃ v ɔ x
schåd	ʃ ɔ d̥
schåffn	ʃ ɔ f ɱ̩
schön	ʃ œː n
seas	s e̞ ɐ̯ s
sechs	s e ɡ̊ s
sei	s æː
seid	s æː d̥
seiner	s æː n ɐ
servas	s e̞ ɐ̯ v ɑ s
servus	s e̞ ɐ̯ v u s
setzn	s e̞ d̥ s n̩
siaß	s i ɐ̯ s
siaßn	s i ɐ̯ sː n̩
siebm	s iː m
singa	s i ŋ ɐ
sitzn	s i d̥ s n̩
sogn	s oː ŋ
sogår	s o̞ ɡ̥ ɔ ɐ̯
soizn	s ɔ e̯ d̥ s n̩
spad	ʃ b̥ aː d̥
spechtln	ʃ b̥ e̞ ç d̥ l̩ n
spechtn	ʃ b̥ e̞ ç d̥ l n̩
speibm	ʃ b̥ æː m
speibn	ʃ b̥ æː m̩
spiarn	ʃ b̥ i ɐ̯ n
spinna	ʃ b̥ i n ɐ
spuin	ʃ b̥ u i̯ n
spåd	ʃ b̥ ɔː d̥
spün	ʃ b̥ yː n
stad	ʃ d̥ ɑˑ d̥
stampern	ʃ d̥ ɑ m b̥ː ɐ n
stanzn	ʃ d̥ ɑ n d̥ː s n̩
stearn	ʃ d̥ e̞ ɐ̯ n
steh	ʃ d̥ eː
sterbn	ʃ d̥ ɛ ɐ̯ m
stessn	ʃ d̥ ɛ sː n̩
stierln	ʃ d̥ i ɐ̯ l n̩
stinga	ʃ d̥ i ŋ ɡ ɐ
stinkert	ʃ d̥ i ŋ ɡ̥ː ɐ d̥
stinkn	ʃ d̥ i ŋ ɡ̥ ɴ̩
stitzn	ʃ d̥ i d̥ s n̩
strafn	ʃ d̥ r ɑː f ɱ̩
strawanzn	ʃ d̥ r ɑ β ɑ n t s n̩
stråfn	ʃ d̥ r ɔː f ɱ̩
stårk	ʃ d̥ ɔ ɐ̯ ɡ̥
stått	ʃ d̥ ɔ d̥
stöhn	ʃ d̥ œː n
stön	ʃ t œ n
suacha	s u ɐ x ɐ
suachn	s u ɐ x ŋ
surgn	s u ɐ̯ ŋ
sågn	s oː ŋ
söbe	s œ β e̞
söber	s œ β ɐ
tamma	d̥ ɑ m ɐ
taugn	d̥ ɑ ɔ̯ ŋ
teier	d̥ æː ɐ
todln	d̥ oː d l̩ n
treffn	d̥ r e̞ f n̩
trennan	t r e̞ n ɐ n
tretn	d̥ r eː d̥ n̩
trickern	d̥ r i ɡ̥ː ɐ n
trinkn	d̥ r i ŋ ɡ̥ː ŋ
trågn	d̥ r oː ŋ
tuan	d̥ u ɐ̯ n
tummln	d̥ u m l̩ n
täuln	d̥ ɶ ɫ n̩
tånzn	d̥ ɒ̃ː n d̥ s n̩
umadum	u m ɐ d̥ u m
umfün	u m f yː n
umma	u mː ɐ
umme	u mː ɛ
ummi	u mː i
und	u n t
ur	u ɐ̯
urblaad	u ɐ̯ b̥ l ɑː d̥
urblad	u ɐ̯ b̥ l ɑː d̥
urdeppert	u ɐ̯ d̥ ɛ b̥ː ɐ d̥
urfad	u ɐ̯ f ɑː d̥
urguad	u ɐ̯ ɡ̥ u ɐ̯ d̥
urkla	u ɐ̯ ɡ̥ l ɑː
urklaa	u ɐ̯ ɡ̥ l ɑː
urkoid	u ɐ̯ kʰ ɔ e d̥
uroid	u ɐ̯ ɔ e d̥
urschiach	u ɐ̯ ʃ i ɐ̯ x
urteier	u ɐ̯ d̥ æː ɐ
vej	f e i̯
verliern	f ɐ l iː ɐ̯ n̩
vernådern	f ɐ n ɔː d̥ ɐ n
verruckt	f ɐ r u ɡ̥ d̥
versiaßn	f ɐ s i ɐ̯ sː n̩
versoizn	f ɐ s ɔ e̯ d̥ s n̩
versteh	f ɐ ʃ d̥ eː
vertrickern	f ɐ d̥ r i ɡ̥ː ɐ n
vier	f i ɐ̯
vif	v i f
violett	f i o l ɛ t
vo	f oː
voi	f o e
voifün	f o e f yː n
vui	f u i̯
vü	f ʏ
waach	v ɑː x
waar	β aː
wach	v ɑː x
war	ʋ aː
waschln	v ɑ ʃ l̩ n
waschlnåss	v a ʃ l̩ n ɒ s
wean	v e̞ ɐ̯ n
wegn	ʋ eː ŋ
wei	v ɑ ɛ̯
weiß	v æː s
weng	ʋ e ŋ
wergln	β e ɐ̯ ɡ̊ l̩ n
wia	v i ɐ̯
wickln	v i ɡ̥ː l̩ n
wieder	v i d̥ ɐ
winschn	v i n ʃ n̩
wirkle	v i ɐ ɡ̥ l e̞
wirkli	v i ɐ ɡ̥ l e̞
wischn	v i ʃ n̩
wissen	v i s n̩
wissn	v i sː n̩
wo	v oː
woach	v ɑː x
woana	ʋ o ɐ̯ n ɐ
woar	v ɔ ɐ̯
woatn	v ɔ ɐ̯ d̥ n̩
woi	v o e
woifühn	v o e f yː n
woin	v o̞ e n
wos	v ɔː s
wåch	v ɒ x
wåchsn	v ɔ ɡ̥ s n̩
wåmpert	v ɒ̃ m b̥ː ɐ d̥
wånn	v ɒ̃ n
wår	v ɒː
wårm	v ɔ ɐ̯ m
wås	v ɔː s
wåschn	v ɔ ʃ n̩
wöhn	v œː n
wüd	v yː d̥
z'Fleiß	t͡s f l a ɛ̯ s
z'haus	t͡s ɑ ɔ̯ s
zaach	t͡s ɑː x
zach	t͡s ɑː x
zagn	d̥ s ɑː ŋ
zamm	t s ɒ m
zawås	d̥ s ɐ β ɔ s
zeascht	t͡s ɛ ɐ̯ ʃ d̥
zehn	t͡s e ɐ̯
zerscht	t͡s ɛ ɐ̯ ʃ d̥
ziagn	t͡s i ɐ̯ ŋ
zindln	d̥ s i n d l̩ n
zindn	d̥ s i n d̥ n̩
zletzt	t͡s l e̞ t͡s d̥
zoagn	d̥ s ɔ ɐ̯ ŋ
zoin	d̥ s ɔ e n
zruck	d̥ s r u ɡ̥ː
zuadrahn	t͡s u ɐ̯ d̥ r ɑː n
zuwa	t͡s uˑ β ɐ
zuwe	t͡s uˑ β ɛ
zuwi	t͡s uˑ β i
zuzln	t͡s uː t͡s l̩ n
zwaa	t͡s v ɑː
zwejf	d̥ s v ɛ e f
zwider	t͡s v iː d̥ ɐ
zwischen	t͡s β i ʃ n̩
zwoa	t͡s β ɔ ɐ̯
zwöfe	d̥ s v œː f ɛ
zwööf	d̥ s v œː f
zåmm	d̥ s ɒ̃ m
zåmmbringa	d̥ s ɒ̃ m b̥ r i ŋ ɐ
zåmmessn	d̥ s ɒ̃ m e sː n̩
zåmmfressn	d̥ s ɒ̃ m f r e sː n̩
zåmmredn	d̥ s ɒ̃ m r eː n
zåmmscheißn	d̥ s ɒ̃ m ʃ æː s n̩
zårt	t͡s ɔ a̯ t
zöhn	d̥ s œː n
åbend	ɒ̃ː m b̥ d̥
åchter	ɔ x d̥ ɐ
åff	ɔ f
ågråsl	ɔ ɡ̥ r ɔ s l̩
ågråsln	ɔ ɡ̥ r ɔ s l̩ n
åmasn	ɒ̃ˑ m ɑː s n̩
åmeisn	ɒ̃ˑ m æː s n̩
ångscht	ɔ ŋ ɡ̥ ʃ d̥
ångst	ɒ̃ː ŋ ɡ̥ s d̥
åpfe	ɔ b̥ː f œ
årt	ɔ ɐ̯ t
årzt	ɔ ɐ d̥ s d̥
östareich	øː s t ɐ ʁ a ɪ̯ ç
ööbogn	œː b̥ o̞ː ŋ
öön	œː n
öönbogn	œː n b̥ o̞ː ŋ
åbrenna	ɒ̃ː b̥ r ɛ n ɐ
åcht	ɔ x t
ådrahn	ɔ d̥ r ɑː n
ådraht	ɔ d̥ r ɑː d̥
åfäuln	ɒ̃ː f ɶː n
åfånga	ɒ̃ː f ɒ̃ ŋ ɐ
åfühn	ɒ̃ː f yː n
åfün	ɒ̃ː f yː n
ågriat	ɒ̃ː ɡ̥ r iː ɐ̯ d̥
åhaun	ɒ̃ː h ɒː n
åi	ɔ e̯
åkragln	ɔː ɡ̥ r ɑ ɡ̥ l̩ n
ålassig	ɒ̃ː l ɑ s i ɡ̥
ållawäu	ɔ l ɐ β ɑ ɛ̯
åm	ɒ̃ m
årian	ɒ̃ː r iː ɐ̯ n
årwatn	o ɐ̯ β ɐ n
åtmen	ɔ d̥ m ɐ n
åwa	ɒː ʋ ɐ
åwe	ɔː β̞ ɛ
åwi	ɔː β̞ e
öfe	œː f ɛ
ös	e s
öß	e s
ööf	œː f
